-- phpMyAdmin SQL Dump
-- version 4.7.9
-- https://www.phpmyadmin.net/
--
-- Hôte : 127.0.0.1:3306
-- Généré le :  mer. 07 nov. 2018 à 12:06
-- Version du serveur :  5.7.21
-- Version de PHP :  7.2.4

SET SQL_MODE = "NO_AUTO_VALUE_ON_ZERO";
SET AUTOCOMMIT = 0;
START TRANSACTION;
SET time_zone = "+00:00";


/*!40101 SET @OLD_CHARACTER_SET_CLIENT=@@CHARACTER_SET_CLIENT */;
/*!40101 SET @OLD_CHARACTER_SET_RESULTS=@@CHARACTER_SET_RESULTS */;
/*!40101 SET @OLD_COLLATION_CONNECTION=@@COLLATION_CONNECTION */;
/*!40101 SET NAMES utf8mb4 */;

--
-- Base de données :  `scrum`
--
CREATE DATABASE IF NOT EXISTS `scrum` DEFAULT CHARACTER SET latin1 COLLATE latin1_swedish_ci;
USE `scrum`;

-- --------------------------------------------------------

--
-- Structure de la table `attribution`
--

DROP TABLE IF EXISTS `attribution`;
CREATE TABLE IF NOT EXISTS `attribution` (
  `id` int(11) NOT NULL AUTO_INCREMENT,
  `heure` smallint(6) DEFAULT NULL,
  `Label` varchar(250) DEFAULT NULL,
  `id_Sprint` int(11) DEFAULT NULL,
  `id_Employe` int(11) DEFAULT NULL,
  `id_Projet` int(11) DEFAULT NULL,
  `id_Caracteristiques` int(11) DEFAULT NULL,
  `id_TypeTache` int(11) DEFAULT NULL,
  PRIMARY KEY (`id`),
  KEY `FK_Attribution_id_Sprint` (`id_Sprint`),
  KEY `FK_Attribution_id_Employe` (`id_Employe`),
  KEY `FK_Attribution_id_Projet` (`id_Projet`),
  KEY `FK_Attribution_id_Caracteristiques` (`id_Caracteristiques`),
  KEY `FK_Attribution_id_TypeTache` (`id_TypeTache`)
) ENGINE=InnoDB AUTO_INCREMENT=2974 DEFAULT CHARSET=latin1;

--
-- Déchargement des données de la table `attribution`
--

INSERT INTO `attribution` (`id`, `heure`, `Label`, `id_Sprint`, `id_Employe`, `id_Projet`, `id_Caracteristiques`, `id_TypeTache`) VALUES
(69, 5, '?', 3, 54, 24, NULL, NULL),
(72, 5, '?', 3, 41, 24, NULL, NULL),
(73, 2, '?', 3, 54, 89, NULL, NULL),
(74, 2, '?', 3, 20, 89, NULL, NULL),
(75, 21, '?', 3, 54, 89, NULL, NULL),
(76, 7, '?', 3, 54, 89, NULL, NULL),
(77, 1, '?', 3, 54, 89, NULL, NULL),
(78, 1, '?', 3, 42, 89, NULL, NULL),
(79, 16, '?', 3, 42, 89, NULL, NULL),
(80, 16, '?', 3, 20, 89, NULL, NULL),
(81, 14, '?', 3, 54, 89, NULL, NULL),
(82, 3, '?', 3, 42, 89, NULL, NULL),
(83, 3, '?', 3, 20, 89, NULL, NULL),
(84, 3, '?', 3, 54, 89, NULL, NULL),
(85, 5, '?', 3, 54, 89, NULL, NULL),
(86, 5, '?', 3, 20, 89, NULL, NULL),
(88, 3, 'Ressources peuvent changer leur couleur', 3, 22, 23, NULL, NULL),
(89, 2, 'Remplacer les listes de projets & ressuorces par seulement ceux actif + en cours', 3, 22, 23, NULL, NULL),
(90, 3, 'Possibilité de per-programming', 3, 22, 23, NULL, NULL),
(91, 2, 'orthographe a corriger + certains mots a changer', 3, 22, 23, NULL, NULL),
(92, 1, 'Empêcher les ressources non scrum master d’accéder aux autre page par le lien', 3, 22, 23, NULL, NULL),
(93, 1, 'Accès a plus de page pour les non scrum master dashboard, rétro, interference, etc..', 3, 22, 23, NULL, NULL),
(94, 2, 'Page de news pour tenir au courant les gens', 3, 22, 23, NULL, NULL),
(95, 8, 'Trouver une façon de faire nue backup des rétrospectives', 3, 22, 23, NULL, NULL),
(96, 4, 'System d\'ajout de plusieurs heures ..+..+..', 3, 22, 23, NULL, NULL),
(97, 3, 'Ressources peuvent avoir un pseudo', 3, 22, 23, NULL, NULL),
(98, 3, 'Table pour afficher total heures attribuées par ressources & projets', 3, 22, 23, NULL, NULL),
(99, 1, 'Nom de famille dans table car possible duplicata du prénom', 3, 22, 23, NULL, NULL),
(100, 4, 'Supprimer tout le css en dur par du css dynamique (classes)', 3, 22, 23, NULL, NULL),
(101, 3, 'changer le statut d\'objectifs plus facilement', 3, 22, 23, NULL, NULL),
(102, 3, 'Créer directement un mail pour la rétro', 3, 22, 23, NULL, NULL),
(103, 5, 'Laisser les ressources avoir un avatar custom', 3, 22, 23, NULL, NULL),
(104, 5, 'Laisser les ressources la possibilité de mettre un label a leurs heures', 3, 22, 23, NULL, NULL),
(105, 1, 'Afficher toutes les cards, restriction par ressources innutiles', 3, 22, 23, NULL, NULL),
(106, 1, 'Navbar active dès le chargement de la page', 3, 22, 23, NULL, NULL),
(107, 2, '?', 3, 50, 20, NULL, NULL),
(108, 1, '?', 3, 50, 20, NULL, NULL),
(109, 5, '?', 3, 50, 20, NULL, NULL),
(110, 3, '?', 3, 50, 20, NULL, NULL),
(111, 2, '?', 3, 50, 20, NULL, NULL),
(112, 7, '?', 3, 50, 20, NULL, NULL),
(113, 1, '?', 3, 50, 20, NULL, NULL),
(114, 4, '?', 3, 50, 20, NULL, NULL),
(115, 2, '?', 3, 50, 20, NULL, NULL),
(116, 2, '?', 3, 50, 82, NULL, NULL),
(117, 1, '?', 3, 50, 82, NULL, NULL),
(118, 7, '?', 3, 50, 82, NULL, NULL),
(119, 1, '?', 3, 50, 82, NULL, NULL),
(120, 4, '?', 3, 50, 82, NULL, NULL),
(121, 4, '?', 3, 50, 24, NULL, NULL),
(122, 7, '?', 3, 50, 24, NULL, NULL),
(123, 2, '?', 3, 50, 23, NULL, NULL),
(124, 5, 'installer nouvelle imprimante', 3, 22, 23, NULL, NULL),
(125, 7, '?', 3, 53, 23, NULL, NULL),
(126, 12, '?', 3, 53, 24, NULL, NULL),
(127, 11, '?', 3, 53, 24, NULL, NULL),
(128, 8, '?', 3, 53, 24, NULL, NULL),
(129, 4, '?', 3, 53, 55, NULL, NULL),
(130, 3, '?', 3, 53, 55, NULL, NULL),
(131, 8, '?', 3, 20, 69, NULL, NULL),
(132, 7, '?', 3, 20, 10, NULL, NULL),
(133, 2, '?', 3, 42, 26, NULL, NULL),
(134, 13, '?', 3, 42, 26, NULL, NULL),
(135, 7, '?', 3, 42, 69, NULL, NULL),
(136, 3, '?', 3, 42, 23, NULL, NULL),
(137, 4, '?', 3, 57, 88, NULL, NULL),
(138, 2, '?', 3, 57, 88, NULL, NULL),
(139, 4, '?', 3, 57, 88, NULL, NULL),
(140, 7, '?', 3, 57, 88, NULL, NULL),
(141, 7, '?', 3, 57, 88, NULL, NULL),
(142, 7, '?', 3, 57, 88, NULL, NULL),
(143, 7, '?', 3, 57, 88, NULL, NULL),
(144, 4, '?', 3, 57, 88, NULL, NULL),
(145, 4, '?', 3, 57, 88, NULL, NULL),
(146, 3, '?', 3, 57, 88, NULL, NULL),
(147, 1, '?', 3, 57, 88, NULL, NULL),
(148, 4, '?', 3, 57, 88, NULL, NULL),
(149, 2, '?', 3, 58, 84, NULL, NULL),
(150, 2, '?', 3, 58, 84, NULL, NULL),
(151, 2, '?', 3, 58, 84, NULL, NULL),
(152, 2, '?', 3, 58, 84, NULL, NULL),
(153, 8, '?', 3, 58, 84, NULL, NULL),
(154, 8, '?', 3, 58, 84, NULL, NULL),
(155, 8, '?', 3, 58, 84, NULL, NULL),
(156, 8, '?', 3, 58, 84, NULL, NULL),
(157, 7, '?', 3, 58, 84, NULL, NULL),
(158, 7, '?', 3, 58, 84, NULL, NULL),
(159, 7, '?', 3, 55, 24, NULL, NULL),
(160, 7, '?', 3, 55, 78, NULL, NULL),
(161, 4, '?', 3, 55, 24, NULL, NULL),
(162, 5, '?', 3, 55, 78, NULL, NULL),
(163, 2, '?', 3, 52, 10, NULL, NULL),
(164, 14, '?', 3, 52, 4, NULL, NULL),
(165, 14, '?', 3, 52, 4, NULL, NULL),
(166, 7, '?', 3, 52, 4, NULL, NULL),
(167, 7, '?', 3, 52, 4, NULL, NULL),
(168, 16, '?', 3, 52, 4, NULL, NULL),
(169, 7, '?', 3, 59, 3, NULL, NULL),
(170, 5, '?', 3, 59, 3, NULL, NULL),
(171, 6, '?', 3, 59, 3, NULL, NULL),
(172, 6, '?', 3, 59, 3, NULL, NULL),
(173, 10, '?', 3, 26, 23, NULL, NULL),
(174, 3, '?', 3, 26, 23, NULL, NULL),
(175, 3, '?', 3, 26, 23, NULL, NULL),
(176, 2, '?', 3, 26, 23, NULL, NULL),
(177, 4, '?', 3, 26, 69, NULL, NULL),
(178, 2, '?', 3, 26, 69, NULL, NULL),
(179, 2, '?', 3, 26, 69, NULL, NULL),
(180, 2, '?', 3, 26, 69, NULL, NULL),
(181, 11, '?', 3, 26, 69, NULL, NULL),
(182, 3, '?', 3, 59, 3, NULL, NULL),
(183, 5, '?', 3, 59, 3, NULL, NULL),
(184, 5, '?', 3, 59, 3, NULL, NULL),
(185, 5, '?', 3, 59, 3, NULL, NULL),
(186, 7, '?', 3, 62, 3, NULL, NULL),
(187, 7, '?', 3, 62, 3, NULL, NULL),
(188, 7, '?', 3, 62, 3, NULL, NULL),
(189, 7, '?', 3, 62, 3, NULL, NULL),
(190, 7, '?', 3, 62, 3, NULL, NULL),
(191, 7, '?', 3, 62, 3, NULL, NULL),
(192, 2, '?', 3, 62, 3, NULL, NULL),
(193, 2, '?', 3, 62, 3, NULL, NULL),
(194, 3, '?', 3, 62, 3, NULL, NULL),
(195, 3, '?', 3, 62, 3, NULL, NULL),
(196, 3, '?', 3, 61, 3, NULL, NULL),
(197, 3, '?', 3, 61, 3, NULL, NULL),
(198, 2, '?', 3, 61, 3, NULL, NULL),
(199, 2, '?', 3, 61, 3, NULL, NULL),
(200, 7, '?', 3, 61, 3, NULL, NULL),
(201, 7, '?', 3, 61, 3, NULL, NULL),
(202, 7, '?', 3, 61, 3, NULL, NULL),
(203, 7, '?', 3, 61, 3, NULL, NULL),
(204, 7, '?', 3, 61, 3, NULL, NULL),
(205, 7, '?', 3, 61, 3, NULL, NULL),
(206, 2, '?', 3, 60, 83, NULL, NULL),
(207, 7, '?', 3, 60, 81, NULL, NULL),
(208, 7, '?', 3, 60, 81, NULL, NULL),
(209, 7, '?', 3, 60, 81, NULL, NULL),
(210, 7, '?', 3, 60, 13, NULL, NULL),
(211, 14, '?', 3, 60, 13, NULL, NULL),
(212, 4, '?', 3, 60, 13, NULL, NULL),
(213, 4, '?', 3, 60, 13, NULL, NULL),
(214, 2, '?', 3, 60, 13, NULL, NULL),
(215, 1, '?', 3, 60, 13, NULL, NULL),
(216, 1, '?', 3, 60, 13, NULL, NULL),
(217, 1, '?', 3, 60, 13, NULL, NULL),
(218, 3, '?', 3, 60, 13, NULL, NULL),
(219, 2, '?', 3, 7, 74, NULL, NULL),
(220, 2, '?', 3, 7, 74, NULL, NULL),
(221, 2, '?', 3, 7, 74, NULL, NULL),
(222, 2, '?', 3, 7, 74, NULL, NULL),
(223, 2, '?', 3, 7, 74, NULL, NULL),
(224, 2, '?', 3, 7, 74, NULL, NULL),
(225, 2, '?', 3, 7, 74, NULL, NULL),
(226, 1, '?', 3, 7, 74, NULL, NULL),
(227, 1, '?', 3, 7, 74, NULL, NULL),
(228, 1, '?', 3, 7, 74, NULL, NULL),
(229, 1, '?', 3, 7, 74, NULL, NULL),
(230, 1, '?', 3, 7, 74, NULL, NULL),
(231, 1, '?', 3, 7, 74, NULL, NULL),
(232, 1, '?', 3, 7, 74, NULL, NULL),
(233, 3, '?', 3, 7, 74, NULL, NULL),
(234, 3, '?', 3, 7, 74, NULL, NULL),
(235, 3, '?', 3, 7, 74, NULL, NULL),
(236, 1, '?', 3, 7, 13, NULL, NULL),
(237, 1, '?', 3, 7, 13, NULL, NULL),
(238, 1, '?', 3, 7, 13, NULL, NULL),
(239, 1, '?', 3, 7, 13, NULL, NULL),
(242, 2, '?', 3, 7, 13, NULL, NULL),
(243, 2, '?', 3, 7, 13, NULL, NULL),
(244, 2, '?', 3, 7, 13, NULL, NULL),
(245, 3, '?', 3, 7, 13, NULL, NULL),
(248, 7, '?', 3, 7, 13, NULL, NULL),
(249, 7, '?', 3, 7, 13, NULL, NULL),
(250, 1, '?', 3, 7, 83, NULL, NULL),
(251, 2, '?', 3, 7, 83, NULL, NULL),
(252, 7, '?', 3, 46, 81, NULL, NULL),
(253, 7, '?', 3, 46, 4, NULL, NULL),
(254, 4, '?', 3, 46, 4, NULL, NULL),
(255, 3, '?', 3, 46, 4, NULL, NULL),
(256, 4, '?', 3, 46, 23, NULL, NULL),
(257, 2, '?', 3, 46, 23, NULL, NULL),
(258, 1, '?', 3, 46, 23, NULL, NULL),
(259, 10, '?', 3, 46, 83, NULL, NULL),
(260, 4, '?', 3, 46, 83, NULL, NULL),
(261, 18, '?', 3, 46, 1, NULL, NULL),
(262, 21, '?', 3, 47, 86, NULL, NULL),
(263, 21, '?', 3, 47, 13, NULL, NULL),
(264, 3, '?', 3, 47, 23, NULL, NULL),
(265, 15, '?', 3, 47, 23, NULL, NULL),
(266, 7, '?', 3, 49, 82, NULL, NULL),
(267, 7, '?', 3, 49, 82, NULL, NULL),
(268, 7, '?', 3, 49, 82, NULL, NULL),
(269, 1, '?', 3, 49, 82, NULL, NULL),
(270, 1, '?', 3, 49, 82, NULL, NULL),
(271, 2, '?', 3, 49, 82, NULL, NULL),
(272, 3, '?', 3, 49, 82, NULL, NULL),
(273, 3, '?', 3, 49, 82, NULL, NULL),
(274, 3, '?', 3, 49, 82, NULL, NULL),
(275, 3, '?', 3, 49, 82, NULL, NULL),
(276, 10, '?', 3, 49, 82, NULL, NULL),
(277, 7, '?', 3, 49, 23, NULL, NULL),
(278, 1, '?', 3, 55, 82, NULL, NULL),
(279, 1, '?', 3, 54, 89, NULL, NULL),
(280, 1, '?', 3, 54, 89, NULL, NULL),
(281, 14, '?', 3, 63, 85, NULL, NULL),
(282, 14, '?', 3, 63, 85, NULL, NULL),
(283, 14, '?', 3, 63, 85, NULL, NULL),
(284, 3, '?', 3, 63, 85, NULL, NULL),
(285, 7, '?', 3, 63, 85, NULL, NULL),
(286, 2, '?', 3, 63, 85, NULL, NULL),
(287, 7, '?', 3, 56, 84, NULL, NULL),
(288, 6, '?', 3, 56, 84, NULL, NULL),
(289, 5, '?', 3, 56, 84, NULL, NULL),
(290, 4, '?', 3, 56, 84, NULL, NULL),
(291, 4, '?', 3, 56, 84, NULL, NULL),
(292, 3, '?', 3, 56, 84, NULL, NULL),
(293, 3, '?', 3, 56, 84, NULL, NULL),
(294, 1, '?', 3, 56, 84, NULL, NULL),
(295, 2, '?', 3, 41, 67, NULL, NULL),
(296, 2, '?', 3, 41, 67, NULL, NULL),
(297, 4, '?', 3, 41, 67, NULL, NULL),
(298, 7, '?', 3, 41, 67, NULL, NULL),
(299, 4, '?', 3, 41, 67, NULL, NULL),
(300, 4, '?', 3, 41, 67, NULL, NULL),
(301, 5, '?', 3, 41, 67, NULL, NULL),
(302, 2, '?', 3, 41, 67, NULL, NULL),
(303, 7, '?', 3, 55, 82, NULL, NULL),
(304, 2, '?', 3, 55, 82, NULL, NULL),
(305, 1, '?', 3, 55, 82, NULL, NULL),
(306, 5, '?', 3, 55, 20, NULL, NULL),
(307, 5, '?', 3, 55, 20, NULL, NULL),
(308, 2, '?', 3, 55, 20, NULL, NULL),
(309, 7, '?', 3, 55, 20, NULL, NULL),
(311, 2, 'mise en prod', 5, 60, 81, NULL, NULL),
(312, 7, '?', 5, 60, 81, NULL, NULL),
(313, 2, 'complier l \'appli en local', 5, 60, 3, NULL, NULL),
(314, 2, 'corriger le bug de l\'appli ', 5, 60, 3, NULL, NULL),
(315, 4, 'rajouter les pseudos', 5, 60, 13, NULL, NULL),
(316, 3, 'ajouter les filtres sur la carte', 5, 60, 13, NULL, NULL),
(317, 5, 'qualification des photo', 5, 60, 13, NULL, NULL),
(318, 2, 'mise en prod', 5, 60, 13, NULL, NULL),
(319, 9, '?', 5, 60, 83, NULL, NULL),
(320, 12, '?', 5, 60, 83, NULL, NULL),
(321, 6, '?', 5, 58, 84, NULL, NULL),
(322, 5, '?', 5, 58, 84, NULL, NULL),
(323, 5, '?', 5, 58, 84, NULL, NULL),
(324, 16, '?', 5, 58, 84, NULL, NULL),
(325, 8, '?', 5, 58, 84, NULL, NULL),
(326, 12, '?', 5, 58, 84, NULL, NULL),
(327, 9, '?', 5, 58, 84, NULL, NULL),
(328, 7, '?', 5, 56, 84, NULL, NULL),
(329, 8, '?', 5, 56, 84, NULL, NULL),
(330, 8, '?', 5, 56, 10, NULL, NULL),
(331, 8, '?', 5, 56, 10, NULL, NULL),
(332, 8, '?', 5, 56, 10, NULL, NULL),
(333, 8, '?', 5, 56, 10, NULL, NULL),
(334, 2, 'interference possibilité d\'avoir un label', 5, 22, 23, NULL, NULL),
(335, 2, 'Si type absence, cacher projet dans interference', 5, 22, 23, NULL, NULL),
(336, 0, 'Opacité des cards à réduire si déjà descendues', 5, 22, 23, NULL, NULL),
(337, 3, 'Intégrer la fonctionnalité de gestion de type de taches dans planification', 5, 22, 23, NULL, NULL),
(338, 2, 'Couleur de la barre de progression de la Burndown Chart à changer selon la progression', 5, 22, 23, NULL, NULL),
(339, 1, 'Date dépassé en avance de 1j, affiche dépassé lors du dernier jour', 5, 22, 23, NULL, NULL),
(340, 1, 'Mieux gérer temps max et min sur les datetimepicker', 5, 22, 23, NULL, NULL),
(341, 8, 'Afficher encore plus d\'infos pertinentes et améliorer la vue de certaines charts', 5, 22, 23, NULL, NULL),
(342, 1, 'Changer texte de la durée du sprint', 5, 22, 23, NULL, NULL),
(343, 3, 'Installer nouvelle imprimante', 5, 22, 23, NULL, NULL),
(344, 1, 'Changer le header des table en noir ou gris pour le comparer au reste', 5, 22, 23, NULL, NULL),
(345, 3, 'Ne pas afficher les boutons d\'édition si non Scrum master', 5, 22, 23, NULL, NULL),
(346, 1, 'H au lieu de “Heures” dans les tables, on comprend aussi bien et ça prend moins de place', 5, 22, 23, NULL, NULL),
(347, 1, 'Redonner a tom son affichage custom', 5, 22, 23, NULL, NULL),
(348, 0, 'Enlever lien appli tom', 5, 22, 23, NULL, NULL),
(349, 4, 'Page spécial qui affiche toutes les remarques, avec leurs état', 5, 22, 23, NULL, NULL),
(350, 2, 'Couleur un peu plus dans le thème de ns', 5, 22, 23, NULL, NULL),
(351, 1, 'Barres de recherche par table dans interference', 5, 22, 23, NULL, NULL),
(352, 0, 'Vider champs ..+..+ lorsque fin de saisie dans interference', 5, 22, 23, NULL, NULL),
(353, 0, '<Small> texte pour rappeler le ..+..+ das interference', 5, 22, 23, NULL, NULL),
(354, 1, 'Afficher le label des taches pour s\'y retrouver si l\'on doit en éditer certaines dans interference', 5, 22, 23, NULL, NULL),
(355, 2, 'Quand attribue une nouvelle tâche, de base mettre le label en ? dans interference', 5, 22, 23, NULL, NULL),
(356, 3, 'Permettre l\'édition de remarque dans rétrospective', 5, 22, 23, NULL, NULL),
(357, 1, 'Date de fin quand valide une remarque dans la bdd dans retrospective', 5, 22, 23, NULL, NULL),
(358, 2, 'Auto-complete pré-définie dans les remarque, style fixer internet etc dans rétrospective', 5, 22, 23, NULL, NULL),
(359, 1, 'Mail prend les remarques fini et non en cours, faux dans rétrospective', 5, 22, 23, NULL, NULL),
(360, 0, 'Choisir adresse email par défaut de réception du mail dans rétrospective', 5, 22, 23, NULL, NULL),
(361, 0, 'Etat ? a mettre en bleu dans la bdd dans rétrospective', 5, 22, 23, NULL, NULL),
(362, 2, 'Ajouter le champs des initials et l’édition de ces derniers dans gestion employe', 5, 22, 23, NULL, NULL),
(363, 2, 'Nouveau champs savoir projet actif ou non', 5, 22, 23, NULL, NULL),
(364, 1, 'Pas de titre / header dans gestion heures descendues', 5, 22, 23, NULL, NULL),
(365, 1, 'Fixer lorsque édite heures attribuées sur une tache', 5, 22, 23, NULL, NULL),
(366, 7, 'Analyse des différents validateurs pour le module de saisie', 5, 54, 89, NULL, NULL),
(367, 14, 'Implémentation des validateurs pour le module de saisie', 5, 54, 89, NULL, NULL),
(368, 4, 'tests des validateurs', 5, 54, 89, NULL, NULL),
(369, 7, 'Transposition et implémentation des règles liées au module de saisie', 5, 54, 89, NULL, NULL),
(370, 7, 'Diagramme de flux de données du module d\'attribution', 5, 54, 89, NULL, NULL),
(371, 7, 'Diagramme de flux de données du module d\'attribution', 5, 54, 89, NULL, NULL),
(372, 7, 'Transposition des séquences remove the females that have been paired, update batch + untick in the pairing list, remove COE.', 5, 54, 89, NULL, NULL),
(373, 5, 'Corriger le problème de commit', 5, 54, 89, NULL, NULL),
(374, 1, 'Partager la documentation de l\'appli', 5, 54, 89, NULL, NULL),
(375, 5, 'Intégrer la fonctionnalité de gestion de type de taches', 5, 22, 23, NULL, NULL),
(376, 14, 'Rapport de stage', 5, 59, 23, NULL, NULL),
(377, 3, 'Ajout fiches Bortoli', 5, 59, 3, NULL, NULL),
(378, 4, 'Photos au parc', 5, 59, 3, NULL, NULL),
(379, 4, 'Photos au parc', 5, 59, 3, NULL, NULL),
(380, 6, 'Tri recadrage ajout photos', 5, 59, 3, NULL, NULL),
(381, 6, 'Tri recadrage ajout photos', 5, 59, 3, NULL, NULL),
(382, 7, 'Ecriture + création eB Bortoli', 5, 59, 3, NULL, NULL),
(383, 2, '?', 5, 59, 3, NULL, NULL),
(384, 8, 'Réseaux Sociaux', 5, 59, 3, NULL, NULL),
(385, 2, 'Netoyer le code et push vers github', 5, 26, 87, NULL, NULL),
(386, 5, 'Traiter les retours', 5, 26, 87, NULL, NULL),
(387, 2, 'Heures max attribuable = nombre de j dans le sprint x 7', 5, 22, 23, NULL, NULL),
(388, 1, 'Meme afficher les ressources qui n\'ont pas encore d\'heures attribuées mais qui sont actifs', 5, 22, 23, NULL, NULL),
(389, 6, '?', 5, 53, 3, NULL, NULL),
(390, 7, '?', 5, 53, 23, NULL, NULL),
(391, 1, '?', 5, 53, 23, NULL, NULL),
(392, 35, '?', 5, 53, 24, NULL, NULL),
(393, 6, '?', 5, 53, 24, NULL, NULL),
(394, 1, '?', 5, 53, 24, NULL, NULL),
(395, 1, '?', 5, 53, 24, NULL, NULL),
(396, 2, '?', 5, 53, 24, NULL, NULL),
(397, 3, '?', 5, 7, 74, NULL, NULL),
(398, 3, '?', 5, 7, 74, NULL, NULL),
(399, 2, '?', 5, 7, 74, NULL, NULL),
(400, 2, '?', 5, 7, 74, NULL, NULL),
(401, 2, '?', 5, 7, 74, NULL, NULL),
(402, 1, '?', 5, 7, 74, NULL, NULL),
(403, 1, '?', 5, 7, 74, NULL, NULL),
(404, 1, '?', 5, 7, 74, NULL, NULL),
(405, 1, '?', 5, 7, 74, NULL, NULL),
(406, 1, '?', 5, 7, 74, NULL, NULL),
(407, 1, '?', 5, 7, 74, NULL, NULL),
(408, 1, '?', 5, 7, 74, NULL, NULL),
(409, 1, '?', 5, 7, 74, NULL, NULL),
(410, 1, '?', 5, 7, 74, NULL, NULL),
(411, 1, '?', 5, 7, 74, NULL, NULL),
(412, 1, '?', 5, 7, 74, NULL, NULL),
(413, 1, '?', 5, 7, 74, NULL, NULL),
(414, 1, '?', 5, 7, 74, NULL, NULL),
(415, 1, '?', 5, 7, 74, NULL, NULL),
(416, 1, '?', 5, 7, 74, NULL, NULL),
(417, 1, '?', 5, 7, 74, NULL, NULL),
(418, 3, '?', 5, 7, 74, NULL, NULL),
(419, 7, '?', 5, 7, 13, NULL, NULL),
(420, 1, '?', 5, 7, 13, NULL, NULL),
(421, 1, '?', 5, 7, 13, NULL, NULL),
(422, 1, '?', 5, 7, 13, NULL, NULL),
(423, 2, '?', 5, 7, 13, NULL, NULL),
(424, 2, '?', 5, 7, 13, NULL, NULL),
(425, 2, '?', 5, 7, 13, NULL, NULL),
(426, 2, '?', 5, 7, 13, NULL, NULL),
(427, 2, '?', 5, 7, 13, NULL, NULL),
(428, 2, '?', 5, 7, 13, NULL, NULL),
(429, 1, 'Ajouter le label aux taches en mode preview', 5, 22, 23, NULL, NULL),
(430, 2, 'Ajout retour portail dans header + homogénéisation headers', 5, 52, 24, NULL, NULL),
(431, 2, 'Encart d\'infos sur accueil portal', 5, 52, 24, NULL, NULL),
(432, 4, 'Intégration restante', 5, 52, 4, NULL, NULL),
(433, 5, 'Créa architecture des 2 panels d\'onglet', 5, 52, 89, NULL, NULL),
(434, 5, 'Remplissage contenus (onglets, btn)', 5, 52, 89, NULL, NULL),
(435, 1, 'créa header', 5, 52, 89, NULL, NULL),
(436, 1, 'créa iframes resizables x2', 5, 52, 89, NULL, NULL),
(437, 1, 'créa select dans 2nd iframe', 5, 52, 89, NULL, NULL),
(438, 5, 'inté pager + player', 5, 52, 10, NULL, NULL),
(439, 4, 'ajout raccourcis camera trap', 5, 52, 10, NULL, NULL),
(440, 4, 'namming', 5, 52, 82, NULL, NULL),
(441, 8, 'créa logo', 5, 52, 82, NULL, NULL),
(442, 2, 'design docu balance', 5, 52, 82, NULL, NULL),
(443, 14, 'modules supplémentaires avec pages + retours', 5, 52, 85, NULL, NULL),
(444, 2, 'modif mise en page sur version mobile', 5, 52, 87, NULL, NULL),
(445, 1, '?', 5, 20, 69, NULL, NULL),
(446, 1, '?', 5, 20, 69, NULL, NULL),
(447, 2, '?', 5, 20, 69, NULL, NULL),
(448, 10, '?', 5, 20, 69, NULL, NULL),
(449, 21, '?', 5, 20, 26, NULL, NULL),
(450, 3, '?', 5, 20, 10, NULL, NULL),
(451, 18, '?', 5, 20, 10, NULL, NULL),
(452, 3, 'Projet de devis openEdition', 5, 26, 23, NULL, NULL),
(453, 7, 'Améliorations de lapp 1', 5, 26, 69, NULL, NULL),
(454, 8, 'Améliorations de lapp 2', 5, 26, 69, NULL, NULL),
(455, 2, '?', 5, 50, 4, NULL, NULL),
(456, 2, '?', 5, 50, 4, NULL, NULL),
(457, 7, '?', 5, 50, 24, NULL, NULL),
(458, 5, '?', 5, 50, 20, NULL, NULL),
(459, 3, '?', 5, 50, 20, NULL, NULL),
(460, 2, '?', 5, 50, 20, NULL, NULL),
(461, 7, '?', 5, 50, 20, NULL, NULL),
(462, 7, '?', 5, 57, 88, NULL, NULL),
(463, 3, '?', 5, 57, 88, NULL, NULL),
(464, 9, '?', 5, 57, 88, NULL, NULL),
(465, 7, '?', 5, 57, 88, NULL, NULL),
(466, 7, '?', 5, 57, 88, NULL, NULL),
(467, 7, '?', 5, 57, 88, NULL, NULL),
(472, 5, '?', 5, 61, 3, NULL, NULL),
(473, 6, '?', 5, 61, 3, NULL, NULL),
(474, 9, '?', 5, 61, 3, NULL, NULL),
(475, 7, '?', 5, 61, 3, NULL, NULL),
(476, 7, '?', 5, 61, 3, NULL, NULL),
(477, 7, '?', 5, 61, 3, NULL, NULL),
(478, 7, '?', 5, 61, 3, NULL, NULL),
(479, 13, '?', 5, 61, 3, NULL, NULL),
(480, 5, 'lien footer', 5, 62, 3, NULL, NULL),
(481, 6, 'build l\'appli', 5, 62, 3, NULL, NULL),
(482, 9, 'corrigé les bug', 5, 62, 3, NULL, NULL),
(483, 7, 'lien booking', 5, 62, 3, NULL, NULL),
(484, 7, 'lien IGN', 5, 62, 3, NULL, NULL),
(485, 7, 'pagination', 5, 62, 3, NULL, NULL),
(486, 7, 'upload d\'image', 5, 62, 3, NULL, NULL),
(487, 13, 'migration', 5, 62, 3, NULL, NULL),
(488, 7, 'Ajustement des boutons usb, configuration et test', 5, 49, 82, NULL, NULL),
(489, 7, 'Agencement final de tous les éléments pour un prototype final', 5, 49, 82, NULL, NULL),
(490, 14, 'Ecriture du manuel d\'utilisation', 5, 49, 82, NULL, NULL),
(491, 4, '?', 5, 49, 82, NULL, NULL),
(492, 14, 'Création d\'une présentation pour le NARC', 5, 49, 82, NULL, NULL),
(493, 7, 'Forfait bricolage', 5, 49, 82, NULL, NULL),
(494, 8, '?', 5, 49, 82, NULL, NULL),
(495, 2, 'Ajouter la légende sur la carte leaflet', 5, 63, 85, NULL, NULL),
(496, 7, 'Ajouter des bars de recherche', 5, 63, 85, NULL, NULL),
(497, 5, 'Mettre en place un décorateur Admin', 5, 63, 85, NULL, NULL),
(498, 7, 'integrer la zone AMA', 5, 63, 85, NULL, NULL),
(499, 2, 'Ajouter des infos bulles', 5, 63, 85, NULL, NULL),
(500, 3, 'Ajouter un menu administration dans l\'application front', 5, 63, 85, NULL, NULL),
(501, 7, '?', 5, 63, 91, NULL, NULL),
(502, 7, '?', 5, 63, 91, NULL, NULL),
(503, 7, '?', 5, 63, 91, NULL, NULL),
(504, 7, '?', 5, 63, 91, NULL, NULL),
(505, 7, '?', 5, 63, 91, NULL, NULL),
(506, 21, 'Terminer toute les maquette de l\'application mobile', 5, 47, 86, NULL, NULL),
(507, 14, '?', 5, 47, 92, NULL, NULL),
(508, 7, '?', 5, 47, 87, NULL, NULL),
(510, 4, '?', 5, 47, 86, NULL, NULL),
(511, 7, '?', 5, 60, 81, NULL, NULL),
(512, 3, '?', 5, 60, 74, NULL, NULL),
(513, 3, '?', 5, 60, 23, NULL, NULL),
(514, 14, 'CP', 6, 10, 90, NULL, 4),
(516, 3, 'Méthodes de suppression propres', 6, 10, 4, NULL, NULL),
(517, 2, 'Mise à jour Ecollection Entomo DEV Missour', 6, 10, 4, NULL, NULL),
(518, 4, 'Amélioration grilles import - historique des imports', 6, 10, 4, NULL, NULL),
(519, 4, 'Edition de listofsubforms - L\'édition met à jour les sous échantillons modifiés', 6, 10, 4, NULL, NULL),
(520, 4, 'Edition de listofsubforms - La liaison par ID est bien effectuée', 6, 10, 4, NULL, NULL),
(521, 8, 'Amélioration grilles import - liste des données importées pour chaque type d\'objet', 6, 10, 4, NULL, NULL),
(522, 7, 'Etude champs complexes - champs et formulaires complexes', 6, 10, 89, NULL, NULL),
(523, 7, 'Etude champs complexes - validateurs complexes', 6, 10, 89, NULL, NULL),
(524, 7, 'design documentation', 6, 52, 82, NULL, NULL),
(525, 4, 'maquettes', 6, 52, 88, NULL, NULL),
(526, 17, 'intégration maquettes', 6, 52, 88, NULL, NULL),
(527, 4, 'validation maquettes', 6, 52, 88, NULL, NULL),
(528, 17, '?', 6, 57, 88, NULL, NULL),
(529, 2, '?', 6, 57, 88, NULL, NULL),
(530, 4, 'affichage personnalisé (hervé)', 6, 52, 4, NULL, NULL),
(531, 7, 'css bota, entomo, veto (variables)', 6, 52, 4, NULL, NULL),
(532, 4, '?', 6, 50, 4, NULL, NULL),
(533, 1, 'Formulaires', 6, 52, 4, NULL, NULL),
(534, 9, 'Support', 6, 52, 90, NULL, 2),
(535, 2, '?', 6, 53, 24, NULL, NULL),
(536, 1, '?', 6, 53, 24, NULL, NULL),
(538, 7, 'CP', 6, 53, 90, NULL, 4),
(539, 2, '?', 6, 53, 24, NULL, NULL),
(540, 3, '?', 6, 53, 24, NULL, NULL),
(541, 1, '?', 6, 53, 24, NULL, NULL),
(542, 3, '?', 6, 53, 24, NULL, NULL),
(543, 5, '?', 6, 53, 24, NULL, NULL),
(544, 7, '?', 6, 53, 24, NULL, NULL),
(545, 5, '?', 6, 53, 24, NULL, NULL),
(546, 5, '?', 6, 53, 24, NULL, NULL),
(547, 4, '?', 6, 53, 24, NULL, NULL),
(548, 1, '?', 6, 53, 24, NULL, NULL),
(549, 2, '?', 6, 53, 24, NULL, NULL),
(550, 2, '?', 6, 53, 24, NULL, NULL),
(551, 3, '?', 6, 53, 23, NULL, NULL),
(552, 2, 'Réunion', 6, 50, 90, NULL, 1),
(554, 5, '?', 6, 50, 20, NULL, NULL),
(555, 3, '?', 6, 50, 20, NULL, NULL),
(556, 2, '?', 6, 50, 20, NULL, NULL),
(557, 7, '?', 6, 50, 20, NULL, NULL),
(558, 7, '?', 6, 41, 20, NULL, NULL),
(559, 4, '?', 6, 50, 20, NULL, NULL),
(560, 2, '?', 6, 50, 20, NULL, NULL),
(561, 2, '?', 6, 50, 20, NULL, NULL),
(562, 1, '?', 6, 41, 20, NULL, NULL),
(563, 21, 'CP', 6, 50, 90, NULL, 4),
(564, 1, 'Support', 6, 50, 90, NULL, 2),
(565, 7, 'CP', 6, 41, 90, NULL, 4),
(566, 3, '?', 6, 41, 23, NULL, NULL),
(567, 4, '?', 6, 41, 4, NULL, NULL),
(568, 1, '?', 6, 41, 4, NULL, NULL),
(569, 1, '?', 6, 41, 4, NULL, NULL),
(570, 4, '?', 6, 41, 4, NULL, NULL),
(571, 2, '?', 6, 41, 4, NULL, NULL),
(572, 4, '?', 6, 41, 4, NULL, NULL),
(573, 1, '?', 6, 41, 4, NULL, NULL),
(576, 5, '?', 6, 41, 4, NULL, NULL),
(577, 4, '?', 6, 41, 4, NULL, NULL),
(578, 1, '?', 6, 41, 4, NULL, NULL),
(579, 1, '?', 6, 41, 4, NULL, NULL),
(580, 7, 'Alfred terminer l\'écran profil et connexion', 6, 47, 23, NULL, NULL),
(581, 7, 'Alfred terminer l\'écran Adresse Dépot / Récup', 6, 47, 23, NULL, NULL),
(582, 10, 'Alfred terminer l\'écran commande et notification', 6, 47, 23, NULL, NULL),
(583, 10, 'Alfred Validation et retours', 6, 47, 23, NULL, NULL),
(584, 7, 'Faire le DSPP', 6, 47, 23, NULL, NULL),
(585, 7, 'Faire son portfolio', 6, 47, 23, NULL, NULL),
(587, 5, 'Cites proposition de visuel graphique ', 6, 47, 23, NULL, NULL),
(588, 3, '?', 6, 57, 88, NULL, NULL),
(589, 3, '?', 6, 57, 88, NULL, NULL),
(592, 2, '?', 6, 57, 88, NULL, NULL),
(593, 4, '?', 6, 57, 88, NULL, NULL),
(594, 3, '?', 6, 57, 88, NULL, NULL),
(595, 7, '?', 6, 57, 88, NULL, NULL),
(596, 7, '?', 6, 57, 88, NULL, NULL),
(597, 5, '?', 6, 57, 88, NULL, NULL),
(598, 1, 'Partage de la documentation sur RENECORE', 6, 54, 89, NULL, NULL),
(599, 7, 'Transposition des règles du module de saisie', 6, 54, 89, NULL, NULL),
(600, 17, 'Transposition des règles du module de saisie', 6, 54, 89, NULL, NULL),
(601, 7, 'Point sur les échanges de données Front - Back', 6, 54, 89, NULL, NULL),
(602, 7, '?', 6, 42, 89, NULL, NULL),
(605, 1, '?', 6, 42, 89, NULL, NULL),
(607, 1, '?', 6, 20, 89, NULL, NULL),
(608, 7, '?', 6, 20, 89, NULL, NULL),
(609, 3, '?', 6, 20, 88, NULL, NULL),
(610, 1, '?', 6, 41, 89, NULL, NULL),
(611, 2, '?', 6, 41, 89, NULL, NULL),
(612, 4, '?', 6, 41, 89, NULL, NULL),
(613, 1, '?', 6, 42, 89, NULL, NULL),
(614, 2, '?', 6, 42, 89, NULL, NULL),
(615, 4, '?', 6, 42, 89, NULL, NULL),
(616, 10, '?', 6, 42, 26, NULL, NULL),
(617, 7, '?', 6, 42, 79, NULL, NULL),
(618, 10, '?', 6, 42, 89, NULL, NULL),
(622, 7, 'Rédaction des diagrammes de dépendances pour le module d\'attribution', 6, 54, 89, NULL, NULL),
(623, 7, 'Rédaction des diagrammes de dépendances pour le module d\'attribution', 6, 54, 89, NULL, NULL),
(624, 7, 'Rédaction des diagrammes de dépendances pour le module d\'attribution', 6, 54, 89, NULL, NULL),
(625, 15, '?', 6, 20, 55, NULL, NULL),
(626, 25, 'Support', 6, 20, 90, NULL, 2),
(627, 2, '?', 6, 20, 26, NULL, NULL),
(628, 11, 'CP', 6, 42, 90, NULL, 4),
(629, 7, 'Sortie naturaliste formation', 7, 59, 3, NULL, NULL),
(630, 5, 'Facebook eB', 7, 59, 3, NULL, NULL),
(631, 5, 'Instagram eB', 7, 59, 3, NULL, NULL),
(632, 10, 'Préparation soutenance', 7, 59, 3, NULL, NULL),
(633, 6, 'eB Saint-Pierre et Miquelon', 7, 59, 3, NULL, NULL),
(634, 6, 'eB Saint-Pierre et Miquelon', 7, 59, 3, NULL, NULL),
(635, 3, 'Fiches espèces Auxerre', 7, 59, 3, NULL, NULL),
(636, 3, 'Fiches espèces Auxerre', 7, 59, 3, NULL, NULL),
(637, 3, 'Fiches espèces Auxerre', 7, 59, 3, NULL, NULL),
(638, 3, 'Fiches espèces Auxerre', 7, 59, 3, NULL, NULL),
(639, 3, 'Fiches espèces Auxerre', 7, 59, 3, NULL, NULL),
(640, 3, 'Fiches espèces Auxerre', 7, 59, 3, NULL, NULL),
(641, 3, 'Fiches espèces Auxerre', 7, 59, 3, NULL, NULL),
(642, 10, 'Scrum', 7, 26, 90, NULL, 3),
(643, 4, 'CP', 7, 26, 90, NULL, 4),
(644, 3, 'fixer le prob de chargement de tuiles', 7, 26, 69, NULL, NULL),
(645, 1, 'mise à jour de la liste de valeurs, champ type inventaire', 7, 26, 69, NULL, NULL),
(646, 1, 'rajouter un champ minimum pour tous les protos', 7, 26, 69, NULL, NULL),
(647, 2, 'fixer le bug déplacement curseur', 7, 26, 69, NULL, NULL),
(648, 4, '?', 7, 57, 88, NULL, NULL),
(649, 4, '?', 7, 57, 88, NULL, NULL),
(650, 3, '?', 7, 57, 88, NULL, NULL),
(651, 4, '?', 7, 57, 88, NULL, NULL),
(652, 7, '?', 7, 57, 88, NULL, NULL),
(653, 7, '?', 7, 57, 88, NULL, NULL),
(654, 20, '?', 7, 57, 88, NULL, NULL),
(655, 11, 'Conf/Rdv/Formation/Ecole', 7, 57, 90, NULL, 5),
(656, 2, 'Documenter le readme de github (workflow, printscreens ...)', 7, 26, 69, NULL, NULL),
(657, 1, 'Réunion', 7, 26, 90, NULL, 1),
(658, 1, 'Réunion', 7, 42, 90, NULL, 1),
(659, 1, 'Réunion', 7, 56, 90, NULL, 1),
(660, 3, '?', 7, 20, 69, NULL, NULL),
(661, 6, '?', 7, 20, 69, NULL, NULL),
(662, 2, '?', 7, 20, 69, NULL, NULL),
(663, 7, '?', 7, 20, 69, NULL, NULL),
(664, 7, '?', 7, 20, 69, NULL, NULL),
(665, 3, '?', 7, 20, 69, NULL, NULL),
(666, 3, '?', 7, 20, 88, NULL, NULL),
(667, 1, 'center map pour nouvelle station', 7, 26, 69, NULL, NULL),
(668, 1, 'photos : traduire interface', 7, 26, 69, NULL, NULL),
(669, 2, 'Mettre à jour la home page pour l\'admin', 7, 26, 69, NULL, NULL),
(670, 3, 'Réponse Ao geonature mobile', 7, 26, 23, NULL, NULL),
(671, 3, '?', 7, 42, 23, NULL, NULL),
(672, 2, 'Affaire Chambrelant', 7, 26, 23, NULL, NULL),
(673, 7, '?', 7, 46, 89, NULL, NULL),
(674, 11, '?', 7, 46, 89, NULL, NULL),
(675, 10, '?', 7, 46, 89, NULL, NULL),
(676, 4, '?', 7, 46, 89, NULL, NULL),
(677, 7, '?', 7, 46, 3, NULL, NULL),
(678, 7, '?', 7, 46, 1, NULL, NULL),
(679, 4, '?', 7, 46, 85, NULL, NULL),
(680, 10, '?', 7, 46, 1, NULL, NULL),
(681, 2, 'Réunion', 7, 54, 90, NULL, 1),
(682, 2, 'Réunion', 7, 54, 90, NULL, 1),
(683, 2, 'Réunion', 7, 42, 90, NULL, 1),
(684, 7, 'CP', 7, 56, 90, NULL, 4),
(685, 28, 'Admin', 7, 56, 90, NULL, 10),
(686, 1, '?', 7, 58, 84, NULL, NULL),
(687, 2, '?', 7, 58, 84, NULL, NULL),
(688, 1, '?', 7, 58, 84, NULL, NULL),
(689, 2, '?', 7, 58, 84, NULL, NULL),
(690, 4, '?', 7, 58, 84, NULL, NULL),
(691, 6, '?', 7, 58, 84, NULL, NULL),
(692, 6, '?', 7, 58, 84, NULL, NULL),
(693, 8, '?', 7, 58, 84, NULL, NULL),
(694, 4, '?', 7, 58, 84, NULL, NULL),
(695, 24, '?', 7, 58, 84, NULL, NULL),
(696, 2, '?', 7, 58, 84, NULL, NULL),
(697, 6, '?', 7, 63, 91, NULL, NULL),
(698, 6, '?', 7, 63, 91, NULL, NULL),
(699, 6, '?', 7, 63, 91, NULL, NULL),
(700, 6, '?', 7, 63, 91, NULL, NULL),
(701, 6, '?', 7, 63, 91, NULL, NULL),
(702, 8, '?', 7, 56, 94, NULL, NULL),
(703, 3, '?', 7, 56, 94, NULL, NULL),
(704, 4, '?', 7, 56, 94, NULL, NULL),
(705, 5, '?', 7, 56, 94, NULL, NULL),
(706, 4, '?', 7, 56, 94, NULL, NULL),
(707, 7, '?', 7, 61, 3, NULL, NULL),
(708, 7, '?', 7, 61, 3, NULL, NULL),
(709, 7, '?', 7, 61, 3, NULL, NULL),
(710, 7, '?', 7, 61, 3, NULL, NULL),
(711, 7, '?', 7, 61, 3, NULL, NULL),
(712, 7, '?', 7, 61, 3, NULL, NULL),
(713, 7, '?', 7, 61, 3, NULL, NULL),
(714, 11, '?', 7, 61, 3, NULL, NULL),
(715, 7, '?', 7, 62, 3, NULL, NULL),
(716, 7, '?', 7, 62, 3, NULL, NULL),
(717, 7, '?', 7, 62, 3, NULL, NULL),
(718, 7, '?', 7, 62, 3, NULL, NULL),
(719, 7, '?', 7, 62, 3, NULL, NULL),
(720, 7, '?', 7, 62, 3, NULL, NULL),
(721, 7, '?', 7, 62, 3, NULL, NULL),
(722, 11, '?', 7, 62, 3, NULL, NULL),
(723, 21, 'forfait', 7, 42, 26, NULL, NULL),
(724, 7, '?', 7, 42, 89, NULL, NULL),
(725, 7, '?', 7, 42, 89, NULL, NULL),
(726, 7, '?', 7, 42, 89, NULL, NULL),
(727, 7, '?', 7, 41, 89, NULL, NULL),
(728, 7, '?', 7, 41, 89, NULL, NULL),
(729, 10, 'Admin', 7, 42, 90, NULL, 10),
(730, 2, '?', 7, 42, 23, NULL, NULL),
(731, 5, '?', 7, 50, 20, NULL, NULL),
(732, 3, '?', 7, 50, 20, NULL, NULL),
(733, 2, '?', 7, 50, 20, NULL, NULL),
(734, 7, '?', 7, 50, 20, NULL, NULL),
(735, 2, '?', 7, 50, 20, NULL, NULL),
(736, 2, '?', 7, 50, 20, NULL, NULL),
(737, 7, '?', 7, 50, 20, NULL, NULL),
(738, 2, '?', 7, 50, 4, NULL, NULL),
(739, 12, '?', 7, 50, 4, NULL, NULL),
(740, 2, '?', 7, 50, 4, NULL, NULL),
(741, 12, '?', 7, 50, 4, NULL, NULL),
(742, 4, '?', 7, 50, 4, NULL, NULL),
(743, 4, '?', 7, 63, 85, NULL, NULL),
(744, 1, '?', 7, 63, 85, NULL, NULL),
(745, 3, '?', 7, 63, 85, NULL, NULL),
(746, 5, '?', 7, 63, 85, NULL, NULL),
(747, 1, '?', 7, 63, 85, NULL, NULL),
(748, 10, '?', 7, 63, 85, NULL, NULL),
(749, 3, '?', 7, 63, 85, NULL, NULL),
(750, 2, '?', 7, 63, 85, NULL, NULL),
(751, 1, '?', 7, 63, 85, NULL, NULL),
(752, 3, '?', 7, 20, 10, NULL, NULL),
(753, 1, '?', 7, 20, 10, NULL, NULL),
(754, 14, '?', 7, 20, 10, NULL, NULL),
(755, 11, '?', 7, 20, 10, NULL, NULL),
(756, 7, '?', 7, 60, 81, NULL, NULL),
(757, 3, '?', 7, 60, 81, NULL, NULL),
(758, 4, 'CP', 7, 60, 90, NULL, 4),
(759, 12, '?', 7, 60, 83, NULL, NULL),
(760, 9, '?', 7, 60, 83, NULL, NULL),
(761, 4, '?', 7, 60, 83, NULL, NULL),
(762, 4, '?', 7, 60, 13, NULL, NULL),
(763, 7, '?', 7, 60, 13, NULL, NULL),
(764, 10, '?', 7, 60, 13, NULL, NULL),
(765, 7, 'Admin', 7, 26, 90, NULL, 10),
(766, 14, '?', 7, 26, 87, NULL, NULL),
(767, 6, '?', 7, 26, 69, NULL, NULL),
(768, 1, '?', 7, 41, 20, NULL, NULL),
(769, 2, '?', 7, 41, 20, NULL, NULL),
(770, 3, '?', 7, 41, 20, NULL, NULL),
(771, 3, '?', 7, 41, 20, NULL, NULL),
(772, 2, '?', 7, 41, 20, NULL, NULL),
(773, 4, '?', 7, 41, 20, NULL, NULL),
(775, 5, '?', 7, 41, 20, NULL, NULL),
(776, 4, 'CP', 7, 41, 90, NULL, 4),
(777, 1, '?', 7, 41, 4, NULL, NULL),
(778, 4, '?', 7, 41, 4, NULL, NULL),
(779, 2, '?', 7, 41, 4, NULL, NULL),
(781, 1, '?', 7, 41, 4, NULL, NULL),
(785, 14, 'Support', 7, 41, 90, NULL, 2),
(786, 5, 'Player', 7, 52, 10, NULL, NULL),
(787, 2, 'Accordeon formulaire', 7, 52, 10, NULL, NULL),
(792, 7, 'page d\'accueil', 7, 52, 89, NULL, NULL),
(793, 14, 'page de saisies', 7, 52, 89, NULL, NULL),
(794, 10, 'repsonsive', 7, 52, 88, NULL, NULL),
(795, 4, 'modifs', 7, 52, 82, NULL, NULL),
(797, 18, 'design', 7, 52, 82, NULL, NULL),
(798, 5, 'modification des formulaires de la banque de sperme', 7, 54, 89, NULL, NULL),
(799, 6, 'implémentation d\'un script automap', 7, 54, 89, NULL, NULL),
(800, 7, 'Préparation de la mission dbsupport', 7, 54, 89, NULL, NULL),
(801, 5, 'Mise en place du système d\'authentification', 7, 54, 89, NULL, NULL),
(802, 20, '?', 8, 46, 89, NULL, NULL),
(803, 11, '?', 8, 46, 89, NULL, NULL),
(804, 20, '?', 8, 46, 89, NULL, NULL),
(805, 7, '?', 8, 46, 10, NULL, NULL),
(806, 2, '?', 8, 46, 1, NULL, NULL),
(807, 7, 'aspect responsive', 8, 52, 88, NULL, NULL),
(808, 13, 'maquettes', 8, 52, 20, NULL, NULL),
(809, 4, 'validation maquettes', 8, 52, 20, NULL, NULL),
(810, 1, 'pb responsive', 8, 52, 10, NULL, NULL),
(811, 7, 'modifs mode d\'emploi', 8, 52, 82, NULL, NULL),
(812, 28, '?', 8, 52, 23, NULL, NULL),
(813, 4, '?', 8, 57, 88, NULL, NULL),
(814, 7, '?', 8, 57, 88, NULL, NULL),
(815, 7, '?', 8, 57, 88, NULL, NULL),
(816, 5, '?', 8, 57, 88, NULL, NULL),
(817, 5, '?', 8, 57, 88, NULL, NULL),
(818, 5, '?', 8, 57, 88, NULL, NULL),
(819, 3, '?', 8, 57, 88, NULL, NULL),
(820, 2, '?', 8, 57, 88, NULL, NULL),
(821, 2, '?', 8, 57, 88, NULL, NULL),
(822, 7, '?', 8, 57, 88, NULL, NULL),
(823, 7, '?', 8, 57, 88, NULL, NULL),
(824, 6, '?', 8, 57, 88, NULL, NULL),
(825, 14, 'Implémenter la sécurité', 8, 26, 88, NULL, NULL),
(826, 7, 'Améliorer le prtoto ionic dynamic forms', 8, 26, 23, NULL, NULL),
(827, 7, 'fix de bugs', 8, 26, 69, NULL, NULL),
(828, 10, 'Scrum', 8, 26, 90, NULL, 3),
(829, 7, 'traiter les retours', 8, 26, 87, NULL, NULL),
(830, 2, '?', 8, 7, 83, NULL, NULL),
(831, 4, '?', 8, 7, 83, NULL, NULL),
(832, 6, '?', 8, 7, 83, NULL, NULL),
(833, 6, '?', 8, 7, 83, NULL, NULL),
(834, 6, '?', 8, 7, 83, NULL, NULL),
(835, 2, '?', 8, 60, 83, NULL, NULL),
(836, 4, '?', 8, 60, 83, NULL, NULL),
(837, 6, '?', 8, 60, 83, NULL, NULL),
(838, 6, '?', 8, 60, 83, NULL, NULL),
(839, 6, '?', 8, 60, 83, NULL, NULL),
(840, 6, '?', 8, 60, 83, NULL, NULL),
(841, 2, '?', 8, 7, 95, NULL, NULL),
(842, 1, '?', 8, 7, 95, NULL, NULL),
(843, 2, '?', 8, 60, 13, NULL, NULL),
(844, 2, '?', 8, 60, 13, NULL, NULL),
(845, 4, '?', 8, 60, 13, NULL, NULL),
(846, 2, '?', 8, 60, 13, NULL, NULL),
(847, 2, '?', 8, 60, 13, NULL, NULL),
(848, 2, '?', 8, 60, 13, NULL, NULL),
(849, 3, '?', 8, 60, 13, NULL, NULL),
(850, 4, '?', 8, 60, 13, NULL, NULL),
(851, 3, '?', 8, 60, 13, NULL, NULL),
(852, 2, '?', 8, 60, 13, NULL, NULL),
(853, 1, '?', 8, 60, 13, NULL, NULL),
(854, 3, '?', 8, 60, 81, NULL, NULL),
(855, 4, '?', 8, 7, 13, NULL, NULL),
(856, 2, '?', 8, 7, 13, NULL, NULL),
(857, 14, '?', 8, 7, 74, NULL, NULL),
(858, 7, 'CP', 8, 7, 90, NULL, 4),
(859, 6, '?', 8, 7, 96, NULL, NULL),
(860, 21, '?', 8, 49, 82, NULL, NULL),
(861, 18, '?', 8, 49, 82, NULL, NULL),
(862, 3, '?', 8, 49, 82, NULL, NULL),
(863, 4, '?', 8, 49, 82, NULL, NULL),
(864, 2, '?', 8, 49, 82, NULL, NULL),
(865, 7, 'CP', 8, 49, 90, NULL, 4),
(866, 5, '?', 8, 49, 82, NULL, NULL),
(868, 4, '?', 8, 26, 23, NULL, NULL),
(869, 30, 'Support', 8, 10, 90, NULL, 2),
(870, 2, 'Support', 8, 10, 90, NULL, 2),
(871, 8, '?', 8, 10, 4, NULL, NULL),
(872, 5, '?', 8, 10, 4, NULL, NULL),
(873, 5, '?', 8, 10, 4, NULL, NULL),
(874, 3, '?', 8, 10, 4, NULL, NULL),
(875, 2, '?', 8, 10, 4, NULL, NULL),
(876, 1, '?', 8, 10, 4, NULL, NULL),
(877, 4, 'CP', 8, 10, 90, NULL, 4),
(878, 14, 'Conf/Rdv/Formation/Ecole', 8, 56, 90, NULL, 5),
(879, 14, 'CP', 8, 56, 90, NULL, 4),
(880, 14, 'Admin', 8, 56, 90, NULL, 10),
(881, 7, 'Admin', 8, 26, 90, NULL, 10),
(882, 2, '?', 8, 62, 95, NULL, NULL),
(883, 7, '?', 8, 62, 95, NULL, NULL),
(884, 7, '?', 8, 62, 95, NULL, NULL),
(885, 7, '?', 8, 62, 95, NULL, NULL),
(886, 7, '?', 8, 62, 95, NULL, NULL),
(887, 7, '?', 8, 62, 95, NULL, NULL),
(888, 11, '?', 8, 62, 95, NULL, NULL),
(889, 9, '?', 8, 62, 95, NULL, NULL),
(890, 2, 'Debrief Noé', 8, 61, 95, NULL, NULL),
(891, 7, 'Mise à jour Cordova', 8, 61, 95, NULL, NULL),
(892, 7, 'Mise à jour Grunt', 8, 61, 95, NULL, NULL),
(893, 7, 'Mise à jour Backbone', 8, 61, 95, NULL, NULL),
(894, 7, 'Installer et MAJ Noé', 8, 61, 95, NULL, NULL),
(895, 7, 'Intégration charte graphique', 8, 61, 95, NULL, NULL),
(896, 11, 'Mise en place BDD', 8, 61, 95, NULL, NULL),
(897, 9, 'Adaptation backend au plurispécifique', 8, 61, 95, NULL, NULL),
(898, 3, 'Gestion utilisateurs', 8, 61, 3, NULL, NULL),
(899, 3, '?', 8, 62, 3, NULL, NULL),
(900, 8, '?', 8, 63, 91, NULL, NULL),
(901, 14, '?', 8, 63, 91, NULL, NULL),
(902, 14, '?', 8, 63, 91, NULL, NULL),
(903, 14, '?', 8, 63, 91, NULL, NULL),
(904, 10, '?', 8, 63, 91, NULL, NULL),
(905, 4, '?', 8, 56, 94, NULL, NULL),
(906, 3, '?', 8, 56, 94, NULL, NULL),
(907, 7, '?', 8, 56, 94, NULL, NULL),
(908, 2, '?', 8, 56, 94, NULL, NULL),
(909, 2, '?', 8, 56, 94, NULL, NULL),
(910, 7, 'CP', 8, 58, 90, NULL, 4),
(911, 6, '?', 8, 58, 84, NULL, NULL),
(912, 6, '?', 8, 58, 84, NULL, NULL),
(913, 2, '?', 8, 58, 84, NULL, NULL),
(914, 2, '?', 8, 58, 84, NULL, NULL),
(915, 3, '?', 8, 58, 84, NULL, NULL),
(916, 6, '?', 8, 58, 84, NULL, NULL),
(917, 3, '?', 8, 58, 84, NULL, NULL),
(918, 2, '?', 8, 58, 84, NULL, NULL),
(919, 2, '?', 8, 58, 84, NULL, NULL),
(921, 4, '?', 8, 58, 84, NULL, NULL),
(922, 3, '? ', 8, 58, 84, NULL, NULL),
(923, 8, '?', 8, 58, 84, NULL, NULL),
(924, 6, '?', 8, 58, 84, NULL, NULL),
(925, 4, 'CP', 8, 26, 90, NULL, 4),
(926, 7, '?', 9, 46, 83, NULL, NULL),
(927, 7, '?', 9, 46, 85, NULL, NULL),
(928, 8, '?', 9, 46, 89, NULL, NULL),
(929, 4, '?', 9, 46, 89, NULL, NULL),
(930, 8, '?', 9, 46, 89, NULL, NULL),
(931, 14, '?', 9, 46, 97, NULL, NULL),
(932, 2, '?', 9, 46, 23, NULL, NULL),
(933, 14, '?', 9, 63, 91, NULL, NULL),
(934, 10, '?', 9, 63, 91, NULL, NULL),
(935, 7, '?', 9, 63, 91, NULL, NULL),
(936, 7, '?', 9, 63, 91, NULL, NULL),
(937, 14, 'CP', 9, 56, 90, NULL, 4),
(938, 28, 'Admin', 9, 56, 90, NULL, 10),
(939, 10, '?', 9, 56, 94, NULL, NULL),
(940, 5, '?', 9, 56, 94, NULL, NULL),
(941, 3, '?', 9, 56, 94, NULL, NULL),
(942, 7, 'Conf/Rdv/Formation/Ecole', 9, 58, 90, NULL, 5),
(944, 2, 'Réunion', 9, 58, 90, NULL, 1),
(945, 2, 'Réunion', 9, 58, 90, NULL, 1),
(946, 1, '?', 9, 58, 84, NULL, NULL),
(947, 2, '?', 9, 58, 84, NULL, NULL),
(948, 4, '?', 9, 58, 84, NULL, NULL),
(949, 7, '?', 9, 58, 84, NULL, NULL),
(950, 8, '?', 9, 58, 84, NULL, NULL),
(951, 10, '?', 9, 58, 84, NULL, NULL),
(952, 8, '?', 9, 58, 84, NULL, NULL),
(953, 4, '?', 9, 58, 84, NULL, NULL),
(954, 4, '?', 9, 58, 84, NULL, NULL),
(955, 1, '?', 9, 58, 84, NULL, NULL),
(956, 2, '?', 9, 46, 89, NULL, NULL),
(957, 2, '?', 9, 46, 24, NULL, NULL),
(958, 4, '?', 9, 46, 23, NULL, NULL),
(959, 2, '?', 9, 46, 4, NULL, NULL),
(960, 4, 'Réunion', 9, 54, 90, NULL, 1),
(961, 4, 'Réunion', 9, 20, 90, NULL, 1),
(962, 4, 'Réunion', 9, 26, 90, NULL, 1),
(963, 7, 'Réunion', 9, 42, 90, NULL, 1),
(964, 1, 'Réunion', 9, 54, 90, NULL, 1),
(965, 1, 'Réunion', 9, 26, 90, NULL, 1),
(966, 1, 'Réunion', 9, 47, 90, NULL, 1),
(967, 7, 'Alfred, documentation, veille', 9, 26, 86, NULL, NULL),
(968, 7, 'forfait dev traiter les retours', 9, 26, 87, NULL, NULL),
(969, 3, 'préparer runion', 9, 26, 87, NULL, NULL),
(970, 7, 'CP', 9, 7, 90, NULL, 4),
(971, 7, 'Conf/Rdv/Formation/Ecole', 9, 7, 90, NULL, 5),
(972, 7, '?', 9, 60, 13, NULL, NULL),
(973, 2, '?', 9, 60, 13, NULL, NULL),
(974, 2, '?', 9, 60, 13, NULL, NULL),
(975, 2, '?', 9, 60, 13, NULL, NULL),
(976, 3, '?', 9, 60, 13, NULL, NULL),
(977, 4, '?', 9, 60, 13, NULL, NULL),
(978, 7, '?', 9, 60, 13, NULL, NULL),
(979, 1, '?', 9, 60, 81, NULL, NULL),
(980, 1, '?', 9, 60, 81, NULL, NULL),
(981, 9, '?', 9, 60, 83, NULL, NULL),
(982, 3, '?', 9, 60, 83, NULL, NULL),
(983, 3, '?', 9, 60, 83, NULL, NULL),
(984, 2, '?', 9, 60, 83, NULL, NULL),
(985, 3, '?', 9, 60, 83, NULL, NULL),
(986, 4, '?', 9, 60, 83, NULL, NULL),
(987, 3, '?', 9, 60, 83, NULL, NULL),
(988, 1, '?', 9, 60, 83, NULL, NULL),
(989, 2, '?', 9, 60, 83, NULL, NULL),
(990, 1, 'Réunion', 9, 60, 90, NULL, 1),
(991, 3, '?', 9, 7, 83, NULL, NULL),
(992, 9, '?', 9, 7, 83, NULL, NULL),
(993, 2, '?', 9, 7, 83, NULL, NULL),
(994, 2, '?', 9, 7, 83, NULL, NULL),
(995, 3, '?', 9, 7, 83, NULL, NULL),
(996, 4, '?', 9, 7, 83, NULL, NULL),
(997, 3, '?', 9, 7, 83, NULL, NULL),
(998, 1, '?', 9, 7, 83, NULL, NULL),
(999, 2, '?', 9, 7, 83, NULL, NULL),
(1000, 1, '?', 9, 7, 96, NULL, NULL),
(1001, 1, '?', 9, 7, 96, NULL, NULL),
(1002, 3, '?', 9, 7, 74, NULL, NULL),
(1003, 4, '?', 9, 7, 74, NULL, NULL),
(1004, 1, '?', 9, 7, 74, NULL, NULL),
(1005, 1, '?', 9, 7, 74, NULL, NULL),
(1006, 3, '?', 9, 7, 74, NULL, NULL),
(1007, 1, '?', 9, 7, 74, NULL, NULL),
(1008, 1, '?', 9, 7, 74, NULL, NULL),
(1009, 1, 'Réunion', 9, 7, 90, NULL, 1),
(1010, 8, '?', 9, 63, 85, NULL, NULL),
(1011, 5, '?', 9, 63, 85, NULL, NULL),
(1012, 5, '?', 9, 63, 85, NULL, NULL),
(1013, 4, '?', 9, 63, 85, NULL, NULL),
(1014, 7, 'android 7 a jour', 9, 62, 95, NULL, NULL),
(1015, 1, 'reunion technique', 9, 62, 95, NULL, NULL),
(1016, 1, 'reunion intégration', 9, 62, 95, NULL, NULL),
(1017, 7, 'evolution et mise en forme des csv', 9, 62, 95, NULL, NULL),
(1018, 7, 'developpement du json (concatenation)', 9, 62, 95, NULL, NULL),
(1019, 1, 'confirmation client', 9, 62, 95, NULL, NULL),
(1020, 3, 'bouton', 9, 62, 95, NULL, NULL),
(1021, 4, 'font', 9, 62, 95, NULL, NULL),
(1022, 7, 'image', 9, 62, 95, NULL, NULL),
(1023, 14, 'developpement du script csv to json', 9, 62, 95, NULL, NULL),
(1024, 8, 'reflexion learning autour du code des missions', 9, 62, 95, NULL, NULL),
(1025, 7, '?', 9, 61, 95, NULL, NULL),
(1026, 1, '?', 9, 61, 95, NULL, NULL),
(1027, 1, '?', 9, 61, 95, NULL, NULL),
(1028, 7, '?', 9, 61, 95, NULL, NULL),
(1029, 7, '?', 9, 61, 95, NULL, NULL),
(1030, 1, '?', 9, 61, 95, NULL, NULL),
(1031, 3, '?', 9, 61, 95, NULL, NULL),
(1032, 4, '?', 9, 61, 95, NULL, NULL),
(1033, 7, '?', 9, 61, 95, NULL, NULL),
(1034, 14, '?', 9, 61, 95, NULL, NULL),
(1035, 8, '?', 9, 61, 95, NULL, NULL),
(1036, 10, 'Scrum', 9, 26, 90, NULL, 3),
(1037, 3, 'Réunion', 9, 20, 90, NULL, 1),
(1038, 7, '?', 9, 20, 69, NULL, NULL),
(1039, 4, '?', 9, 20, 69, NULL, NULL),
(1040, 3, '?', 9, 20, 69, NULL, NULL),
(1041, 26, 'Support', 9, 20, 90, NULL, 2),
(1042, 4, 'install environnements dev', 9, 26, 23, NULL, NULL),
(1043, 4, 'réparer ordi', 9, 26, 23, NULL, NULL),
(1044, 30, 'Support', 9, 22, 90, NULL, 2),
(1047, 2, '?', 9, 50, 82, NULL, NULL),
(1048, 7, '?', 9, 50, 82, NULL, NULL),
(1049, 2, '?', 9, 50, 82, NULL, NULL),
(1050, 4, '?', 9, 50, 82, NULL, NULL),
(1051, 4, '?', 9, 50, 82, NULL, NULL),
(1052, 2, '?', 9, 50, 82, NULL, NULL),
(1053, 1, '?', 9, 50, 82, NULL, NULL),
(1054, 1, '?', 9, 50, 82, NULL, NULL),
(1055, 1, '?', 9, 50, 82, NULL, NULL),
(1056, 1, '?', 9, 50, 82, NULL, NULL),
(1057, 7, '?', 9, 50, 82, NULL, NULL),
(1058, 4, '?', 9, 50, 82, NULL, NULL),
(1059, 4, '?', 9, 50, 82, NULL, NULL),
(1060, 3, '?', 9, 50, 82, NULL, NULL),
(1061, 1, '?', 9, 50, 82, NULL, NULL),
(1062, 7, '?', 9, 50, 82, NULL, NULL),
(1063, 1, '?', 9, 50, 82, NULL, NULL),
(1064, 4, '?', 9, 50, 82, NULL, NULL),
(1065, 4, '?', 9, 50, 82, NULL, NULL),
(1066, 7, '?', 9, 47, 87, NULL, NULL),
(1067, 7, '?', 9, 47, 86, NULL, NULL),
(1068, 7, '?', 9, 47, 95, NULL, NULL),
(1069, 21, '?', 9, 47, 13, NULL, NULL),
(1070, 7, '?', 9, 47, 23, NULL, NULL),
(1072, 2, 'MAJ appli', 9, 26, 69, NULL, NULL),
(1073, 14, 'proto', 9, 26, 86, NULL, NULL),
(1074, 10, 'Forfaits scrips install', 9, 10, 7, NULL, NULL),
(1075, 4, 'Pagination logs', 9, 10, 7, NULL, NULL),
(1076, 4, 'Desactivation scripts in process', 9, 10, 7, NULL, NULL),
(1077, 4, 'Process creation - liste dynamique des scripts', 9, 10, 7, NULL, NULL),
(1078, 2, 'Process creation - filtres par target ', 9, 10, 7, NULL, NULL),
(1079, 2, 'modification des scripts pour le nouveau statut', 9, 10, 7, NULL, NULL),
(1080, 2, 'nouveau statut fail mais corrigé', 9, 10, 7, NULL, NULL),
(1081, 2, 'doublons target name', 9, 10, 7, NULL, NULL),
(1082, 1, 'script comparaison logs manquants', 9, 10, 7, NULL, NULL),
(1083, 8, 'Filtres retravaillés', 9, 10, 4, NULL, NULL),
(1084, 2, 'Modifs dates - suppressions', 9, 10, 4, NULL, NULL),
(1085, 2, 'Modifs dates - dissimulations', 9, 10, 4, NULL, NULL),
(1086, 1, 'Modifs dates - tests', 9, 10, 4, NULL, NULL),
(1087, 1, 'Vue sample constante', 9, 10, 4, NULL, NULL),
(1088, 1, 'Date event created visible', 9, 10, 4, NULL, NULL),
(1089, 1, 'Filtres sur les données calculées retirés', 9, 10, 4, NULL, NULL),
(1090, 1, 'Scrolling latéral retiré sur selection d\'item dans grilles', 9, 10, 4, NULL, NULL),
(1091, 1, 'Liens vers échantillon parent', 9, 10, 4, NULL, NULL),
(1092, 6, 'Mise en place du VPN, Plannif, UNGWIC', 9, 10, 23, NULL, NULL),
(1093, 2, 'Support', 9, 10, 90, NULL, 2),
(1094, 3, 'Réunion', 9, 10, 90, NULL, 1),
(1095, 4, 'Agence de l\'eau', 9, 26, 23, NULL, NULL),
(1096, 21, '?', 9, 42, 26, NULL, NULL),
(1097, 9, 'Réunion', 9, 54, 90, NULL, 1),
(1098, 1, 'Gestion des champs virtuels', 9, 54, 89, NULL, NULL),
(1099, 3, 'Gestion de la pagination (backend)', 9, 54, 89, NULL, NULL),
(1100, 7, 'Définition de la syntaxe de codage des logigrammes', 9, 54, 89, NULL, NULL),
(1101, 7, 'Implémentation du typechecker du gestionnaire de procédures', 9, 54, 89, NULL, NULL),
(1102, 7, 'Implémentation de l\'évaluateur de noeuds du gestionnaire', 9, 54, 89, NULL, NULL),
(1103, 7, 'Gestion des actions pour les tables: transfert et copie de données', 9, 54, 89, NULL, NULL),
(1104, 14, 'Tests et documentation pour le gestionnaire de procédures événementielles', 9, 54, 89, NULL, NULL),
(1105, 4, 'Création des différents css selon les applis concernés', 9, 52, 4, NULL, NULL),
(1106, 4, 'Adaptation du code de l\'application pour permettre un affichage personnalisé', 9, 52, 4, NULL, NULL),
(1107, 4, 'Implémentation des web services relatifs aux nouveaux boutons', 9, 52, 4, NULL, NULL),
(1108, 1, 'Ajout des boutons previous/next sample', 9, 52, 4, NULL, NULL),
(1109, 1, 'Ajout des boutons previous/next subject', 9, 52, 4, NULL, NULL),
(1110, 1, 'Ajout des boutons edit et delete', 9, 52, 4, NULL, NULL),
(1111, 1, 'Activation du bandeau d\'import', 9, 52, 4, NULL, NULL),
(1112, 4, '?', 9, 52, 4, NULL, NULL),
(1113, 2, 'Inté modifications', 9, 52, 4, NULL, NULL),
(1114, 14, 'Modifs', 9, 52, 85, NULL, NULL),
(1115, 3, '?', 9, 52, 23, NULL, NULL),
(1116, 10, 'Recette mise à jour', 9, 52, 10, NULL, NULL),
(1117, 11, 'Support', 9, 52, 90, NULL, 2),
(1118, 5, 'Conf/Rdv/Formation/Ecole', 9, 20, 90, NULL, 5),
(1119, 8, '?', 9, 20, 10, NULL, NULL),
(1120, 14, 'Conf/Rdv/Formation/Ecole', 9, 41, 90, NULL, 5),
(1121, 5, '?', 9, 41, 20, NULL, NULL),
(1122, 7, '?', 9, 41, 20, NULL, NULL),
(1123, 4, '?', 9, 41, 20, NULL, NULL),
(1124, 7, '?', 9, 41, 20, NULL, NULL),
(1125, 7, '?', 9, 41, 23, NULL, NULL),
(1126, 7, '?', 9, 41, 24, NULL, NULL),
(1127, 9, '?', 9, 41, 89, NULL, NULL),
(1128, 4, '?', 9, 42, 79, NULL, NULL),
(1129, 7, '?', 9, 42, 89, NULL, NULL),
(1130, 7, '?', 9, 42, 89, NULL, NULL),
(1131, 7, '?', 9, 42, 89, NULL, NULL),
(1132, 7, '?', 9, 42, 89, NULL, NULL),
(1133, 30, 'Support', 9, 22, 90, NULL, 2),
(1134, 6, 'modifié le csv', 10, 62, 95, NULL, NULL),
(1135, 6, 'contact client', 10, 62, 95, NULL, NULL),
(1136, 1, 'envoyer le github au client', 10, 62, 95, NULL, NULL),
(1137, 10, 'création de l’espèce je ne sais pas', 10, 62, 95, NULL, NULL),
(1138, 10, 'création liste milieux', 10, 62, 95, NULL, NULL),
(1139, 20, 'adaptation template mission_sheet au plurispécifique', 10, 62, 95, NULL, NULL),
(1140, 7, 'CP', 10, 62, 90, NULL, 4),
(1141, 5, 'intégration images', 10, 61, 95, NULL, NULL),
(1142, 5, 'intégration icones', 10, 61, 95, NULL, NULL),
(1143, 3, 'intégration fonts', 10, 61, 95, NULL, NULL),
(1144, 10, 'Création liste milieux + pictos associés', 10, 61, 95, NULL, NULL),
(1145, 10, 'Création espèce Je ne sais pas', 10, 61, 95, NULL, NULL),
(1146, 20, 'Adaptation template mission_sheet au plurispécifique', 10, 61, 95, NULL, NULL),
(1147, 7, 'CP', 10, 61, 90, NULL, 4),
(1148, 7, 'intégration de données Eaux de Marseille', 10, 26, 23, NULL, NULL),
(1149, 10, 'intégration des modifs de maquette', 10, 26, 87, NULL, NULL),
(1150, 7, 'migration de serveur', 10, 26, 18, NULL, NULL),
(1151, 14, 'CP', 10, 26, 90, NULL, 4),
(1152, 10, 'Scrum', 10, 26, 90, NULL, 3),
(1153, 2, '?', 10, 60, 13, NULL, NULL),
(1154, 2, '?', 10, 60, 13, NULL, NULL),
(1155, 14, '?', 10, 60, 13, NULL, NULL),
(1156, 3, '?', 10, 60, 13, NULL, NULL),
(1157, 3, '?', 10, 60, 13, NULL, NULL),
(1158, 7, '?', 10, 60, 13, NULL, NULL),
(1159, 7, '?', 10, 60, 83, NULL, NULL),
(1160, 8, '?', 10, 60, 83, NULL, NULL),
(1161, 2, '?', 10, 60, 83, NULL, NULL),
(1162, 8, '?', 10, 60, 83, NULL, NULL),
(1163, 4, '?', 10, 60, 83, NULL, NULL),
(1164, 7, '?', 10, 7, 74, NULL, NULL),
(1165, 4, '?', 10, 7, 74, NULL, NULL),
(1166, 1, '?', 10, 7, 74, NULL, NULL),
(1167, 1, '?', 10, 7, 74, NULL, NULL),
(1168, 4, '?', 10, 58, 74, NULL, NULL),
(1169, 2, '?', 10, 7, 96, NULL, NULL),
(1170, 7, '?', 10, 7, 96, NULL, NULL),
(1171, 7, '?', 10, 7, 96, NULL, NULL),
(1172, 10, '?', 10, 7, 96, NULL, NULL),
(1173, 9, '?', 10, 7, 96, NULL, NULL),
(1174, 7, 'CP', 10, 7, 90, NULL, 4),
(1175, 5, '?', 10, 7, 83, NULL, NULL),
(1176, 7, '?', 10, 57, 94, NULL, NULL),
(1177, 7, '?', 10, 57, 94, NULL, NULL),
(1178, 7, '?', 10, 57, 94, NULL, NULL),
(1179, 7, '?', 10, 57, 94, NULL, NULL),
(1180, 5, '?', 10, 57, 94, NULL, NULL),
(1181, 7, '?', 10, 57, 94, NULL, NULL),
(1182, 7, '?', 10, 57, 94, NULL, NULL),
(1183, 2, '?', 10, 57, 94, NULL, NULL),
(1184, 4, 'Réunion', 10, 57, 90, NULL, 1),
(1185, 7, '?', 10, 57, 23, NULL, NULL),
(1186, 5, 'Réunion', 10, 26, 90, NULL, 1),
(1187, 4, 'Recette partie hors-saisies', 10, 52, 20, NULL, NULL),
(1188, 3, 'Recette partie balance', 10, 52, 20, NULL, NULL),
(1189, 1, 'MAJ bdd avec console (tom)', 10, 52, 20, NULL, NULL),
(1190, 3, 'MAJ replications de referentiel (tom)', 10, 52, 20, NULL, NULL),
(1191, 2, 'MAJ replications inter-sites (tom)', 10, 52, 20, NULL, NULL),
(1192, 1, 'MAJ Thésaurus, Position et TRACK (tom)', 10, 52, 20, NULL, NULL),
(1193, 1, 'Recréation des applis dev (tom)', 10, 52, 20, NULL, NULL),
(1194, 4, 'Test complet applis (tom)', 10, 52, 20, NULL, NULL),
(1195, 2, 'Pose adhé et recouvrement', 10, 52, 82, NULL, NULL),
(1196, 6, 'Réalisation docs x2', 10, 52, 82, NULL, NULL),
(1197, 2, 'Corrections docs', 10, 52, 82, NULL, NULL),
(1198, 4, 'Manuel avec nouveaux écrans', 10, 52, 82, NULL, NULL),
(1199, 1, 'Validations modifs manuel', 10, 52, 82, NULL, NULL),
(1200, 2, 'Corrections manuel', 10, 52, 82, NULL, NULL),
(1201, 1, 'Impression etiquettes', 10, 52, 82, NULL, NULL),
(1202, 16, 'Install PC', 10, 52, 23, NULL, NULL),
(1203, 7, 'Inté pour Khaled (avec Nabil)', 10, 52, 87, NULL, NULL),
(1204, 2, 'Améliorer fonctionnement mail rétro', 10, 22, 23, NULL, NULL),
(1205, 2, 'Creer objectif plus rapidement', 10, 22, 23, NULL, NULL),
(1206, 9, 'Securiser connexion mdp', 10, 22, 23, NULL, NULL),
(1207, 6, 'Mettre en ligne ScrumMaster', 10, 22, 23, NULL, NULL),
(1208, 3, 'Dashboard Burndownchart invalide', 10, 22, 23, NULL, NULL);
INSERT INTO `attribution` (`id`, `heure`, `Label`, `id_Sprint`, `id_Employe`, `id_Projet`, `id_Caracteristiques`, `id_TypeTache`) VALUES
(1209, 21, 'Installer Appli Ns', 10, 22, 24, NULL, NULL),
(1210, 4, 'Reprise de l\'interface propriétés du protocole selon la maquette', 10, 22, 16, NULL, NULL),
(1211, 1, 'Conversion en poids binaire de la configuration', 10, 22, 16, NULL, NULL),
(1212, 1, 'Stockage dans la base de données du formbuilder et création éventuelles de pipes', 10, 22, 16, NULL, NULL),
(1213, 4, 'Modifications des scripts de propagation du référentiel pour prendre en compte la nouvelle colonne de configuration', 10, 22, 16, NULL, NULL),
(1214, 7, 'Tests et validation', 10, 22, 16, NULL, NULL),
(1215, 7, '?', 10, 65, 23, NULL, NULL),
(1216, 4, '?', 10, 65, 3, NULL, NULL),
(1217, 4, '?', 10, 65, 3, NULL, NULL),
(1218, 6, '?', 10, 65, 3, NULL, NULL),
(1219, 3, '?', 10, 65, 3, NULL, NULL),
(1220, 3, '?', 10, 65, 3, NULL, NULL),
(1221, 3, '?', 10, 65, 3, NULL, NULL),
(1222, 30, 'Conf/Rdv/Formation/Ecole', 10, 65, 90, NULL, 5),
(1223, 21, '?', 10, 42, 26, NULL, NULL),
(1224, 2, '?', 10, 42, 89, NULL, NULL),
(1225, 3, '?', 10, 42, 89, NULL, NULL),
(1228, 4, '?', 10, 42, 89, NULL, NULL),
(1229, 7, '?', 10, 42, 89, NULL, NULL),
(1230, 7, '?', 10, 42, 89, NULL, NULL),
(1231, 7, '?', 10, 42, 83, NULL, NULL),
(1232, 9, '?', 10, 42, 83, NULL, NULL),
(1233, 2, '?', 10, 50, 7, NULL, NULL),
(1234, 2, '?', 10, 50, 24, NULL, NULL),
(1235, 2, '?', 10, 50, 82, NULL, NULL),
(1236, 4, '?', 10, 50, 82, NULL, NULL),
(1237, 2, '?', 10, 50, 82, NULL, NULL),
(1238, 4, '?', 10, 50, 82, NULL, NULL),
(1239, 1, '?', 10, 50, 82, NULL, NULL),
(1240, 1, '?', 10, 50, 82, NULL, NULL),
(1241, 7, '?', 10, 50, 82, NULL, NULL),
(1242, 35, 'Support', 10, 50, 90, NULL, 2),
(1243, 21, 'Faire une webographie', 10, 47, 92, NULL, NULL),
(1244, 7, 'Création des pictos', 10, 47, 95, NULL, NULL),
(1245, 7, 'traiter retour maquette', 10, 47, 13, NULL, NULL),
(1246, 4, 'intégration avec NF', 10, 47, 23, NULL, NULL),
(1247, 7, 'traiter retour maquette', 10, 47, 87, NULL, NULL),
(1248, 14, 'Formation Design, culture web', 10, 47, 23, NULL, NULL),
(1249, 4, '?', 10, 41, 18, NULL, NULL),
(1250, 21, '?', 10, 41, 82, NULL, NULL),
(1251, 4, '?', 10, 41, 89, NULL, NULL),
(1252, 31, 'Support', 10, 41, 90, NULL, 2),
(1253, 7, '?', 10, 26, 23, NULL, NULL),
(1254, 2, 'Réunion', 10, 10, 90, NULL, 1),
(1255, 3, 'Support', 10, 10, 90, NULL, 2),
(1256, 2, 'Aide installation applis reneco Jeromi', 10, 10, 23, NULL, NULL),
(1257, 1, 'Planifications, mission, prévisions ...', 10, 10, 23, NULL, NULL),
(1258, 9, 'Console - Tests types scripts', 10, 10, 7, NULL, NULL),
(1259, 5, 'Console - Préparation Démo', 10, 10, 7, NULL, NULL),
(1260, 4, 'Console - Tests scripts auto', 10, 10, 7, NULL, NULL),
(1261, 2, 'Console - Tests compatibilité', 10, 10, 7, NULL, NULL),
(1262, 2, 'Console - Réunion design', 10, 10, 7, NULL, NULL),
(1263, 2, 'Console - Filtres scripts par target', 10, 10, 7, NULL, NULL),
(1264, 2, 'Console -  Scripts CA install AppRepro', 10, 10, 7, NULL, NULL),
(1265, 1, 'Requêtes comparaison pipes TRACK', 10, 10, 7, NULL, NULL),
(1266, 4, 'Installation de l\'appli', 10, 10, 89, NULL, NULL),
(1267, 4, 'Configuration redimensionnement deonnées', 10, 10, 89, NULL, NULL),
(1268, 4, 'Affichage options colonnes', 10, 10, 89, NULL, NULL),
(1269, 4, 'Configuration pour le panneau d\'outil', 10, 10, 89, NULL, NULL),
(1270, 4, 'Implémentation, source de données serveur', 10, 10, 89, NULL, NULL),
(1271, 4, 'Implémentation, source de données locale', 10, 10, 89, NULL, NULL),
(1272, 1, 'Transmission des infos', 10, 10, 89, NULL, NULL),
(1273, 4, '?', 10, 58, 84, NULL, NULL),
(1274, 4, '?', 10, 58, 84, NULL, NULL),
(1275, 4, '?', 10, 58, 84, NULL, NULL),
(1276, 4, '?', 10, 58, 84, NULL, NULL),
(1277, 4, '?', 10, 58, 84, NULL, NULL),
(1278, 4, '?', 10, 58, 84, NULL, NULL),
(1279, 4, '?', 10, 58, 84, NULL, NULL),
(1280, 4, '?', 10, 58, 84, NULL, NULL),
(1281, 4, '?', 10, 58, 84, NULL, NULL),
(1283, 8, '?', 10, 58, 84, NULL, NULL),
(1284, 6, '?', 10, 58, 84, NULL, NULL),
(1285, 6, '?', 10, 58, 84, NULL, NULL),
(1286, 1, '?', 11, 7, 74, NULL, NULL),
(1287, 1, '?', 11, 7, 74, NULL, NULL),
(1288, 9, '?', 11, 7, 74, NULL, NULL),
(1289, 25, 'CP', 11, 7, 90, NULL, 4),
(1290, 7, 'CP', 11, 7, 90, NULL, 4),
(1291, 7, 'Férié', 11, 60, 90, NULL, 9),
(1292, 7, 'Férié', 11, 46, 90, NULL, 9),
(1293, 7, 'Férié', 11, 7, 90, NULL, 9),
(1299, 7, 'Férié', 11, 62, 90, NULL, 9),
(1301, 7, 'Férié', 11, 65, 90, NULL, 9),
(1303, 7, 'Férié', 11, 61, 90, NULL, 9),
(1304, 7, 'Férié', 11, 50, 90, NULL, 9),
(1306, 7, 'Férié', 11, 22, 90, NULL, 9),
(1307, 7, 'Férié', 11, 57, 90, NULL, 9),
(1310, 7, 'Férié', 11, 52, 90, NULL, 9),
(1312, 7, 'Férié', 11, 58, 90, NULL, 9),
(1315, 7, 'Férié', 11, 42, 90, NULL, 9),
(1316, 2, '?', 11, 7, 96, NULL, NULL),
(1318, 1, '?', 11, 7, 96, NULL, NULL),
(1319, 1, '?', 11, 7, 96, NULL, NULL),
(1324, 2, '?', 11, 7, 96, NULL, NULL),
(1325, 4, '?', 11, 7, 66, NULL, NULL),
(1326, 7, 'CP', 11, 62, 90, NULL, 4),
(1327, 7, 'CP', 11, 61, 90, NULL, 4),
(1328, 2, 'supprimer le swipper', 11, 62, 95, NULL, NULL),
(1329, 2, 'supprimer mission autour de moi', 11, 62, 95, NULL, NULL),
(1330, 2, 'supprimer mission d\'apprentissage', 11, 62, 95, NULL, NULL),
(1331, 2, 'supprimer vous êtes en forêts', 11, 62, 95, NULL, NULL),
(1332, 2, 'supprimer temps en forêts', 11, 62, 95, NULL, NULL),
(1333, 6, 'ajouter la rubrique Sources', 11, 62, 95, NULL, NULL),
(1334, 15, 'Créer la view mission', 11, 62, 95, NULL, NULL),
(1335, 7, 'adapter le csv', 11, 62, 95, NULL, NULL),
(1336, 6, 'ajouter la la rubrique ne pas confondre', 11, 62, 95, NULL, NULL),
(1337, 2, 'réunion client', 11, 62, 95, NULL, NULL),
(1338, 2, 'crédits photo', 11, 61, 95, NULL, NULL),
(1339, 2, 'supprimer swiper', 11, 61, 95, NULL, NULL),
(1340, 2, 'supprimer missions autour de moi', 11, 61, 95, NULL, NULL),
(1341, 2, 'supprimer missions d\'apprentissage', 11, 61, 95, NULL, NULL),
(1342, 2, 'supprimer vous êtes en forêt', 11, 61, 95, NULL, NULL),
(1343, 2, 'supprimer vous avez passé x heures en forêt', 11, 61, 95, NULL, NULL),
(1344, 5, 'modifier page de chargement', 11, 61, 95, NULL, NULL),
(1345, 6, 'implémenter les milieux', 11, 61, 95, NULL, NULL),
(1346, 6, 'ajouter rubrique sources', 11, 61, 95, NULL, NULL),
(1347, 15, 'créer view Mission et dissocier des vues Especes', 11, 61, 95, NULL, NULL),
(1349, 2, 'Réunion', 11, 61, 95, NULL, NULL),
(1350, 8, '?', 11, 42, 83, NULL, NULL),
(1351, 23, 'CP', 11, 42, 90, NULL, 4),
(1352, 7, '?', 11, 42, 26, NULL, NULL),
(1353, 8, '?', 11, 42, 89, NULL, NULL),
(1355, 7, 'CP', 11, 60, 90, NULL, 4),
(1356, 7, '?', 11, 60, 13, NULL, NULL),
(1357, 7, '?', 11, 60, 13, NULL, NULL),
(1358, 7, '?', 11, 60, 13, NULL, NULL),
(1359, 3, '?', 11, 60, 13, NULL, NULL),
(1360, 4, '?', 11, 60, 13, NULL, NULL),
(1361, 2, '?', 11, 60, 13, NULL, NULL),
(1362, 7, '?', 11, 60, 83, NULL, NULL),
(1363, 4, '?', 11, 60, 83, NULL, NULL),
(1364, 2, '?', 11, 60, 83, NULL, NULL),
(1365, 3, '?', 11, 60, 83, NULL, NULL),
(1366, 35, 'Support', 11, 50, 90, NULL, 2),
(1367, 7, 'Conf/Rdv/Formation/Ecole', 11, 42, 90, NULL, 5),
(1368, 4, 'Reprise de l\'interface propriétés du protocole selon la maquette.', 11, 22, 16, NULL, NULL),
(1369, 1, 'Conversion en poids binaire de la configuration.', 11, 22, 16, NULL, NULL),
(1370, 1, 'Stockage dans la base de données du formbuilder et création éventuelles de pipes.', 11, 22, 16, NULL, NULL),
(1371, 4, 'Modifications des scripts de propagation du référentiel pour prendre en compte la nouvelle colonne de configuration.', 11, 22, 16, NULL, NULL),
(1372, 7, 'Tests et validation de la modification des scripts de propagation..', 11, 22, 16, NULL, NULL),
(1373, 1, 'Retirer la propriété valeur décimale autorisée pour les inputs type numérique (de façon globale).', 11, 22, 16, NULL, NULL),
(1374, 1, 'Rajouter une propriété de formulaire spécifique au contexte ecorelevé afficher en grille.', 11, 22, 16, NULL, NULL),
(1375, 1, 'Rajouter une propriété de champ checkbox spécifique au contexte ecorelevé default value.', 11, 22, 16, NULL, NULL),
(1376, 1, 'Rajouter une propriété de formulaire spécifique au contexte ecorelevé hidden protocol.', 11, 22, 16, NULL, NULL),
(1377, 1, 'Tests des propriétés de formulaire pour écorelevé.', 11, 22, 16, NULL, NULL),
(1378, 2, 'Mettre en place un système renvoyant la liste des paramètres issus de TRACK', 11, 22, 16, NULL, NULL),
(1379, 5, 'Dans le contexte TRACK, les propriétés qui peuvent prendre un paramètre sont désormais des autocompletes.', 11, 22, 16, NULL, NULL),
(1380, 10, 'Wamp en ligne.', 11, 22, 23, NULL, NULL),
(1381, 2, 'Décider de l\'emplacement (serveur du site web avec ceux qui savent).', 11, 22, 23, NULL, NULL),
(1382, 2, 'Mettre champ initiales.', 11, 22, 23, NULL, NULL),
(1383, 10, 'Signature mail.', 11, 22, 23, NULL, NULL),
(1385, 2, '?', 11, 50, 7, NULL, NULL),
(1386, 2, '?', 11, 50, 24, NULL, NULL),
(1387, 2, '?', 11, 50, 82, NULL, NULL),
(1388, 4, '?', 11, 50, 82, NULL, NULL),
(1389, 2, '?', 11, 50, 82, NULL, NULL),
(1390, 4, '?', 11, 50, 67, NULL, NULL),
(1391, 1, '?', 11, 50, 67, NULL, NULL),
(1392, 1, '?', 11, 50, 20, NULL, NULL),
(1393, 11, 'CP', 11, 46, 90, NULL, 4),
(1394, 7, '?', 11, 46, 55, NULL, NULL),
(1395, 4, '?', 11, 46, 89, NULL, NULL),
(1396, 14, '?', 11, 46, 16, NULL, NULL),
(1397, 4, '?', 11, 46, 7, NULL, NULL),
(1398, 4, '?', 11, 46, 7, NULL, NULL),
(1399, 7, '?', 11, 46, 83, NULL, NULL),
(1400, 2, '?', 11, 46, 23, NULL, NULL),
(1401, 4, 'MAJ bdd console (tom)', 11, 52, 20, NULL, NULL),
(1402, 4, 'MAJ replication de referentiel', 11, 52, 20, NULL, NULL),
(1403, 4, 'MAJ replicatio inter-sites', 11, 52, 20, NULL, NULL),
(1404, 3, 'MAJ Thesaurus, Position et Track', 11, 52, 20, NULL, NULL),
(1405, 2, 'Recréation des applis dev', 11, 52, 20, NULL, NULL),
(1406, 7, 'Test complet applis', 11, 52, 20, NULL, NULL),
(1407, 2, 'Inté modifs fusion imports', 11, 52, 4, NULL, NULL),
(1408, 1, 'Btns previous/next samples', 11, 52, 4, NULL, NULL),
(1409, 1, 'Btns edit et delete', 11, 52, 4, NULL, NULL),
(1410, 1, 'Btns previous/next subjects', 11, 52, 4, NULL, NULL),
(1411, 1, 'Bandeau imports', 11, 52, 4, NULL, NULL),
(1412, 4, 'Implémentation des web services relatifs aux nvx btn', 11, 52, 4, NULL, NULL),
(1413, 4, 'Reprise de l\'interface propriétés du protocole', 11, 52, 16, NULL, NULL),
(1414, 1, 'header', 11, 52, 89, NULL, NULL),
(1415, 1, 'favicon + titre', 11, 52, 89, NULL, NULL),
(1416, 5, 'Design global', 11, 52, 89, NULL, NULL),
(1417, 7, 'CP', 11, 52, 90, NULL, 4),
(1418, 7, 'CP', 11, 66, 90, NULL, 4),
(1419, 4, '?', 11, 66, 3, NULL, NULL),
(1420, 4, '?', 11, 66, 3, NULL, NULL),
(1421, 9, '?', 11, 66, 3, NULL, NULL),
(1422, 9, '?', 11, 66, 3, NULL, NULL),
(1423, 9, '?', 11, 66, 3, NULL, NULL),
(1424, 7, '?', 11, 66, 3, NULL, NULL),
(1425, 5, '?', 11, 66, 3, NULL, NULL),
(1426, 7, 'CP', 11, 57, 90, NULL, 4),
(1427, 7, '?', 11, 57, 23, NULL, NULL),
(1428, 4, '?', 11, 57, 94, NULL, NULL),
(1429, 7, '?', 11, 57, 94, NULL, NULL),
(1430, 7, '?', 11, 57, 94, NULL, NULL),
(1431, 1, '?', 11, 57, 94, NULL, NULL),
(1432, 4, '?', 11, 57, 94, NULL, NULL),
(1433, 5, '?', 11, 57, 94, NULL, NULL),
(1434, 4, '?', 11, 57, 94, NULL, NULL),
(1435, 7, '?', 11, 57, 94, NULL, NULL),
(1436, 7, 'CP', 11, 58, 90, NULL, 4),
(1437, 4, '?', 11, 58, 84, NULL, NULL),
(1438, 12, '?', 11, 58, 84, NULL, NULL),
(1439, 12, '?', 11, 58, 84, NULL, NULL),
(1440, 18, '?', 11, 58, 84, NULL, NULL),
(1441, 16, '?', 11, 65, 3, NULL, NULL),
(1442, 4, '?', 11, 65, 3, NULL, NULL),
(1443, 7, '?', 11, 65, 3, NULL, NULL),
(1444, 3, '?', 11, 65, 3, NULL, NULL),
(1445, 4, '?', 11, 65, 3, NULL, NULL),
(1446, 19, 'Conf/Rdv/Formation/Ecole', 11, 65, 90, NULL, 5),
(1447, 6, '?', 11, 66, 3, NULL, NULL),
(1448, 1, '?', 11, 52, 4, NULL, NULL),
(1449, 14, 'Création du logigramme', 12, 52, 89, NULL, NULL),
(1450, 7, 'Conception du logigramme', 12, 52, 89, NULL, NULL),
(1451, 2, 'Définition des éléments visuels présents dans le logigramme et du mode de représentation', 12, 52, 89, NULL, NULL),
(1452, 4, 'Corrections suite aux retours', 12, 52, 89, NULL, NULL),
(1454, 4, 'Intégration des maquettes', 12, 52, 89, NULL, NULL),
(1455, 1, 'Install', 12, 52, 16, NULL, NULL),
(1456, 4, 'Inté', 12, 52, 16, NULL, NULL),
(1460, 4, 'MAJ bdd console', 12, 52, 20, NULL, NULL),
(1461, 4, 'MAJ replication de referentiel', 12, 52, 20, NULL, NULL),
(1462, 3, 'MAJ thesaurus position et track', 12, 52, 20, NULL, NULL),
(1463, 2, 'MAJ replications inter sites', 12, 52, 20, NULL, NULL),
(1464, 1, 'Bug inté', 12, 52, 10, NULL, NULL),
(1465, 4, '?', 12, 65, 3, NULL, NULL),
(1466, 7, '?', 12, 65, 3, NULL, NULL),
(1467, 4, '?', 12, 65, 3, NULL, NULL),
(1468, 30, 'Conf/Rdv/Formation/Ecole', 12, 65, 90, NULL, 5),
(1469, 4, 'Captcha commentaires', 12, 62, 3, NULL, NULL),
(1470, 7, 'Monter Drupal 7.6 VPS', 12, 62, 3, NULL, NULL),
(1471, 35, 'CP', 12, 41, 90, NULL, 4),
(1472, 13, '?', 12, 41, 67, NULL, NULL),
(1473, 5, '?', 12, 41, 20, NULL, NULL),
(1474, 7, '?', 12, 65, 96, NULL, NULL),
(1475, 3, '?', 12, 65, 96, NULL, NULL),
(1476, 3, '?', 12, 65, 96, NULL, NULL),
(1477, 1, '?', 12, 65, 96, NULL, NULL),
(1478, 1, '?', 12, 65, 96, NULL, NULL),
(1479, 5, 'Scrum', 12, 7, 90, NULL, 3),
(1480, 7, 'CP', 12, 7, 90, NULL, 4),
(1481, 1, 'Réunion', 12, 7, 90, NULL, 1),
(1482, 3, 'Création des jsons du module de saisie', 12, 54, 89, NULL, NULL),
(1483, 2, 'Clonage de l\'appli front pour le module d\'attribution', 12, 54, 89, NULL, NULL),
(1484, 2, 'Création des pip pour la mise à jour de la base repro', 12, 54, 89, NULL, NULL),
(1485, 1, 'Mise en place de la table tversion pour la base repro?', 12, 54, 89, NULL, NULL),
(1486, 3, 'création d\'un webservice spécifique à la repro', 12, 54, 89, NULL, NULL),
(1487, 3, 'création d\'un webservice spécifique à la repro', 12, 54, 89, NULL, NULL),
(1488, 1, 'documentation du webservice de repro', 12, 54, 89, NULL, NULL),
(1489, 7, 'Réunion', 12, 46, 90, NULL, 1),
(1490, 7, 'Réunion', 12, 10, 90, NULL, 1),
(1491, 7, 'Réunion', 12, 54, 90, NULL, 1),
(1492, 7, 'Réunion', 12, 42, 90, NULL, 1),
(1493, 7, 'Réunion', 12, 54, 90, NULL, 1),
(1494, 7, 'Réunion', 12, 42, 90, NULL, 1),
(1495, 3, 'Réunion', 12, 46, 90, NULL, 1),
(1496, 4, 'Réunion', 12, 54, 90, NULL, 1),
(1497, 7, 'Réunion', 12, 14, 90, NULL, 1),
(1498, 3, 'Réunion', 12, 52, 90, NULL, 1),
(1499, 7, 'Réunion', 12, 41, 90, NULL, 1),
(1500, 7, 'Réunion', 12, 54, 90, NULL, 1),
(1501, 7, 'Réunion', 12, 57, 90, NULL, 1),
(1503, 7, 'Réunion', 12, 32, 90, NULL, 1),
(1504, 1, 'Réunion', 12, 7, 90, NULL, 1),
(1505, 1, 'Réunion', 12, 7, 90, NULL, 1),
(1506, 7, '?', 12, 60, 13, NULL, NULL),
(1507, 7, '?', 12, 60, 13, NULL, NULL),
(1508, 4, '?', 12, 60, 13, NULL, NULL),
(1509, 2, '?', 12, 60, 13, NULL, NULL),
(1510, 4, '?', 12, 60, 83, NULL, NULL),
(1511, 4, '?', 12, 60, 83, NULL, NULL),
(1512, 7, '?', 12, 60, 83, NULL, NULL),
(1513, 4, '?', 12, 60, 83, NULL, NULL),
(1514, 4, '?', 12, 60, 83, NULL, NULL),
(1515, 3, '?', 12, 60, 83, NULL, NULL),
(1516, 7, '?', 12, 60, 83, NULL, NULL),
(1517, 7, '?', 12, 60, 83, NULL, NULL),
(1518, 14, 'Création d\'un parseur SQL vers JSON', 12, 54, 89, NULL, NULL),
(1519, 3, 'Test du parseur', 12, 54, 89, NULL, NULL),
(1520, 1, 'Réunion', 12, 7, 90, NULL, 1),
(1521, 1, 'Retirer la propriété valeur décimale autorisée pour les inputs type numérique (de façon globale).', 12, 22, 16, NULL, NULL),
(1522, 1, 'Rajouter une propriété de formulaire spécifique au contexte ecorelevé afficher en grille', 12, 22, 16, NULL, NULL),
(1523, 1, 'Rajouter une propriété de champ checkbox spécifique au contexte ecorelevé default value', 12, 22, 16, NULL, NULL),
(1524, 1, 'Rajouter une propriété de formulaire spécifique au contexte ecorelevé hidden protocol', 12, 22, 16, NULL, NULL),
(1525, 1, 'Tests du rajout des propriétés', 12, 22, 16, NULL, NULL),
(1526, 2, 'finir historique', 12, 22, 66, NULL, NULL),
(1527, 1, 'fusion historique -> actuelle database', 12, 22, 66, NULL, NULL),
(1528, 10, 'mise en ligne app scrum', 12, 22, 66, NULL, NULL),
(1529, 2, 'chercher emplacement web', 12, 22, 66, NULL, NULL),
(1530, 35, 'Support', 12, 22, 90, NULL, 2),
(1531, 5, 'Réunion', 12, 22, 90, NULL, 1),
(1532, 4, 'CP', 12, 46, 90, NULL, 4),
(1533, 4, '?', 12, 66, 3, NULL, NULL),
(1534, 4, '?', 12, 66, 3, NULL, NULL),
(1535, 7, '?', 12, 66, 3, NULL, NULL),
(1536, 7, '?', 12, 66, 3, NULL, NULL),
(1537, 2, '?', 12, 66, 3, NULL, NULL),
(1538, 2, '?', 12, 66, 3, NULL, NULL),
(1539, 12, '?', 12, 66, 3, NULL, NULL),
(1540, 15, '?', 12, 66, 3, NULL, NULL),
(1541, 7, 'CP', 12, 66, 90, NULL, 4),
(1542, 14, '?', 12, 46, 16, NULL, NULL),
(1543, 2, '?', 12, 46, 89, NULL, NULL),
(1544, 21, '?', 12, 46, 89, NULL, NULL),
(1545, 2, '?', 12, 46, 89, NULL, NULL),
(1546, 7, '?', 12, 46, 1, NULL, NULL),
(1547, 14, '?', 12, 47, 95, NULL, NULL),
(1548, 21, '?', 12, 47, 92, NULL, NULL),
(1549, 12, '?', 12, 47, 23, NULL, NULL),
(1550, 13, '?', 12, 47, 96, NULL, NULL),
(1551, 7, '?', 12, 52, 83, NULL, NULL),
(1552, 174, '?', 13, 45, 3, NULL, NULL),
(1553, 48, '?', 13, 45, 39, NULL, NULL),
(1554, 7, '?', 13, 45, 55, NULL, NULL),
(1555, 26, '?', 13, 45, 48, NULL, NULL),
(1556, 8, '?', 13, 45, 46, NULL, NULL),
(1557, 37, '?', 13, 45, 20, NULL, NULL),
(1558, 121, '?', 14, 45, 3, NULL, NULL),
(1559, 43, '?', 14, 45, 38, NULL, NULL),
(1560, 19, '?', 14, 45, 48, NULL, NULL),
(1561, 59, '?', 14, 45, 46, NULL, NULL),
(1562, 40, '?', 14, 45, 20, NULL, NULL),
(1563, 14, '?', 15, 45, 53, NULL, NULL),
(1564, 47, '?', 15, 45, 3, NULL, NULL),
(1565, 31, '?', 15, 45, 38, NULL, NULL),
(1566, 51, '?', 15, 45, 48, NULL, NULL),
(1567, 10, '?', 15, 45, 11, NULL, NULL),
(1568, 52, '?', 15, 45, 46, NULL, NULL),
(1569, 41, '?', 15, 45, 20, NULL, NULL),
(1570, 14, '?', 15, 45, 64, NULL, NULL),
(1571, 81, '?', 16, 45, 3, NULL, NULL),
(1572, 56, '?', 16, 45, 48, NULL, NULL),
(1573, 28, '?', 16, 45, 46, NULL, NULL),
(1574, 68, '?', 16, 45, 20, NULL, NULL),
(1575, 4, '?', 17, 45, 53, NULL, NULL),
(1576, 70, '?', 17, 45, 3, NULL, NULL),
(1577, 9, '?', 17, 45, 38, NULL, NULL),
(1578, 28, '?', 17, 45, 48, NULL, NULL),
(1579, 33, '?', 17, 45, 11, NULL, NULL),
(1580, 14, '?', 17, 45, 46, NULL, NULL),
(1581, 39, '?', 17, 45, 20, NULL, NULL),
(1582, 1, '?', 17, 45, 64, NULL, NULL),
(1583, 4, '?', 18, 45, 53, NULL, NULL),
(1584, 116, '?', 18, 45, 3, NULL, NULL),
(1585, 4, '?', 18, 45, 55, NULL, NULL),
(1586, 37, '?', 18, 45, 38, NULL, NULL),
(1587, 30, '?', 18, 45, 48, NULL, NULL),
(1588, 4, '?', 18, 45, 11, NULL, NULL),
(1589, 4, '?', 18, 45, 35, NULL, NULL),
(1590, 36, '?', 18, 45, 46, NULL, NULL),
(1591, 39, '?', 18, 45, 20, NULL, NULL),
(1592, 36, '?', 18, 45, 49, NULL, NULL),
(1593, 97, '?', 19, 45, 3, NULL, NULL),
(1594, 20, '?', 19, 45, 38, NULL, NULL),
(1595, 45, '?', 19, 45, 48, NULL, NULL),
(1596, 18, '?', 19, 45, 11, NULL, NULL),
(1597, 22, '?', 19, 45, 1, NULL, NULL),
(1598, 12, '?', 19, 45, 35, NULL, NULL),
(1599, 28, '?', 19, 45, 46, NULL, NULL),
(1600, 36, '?', 19, 45, 20, NULL, NULL),
(1601, 44, '?', 19, 45, 49, NULL, NULL),
(1602, 37, '?', 20, 45, 3, NULL, NULL),
(1603, 25, '?', 20, 45, 48, NULL, NULL),
(1604, 14, '?', 20, 45, 11, NULL, NULL),
(1605, 27, '?', 20, 45, 35, NULL, NULL),
(1606, 4, '?', 20, 45, 46, NULL, NULL),
(1607, 27, '?', 20, 45, 20, NULL, NULL),
(1608, 15, '?', 20, 45, 49, NULL, NULL),
(1609, 19, '?', 21, 45, 3, NULL, NULL),
(1610, 25, '?', 21, 45, 4, NULL, NULL),
(1611, 4, '?', 21, 45, 38, NULL, NULL),
(1612, 39, '?', 21, 45, 48, NULL, NULL),
(1613, 20, '?', 21, 45, 11, NULL, NULL),
(1614, 67, '?', 21, 45, 35, NULL, NULL),
(1615, 23, '?', 21, 45, 49, NULL, NULL),
(1616, 35, '?', 21, 45, 46, NULL, NULL),
(1617, 56, '?', 21, 45, 20, NULL, NULL),
(1618, 57, '?', 22, 45, 4, NULL, NULL),
(1619, 46, '?', 22, 45, 48, NULL, NULL),
(1620, 2, '?', 22, 45, 11, NULL, NULL),
(1621, 100, '?', 22, 45, 35, NULL, NULL),
(1622, 28, '?', 22, 45, 49, NULL, NULL),
(1623, 62, '?', 22, 45, 46, NULL, NULL),
(1624, 46, '?', 22, 45, 20, NULL, NULL),
(1625, 116, '?', 23, 45, 3, NULL, NULL),
(1626, 39, '?', 23, 45, 4, NULL, NULL),
(1627, 21, '?', 23, 45, 34, NULL, NULL),
(1628, 10, '?', 23, 45, 38, NULL, NULL),
(1629, 20, '?', 23, 45, 11, NULL, NULL),
(1630, 85, '?', 23, 45, 35, NULL, NULL),
(1631, 23, '?', 23, 45, 49, NULL, NULL),
(1632, 19, '?', 23, 45, 46, NULL, NULL),
(1633, 41, '?', 23, 45, 20, NULL, NULL),
(1634, 85, '?', 24, 45, 3, NULL, NULL),
(1635, 27, '?', 24, 45, 4, NULL, NULL),
(1636, 40, '?', 24, 45, 48, NULL, NULL),
(1637, 61, '?', 24, 45, 35, NULL, NULL),
(1638, 6, '?', 24, 45, 49, NULL, NULL),
(1639, 54, '?', 24, 45, 20, NULL, NULL),
(1640, 3, '?', 25, 45, 1, NULL, NULL),
(1641, 85, '?', 25, 45, 3, NULL, NULL),
(1642, 34, '?', 25, 45, 4, NULL, NULL),
(1643, 49, '?', 25, 45, 34, NULL, NULL),
(1644, 57, '?', 25, 45, 35, NULL, NULL),
(1645, 12, '?', 25, 45, 49, NULL, NULL),
(1646, 73, '?', 25, 45, 20, NULL, NULL),
(1647, 143, '?', 26, 45, 3, NULL, NULL),
(1648, 58, '?', 26, 45, 4, NULL, NULL),
(1649, 39, '?', 26, 45, 38, NULL, NULL),
(1650, 31, '?', 26, 45, 10, NULL, NULL),
(1651, 44, '?', 26, 45, 35, NULL, NULL),
(1652, 45, '?', 26, 45, 20, NULL, NULL),
(1653, 108, '?', 27, 45, 3, NULL, NULL),
(1654, 51, '?', 27, 45, 4, NULL, NULL),
(1655, 35, '?', 27, 45, 38, NULL, NULL),
(1656, 35, '?', 27, 45, 10, NULL, NULL),
(1657, 51, '?', 27, 45, 35, NULL, NULL),
(1658, 19, '?', 27, 45, 17, NULL, NULL),
(1659, 20, '?', 27, 45, 20, NULL, NULL),
(1660, 1, '?', 28, 45, 1, NULL, NULL),
(1661, 53, '?', 28, 45, 3, NULL, NULL),
(1662, 48, '?', 28, 45, 4, NULL, NULL),
(1663, 31, '?', 28, 45, 10, NULL, NULL),
(1664, 35, '?', 28, 45, 35, NULL, NULL),
(1665, 39, '?', 28, 45, 17, NULL, NULL),
(1666, 33, '?', 28, 45, 20, NULL, NULL),
(1667, 49, '?', 29, 45, 3, NULL, NULL),
(1668, 32, '?', 29, 45, 4, NULL, NULL),
(1669, 18, '?', 29, 45, 48, NULL, NULL),
(1670, 8, '?', 29, 45, 11, NULL, NULL),
(1671, 20, '?', 29, 45, 35, NULL, NULL),
(1672, 11, '?', 29, 45, 17, NULL, NULL),
(1673, 12, '?', 29, 45, 20, NULL, NULL),
(1674, 62, '?', 30, 45, 3, NULL, NULL),
(1675, 19, '?', 30, 45, 4, NULL, NULL),
(1676, 21, '?', 30, 45, 10, NULL, NULL),
(1677, 7, '?', 30, 45, 11, NULL, NULL),
(1678, 5, '?', 30, 45, 35, NULL, NULL),
(1679, 8, '?', 30, 45, 15, NULL, NULL),
(1680, 41, '?', 30, 45, 17, NULL, NULL),
(1681, 29, '?', 30, 45, 20, NULL, NULL),
(1682, 17, '?', 30, 45, 21, NULL, NULL),
(1683, 66, '?', 31, 45, 3, NULL, NULL),
(1684, 36, '?', 31, 45, 4, NULL, NULL),
(1685, 11, '?', 31, 45, 6, NULL, NULL),
(1686, 31, '?', 31, 45, 38, NULL, NULL),
(1687, 45, '?', 31, 45, 10, NULL, NULL),
(1688, 34, '?', 31, 45, 35, NULL, NULL),
(1689, 31, '?', 31, 45, 15, NULL, NULL),
(1690, 25, '?', 31, 45, 17, NULL, NULL),
(1691, 80, '?', 31, 45, 20, NULL, NULL),
(1692, 16, '?', 31, 45, 21, NULL, NULL),
(1693, 117, '?', 32, 45, 3, NULL, NULL),
(1694, 40, '?', 32, 45, 4, NULL, NULL),
(1695, 9, '?', 32, 45, 38, NULL, NULL),
(1696, 50, '?', 32, 45, 10, NULL, NULL),
(1697, 8, '?', 32, 45, 11, NULL, NULL),
(1698, 34, '?', 32, 45, 35, NULL, NULL),
(1699, 30, '?', 32, 45, 15, NULL, NULL),
(1700, 53, '?', 32, 45, 17, NULL, NULL),
(1701, 73, '?', 32, 45, 20, NULL, NULL),
(1702, 11, '?', 32, 45, 21, NULL, NULL),
(1703, 138, '?', 33, 45, 3, NULL, NULL),
(1704, 30, '?', 33, 45, 4, NULL, NULL),
(1705, 16, '?', 33, 45, 6, NULL, NULL),
(1706, 14, '?', 33, 45, 38, NULL, NULL),
(1707, 89, '?', 33, 45, 10, NULL, NULL),
(1708, 22, '?', 33, 45, 35, NULL, NULL),
(1709, 26, '?', 33, 45, 15, NULL, NULL),
(1710, 19, '?', 33, 45, 17, NULL, NULL),
(1711, 71, '?', 33, 45, 20, NULL, NULL),
(1712, 14, '?', 33, 45, 21, NULL, NULL),
(1713, 125, '?', 34, 45, 3, NULL, NULL),
(1714, 29, '?', 34, 45, 4, NULL, NULL),
(1715, 34, '?', 34, 45, 38, NULL, NULL),
(1716, 121, '?', 34, 45, 10, NULL, NULL),
(1717, 11, '?', 34, 45, 35, NULL, NULL),
(1718, 34, '?', 34, 45, 15, NULL, NULL),
(1719, 53, '?', 34, 45, 17, NULL, NULL),
(1720, 38, '?', 34, 45, 20, NULL, NULL),
(1721, 7, '?', 34, 45, 21, NULL, NULL),
(1722, 106, '?', 35, 45, 3, NULL, NULL),
(1723, 25, '?', 35, 45, 4, NULL, NULL),
(1724, 45, '?', 35, 45, 38, NULL, NULL),
(1725, 121, '?', 35, 45, 10, NULL, NULL),
(1726, 6, '?', 35, 45, 11, NULL, NULL),
(1727, 7, '?', 35, 45, 35, NULL, NULL),
(1728, 19, '?', 35, 45, 15, NULL, NULL),
(1729, 61, '?', 35, 45, 17, NULL, NULL),
(1730, 35, '?', 35, 45, 20, NULL, NULL),
(1731, 2, '?', 35, 45, 21, NULL, NULL),
(1732, 77, '?', 36, 45, 3, NULL, NULL),
(1733, 47, '?', 36, 45, 4, NULL, NULL),
(1734, 18, '?', 36, 45, 38, NULL, NULL),
(1735, 65, '?', 36, 45, 10, NULL, NULL),
(1736, 25, '?', 36, 45, 15, NULL, NULL),
(1737, 31, '?', 36, 45, 17, NULL, NULL),
(1738, 67, '?', 36, 45, 20, NULL, NULL),
(1739, 2, '?', 36, 45, 21, NULL, NULL),
(1740, 103, '?', 37, 45, 3, NULL, NULL),
(1741, 40, '?', 37, 45, 4, NULL, NULL),
(1742, 91, '?', 37, 45, 10, NULL, NULL),
(1743, 10, '?', 37, 45, 11, NULL, NULL),
(1744, 67, '?', 37, 45, 20, NULL, NULL),
(1745, 21, '?', 37, 45, 21, NULL, NULL),
(1746, 31, '?', 38, 45, 3, NULL, NULL),
(1747, 47, '?', 38, 45, 4, NULL, NULL),
(1748, 28, '?', 38, 45, 38, NULL, NULL),
(1749, 99, '?', 38, 45, 10, NULL, NULL),
(1750, 6, '?', 38, 45, 11, NULL, NULL),
(1751, 24, '?', 38, 45, 15, NULL, NULL),
(1752, 44, '?', 38, 45, 17, NULL, NULL),
(1753, 35, '?', 38, 45, 21, NULL, NULL),
(1754, 70, '?', 39, 45, 4, NULL, NULL),
(1755, 25, '?', 39, 45, 38, NULL, NULL),
(1756, 98, '?', 39, 45, 10, NULL, NULL),
(1757, 29, '?', 39, 45, 15, NULL, NULL),
(1758, 47, '?', 39, 45, 17, NULL, NULL),
(1759, 56, '?', 39, 45, 20, NULL, NULL),
(1760, 39, '?', 39, 45, 21, NULL, NULL),
(1761, 127, '?', 40, 45, 4, NULL, NULL),
(1762, 70, '?', 40, 45, 38, NULL, NULL),
(1763, 108, '?', 40, 45, 10, NULL, NULL),
(1764, 7, '?', 40, 45, 11, NULL, NULL),
(1765, 27, '?', 40, 45, 15, NULL, NULL),
(1766, 59, '?', 40, 45, 17, NULL, NULL),
(1767, 8, '?', 40, 45, 20, NULL, NULL),
(1768, 136, '?', 41, 45, 4, NULL, NULL),
(1769, 49, '?', 41, 45, 34, NULL, NULL),
(1770, 51, '?', 41, 45, 10, NULL, NULL),
(1771, 33, '?', 41, 45, 15, NULL, NULL),
(1772, 46, '?', 41, 45, 17, NULL, NULL),
(1773, 22, '?', 41, 45, 20, NULL, NULL),
(1774, 17, '?', 41, 45, 21, NULL, NULL),
(1775, 77, '?', 42, 45, 10, NULL, NULL),
(1776, 22, '?', 42, 45, 15, NULL, NULL),
(1777, 54, '?', 42, 45, 17, NULL, NULL),
(1778, 7, '?', 42, 45, 18, NULL, NULL),
(1779, 26, '?', 42, 45, 21, NULL, NULL),
(1780, 23, '?', 43, 45, 3, NULL, NULL),
(1781, 79, '?', 43, 45, 4, NULL, NULL),
(1782, 107, '?', 43, 45, 10, NULL, NULL),
(1783, 31, '?', 43, 45, 15, NULL, NULL),
(1784, 52, '?', 43, 45, 17, NULL, NULL),
(1785, 42, '?', 43, 45, 20, NULL, NULL),
(1786, 32, '?', 43, 45, 21, NULL, NULL),
(1787, 42, '?', 44, 45, 4, NULL, NULL),
(1788, 9, '?', 44, 45, 38, NULL, NULL),
(1789, 75, '?', 44, 45, 10, NULL, NULL),
(1790, 24, '?', 44, 45, 15, NULL, NULL),
(1791, 66, '?', 44, 45, 17, NULL, NULL),
(1792, 75, '?', 44, 45, 20, NULL, NULL),
(1793, 9, '?', 44, 45, 21, NULL, NULL),
(1794, 5, '?', 45, 45, 3, NULL, NULL),
(1795, 74, '?', 45, 45, 4, NULL, NULL),
(1796, 30, '?', 45, 45, 10, NULL, NULL),
(1797, 51, '?', 45, 45, 11, NULL, NULL),
(1798, 43, '?', 45, 45, 15, NULL, NULL),
(1799, 53, '?', 45, 45, 17, NULL, NULL),
(1800, 72, '?', 45, 45, 18, NULL, NULL),
(1801, 54, '?', 45, 45, 20, NULL, NULL),
(1802, 70, '?', 46, 45, 3, NULL, NULL),
(1803, 82, '?', 46, 45, 4, NULL, NULL),
(1804, 147, '?', 46, 45, 10, NULL, NULL),
(1805, 49, '?', 46, 45, 15, NULL, NULL),
(1806, 54, '?', 46, 45, 17, NULL, NULL),
(1807, 17, '?', 46, 45, 18, NULL, NULL),
(1808, 67, '?', 46, 45, 20, NULL, NULL),
(1809, 52, '?', 47, 45, 3, NULL, NULL),
(1810, 64, '?', 47, 45, 4, NULL, NULL),
(1811, 143, '?', 47, 45, 10, NULL, NULL),
(1812, 59, '?', 47, 45, 15, NULL, NULL),
(1813, 58, '?', 47, 45, 17, NULL, NULL),
(1814, 98, '?', 47, 45, 20, NULL, NULL),
(1815, 74, '?', 48, 45, 3, NULL, NULL),
(1816, 87, '?', 48, 45, 4, NULL, NULL),
(1817, 149, '?', 48, 45, 10, NULL, NULL),
(1818, 47, '?', 48, 45, 15, NULL, NULL),
(1819, 59, '?', 48, 45, 17, NULL, NULL),
(1820, 81, '?', 49, 45, 3, NULL, NULL),
(1821, 69, '?', 49, 45, 4, NULL, NULL),
(1822, 153, '?', 49, 45, 10, NULL, NULL),
(1823, 53, '?', 49, 45, 15, NULL, NULL),
(1824, 59, '?', 49, 45, 17, NULL, NULL),
(1825, 115, '?', 49, 45, 20, NULL, NULL),
(1826, 94, '?', 50, 45, 3, NULL, NULL),
(1827, 68, '?', 50, 45, 4, NULL, NULL),
(1828, 162, '?', 50, 45, 10, NULL, NULL),
(1829, 55, '?', 50, 45, 17, NULL, NULL),
(1830, 106, '?', 50, 45, 20, NULL, NULL),
(1831, 106, '?', 51, 45, 3, NULL, NULL),
(1832, 51, '?', 51, 45, 4, NULL, NULL),
(1833, 100, '?', 51, 45, 10, NULL, NULL),
(1834, 44, '?', 51, 45, 15, NULL, NULL),
(1835, 41, '?', 51, 45, 17, NULL, NULL),
(1836, 100, '?', 51, 45, 20, NULL, NULL),
(1837, 16, '?', 51, 45, 45, NULL, NULL),
(1838, 17, '?', 52, 45, 2, NULL, NULL),
(1839, 108, '?', 52, 45, 3, NULL, NULL),
(1840, 34, '?', 52, 45, 4, NULL, NULL),
(1841, 13, '?', 52, 45, 6, NULL, NULL),
(1842, 87, '?', 52, 45, 10, NULL, NULL),
(1843, 22, '?', 52, 45, 15, NULL, NULL),
(1844, 38, '?', 52, 45, 17, NULL, NULL),
(1845, 88, '?', 52, 45, 20, NULL, NULL),
(1846, 17, '?', 53, 45, 2, NULL, NULL),
(1847, 60, '?', 53, 45, 3, NULL, NULL),
(1848, 52, '?', 53, 45, 4, NULL, NULL),
(1849, 5, '?', 53, 45, 6, NULL, NULL),
(1850, 88, '?', 53, 45, 10, NULL, NULL),
(1851, 12, '?', 53, 45, 15, NULL, NULL),
(1852, 61, '?', 53, 45, 17, NULL, NULL),
(1853, 86, '?', 53, 45, 20, NULL, NULL),
(1854, 35, '?', 54, 45, 2, NULL, NULL),
(1855, 66, '?', 54, 45, 3, NULL, NULL),
(1856, 34, '?', 54, 45, 4, NULL, NULL),
(1857, 169, '?', 54, 45, 10, NULL, NULL),
(1858, 22, '?', 54, 45, 15, NULL, NULL),
(1859, 57, '?', 54, 45, 17, NULL, NULL),
(1860, 70, '?', 54, 45, 20, NULL, NULL),
(1861, 47, '?', 54, 45, 22, NULL, NULL),
(1862, 49, '?', 55, 45, 2, NULL, NULL),
(1863, 74, '?', 55, 45, 3, NULL, NULL),
(1864, 56, '?', 55, 45, 15, NULL, NULL),
(1865, 37, '?', 55, 45, 17, NULL, NULL),
(1866, 54, '?', 55, 45, 22, NULL, NULL),
(1867, 97, '?', 56, 45, 2, NULL, NULL),
(1868, 65, '?', 56, 45, 3, NULL, NULL),
(1869, 54, '?', 56, 45, 4, NULL, NULL),
(1870, 152, '?', 56, 45, 10, NULL, NULL),
(1871, 4, '?', 56, 45, 15, NULL, NULL),
(1872, 43, '?', 56, 45, 17, NULL, NULL),
(1873, 125, '?', 56, 45, 20, NULL, NULL),
(1874, 63, '?', 56, 45, 22, NULL, NULL),
(1875, 57, '?', 57, 45, 2, NULL, NULL),
(1876, 40, '?', 57, 45, 3, NULL, NULL),
(1877, 70, '?', 57, 45, 4, NULL, NULL),
(1878, 52, '?', 57, 45, 17, NULL, NULL),
(1879, 63, '?', 57, 45, 20, NULL, NULL),
(1880, 52, '?', 57, 45, 22, NULL, NULL),
(1881, 5, '?', 58, 45, 1, NULL, NULL),
(1882, 31, '?', 58, 45, 2, NULL, NULL),
(1883, 62, '?', 58, 45, 3, NULL, NULL),
(1884, 70, '?', 58, 45, 4, NULL, NULL),
(1885, 92, '?', 58, 45, 10, NULL, NULL),
(1886, 38, '?', 58, 45, 15, NULL, NULL),
(1887, 55, '?', 58, 45, 17, NULL, NULL),
(1888, 85, '?', 58, 45, 20, NULL, NULL),
(1889, 59, '?', 58, 45, 22, NULL, NULL),
(1890, 8, '?', 59, 45, 3, NULL, NULL),
(1891, 115, '?', 59, 45, 4, NULL, NULL),
(1892, 50, '?', 59, 45, 15, NULL, NULL),
(1893, 56, '?', 59, 45, 20, NULL, NULL),
(1894, 54, '?', 59, 45, 22, NULL, NULL),
(1895, 10, '?', 60, 45, 2, NULL, NULL),
(1896, 32, '?', 60, 45, 3, NULL, NULL),
(1897, 98, '?', 60, 45, 4, NULL, NULL),
(1898, 54, '?', 60, 45, 10, NULL, NULL),
(1899, 13, '?', 60, 45, 15, NULL, NULL),
(1900, 57, '?', 60, 45, 17, NULL, NULL),
(1901, 24, '?', 61, 45, 1, NULL, NULL),
(1902, 29, '?', 61, 45, 2, NULL, NULL),
(1903, 67, '?', 61, 45, 4, NULL, NULL),
(1904, 7, '?', 61, 45, 6, NULL, NULL),
(1905, 120, '?', 61, 45, 10, NULL, NULL),
(1906, 25, '?', 61, 45, 15, NULL, NULL),
(1907, 54, '?', 61, 45, 17, NULL, NULL),
(1908, 77, '?', 61, 45, 20, NULL, NULL),
(1909, 11, '?', 61, 45, 21, NULL, NULL),
(1910, 12, '?', 62, 45, 2, NULL, NULL),
(1911, 29, '?', 62, 45, 4, NULL, NULL),
(1912, 185, '?', 62, 45, 10, NULL, NULL),
(1913, 52, '?', 62, 45, 17, NULL, NULL),
(1914, 8, '?', 62, 45, 21, NULL, NULL),
(1915, 22, '?', 63, 45, 2, NULL, NULL),
(1916, 86, '?', 63, 45, 3, NULL, NULL),
(1917, 51, '?', 63, 45, 4, NULL, NULL),
(1918, 18, '?', 63, 45, 10, NULL, NULL),
(1919, 40, '?', 63, 45, 65, NULL, NULL),
(1920, 4, '?', 63, 45, 35, NULL, NULL),
(1921, 47, '?', 63, 45, 17, NULL, NULL),
(1922, 13, '?', 63, 45, 19, NULL, NULL),
(1923, 69, '?', 63, 45, 20, NULL, NULL),
(1924, 4, '?', 63, 45, 21, NULL, NULL),
(1925, 4, '?', 63, 45, 23, NULL, NULL),
(1926, 7, '?', 64, 45, 1, NULL, NULL),
(1927, 70, '?', 64, 45, 2, NULL, NULL),
(1928, 44, '?', 64, 45, 3, NULL, NULL),
(1929, 75, '?', 64, 45, 4, NULL, NULL),
(1930, 128, '?', 64, 45, 10, NULL, NULL),
(1931, 19, '?', 64, 45, 65, NULL, NULL),
(1932, 40, '?', 64, 45, 17, NULL, NULL),
(1933, 32, '?', 64, 45, 20, NULL, NULL),
(1934, 8, '?', 65, 45, 1, NULL, NULL),
(1935, 90, '?', 65, 45, 2, NULL, NULL),
(1936, 111, '?', 65, 45, 3, NULL, NULL),
(1937, 46, '?', 65, 45, 4, NULL, NULL),
(1938, 249, '?', 65, 45, 10, NULL, NULL),
(1939, 7, '?', 65, 45, 65, NULL, NULL),
(1940, 56, '?', 65, 45, 17, NULL, NULL),
(1941, 10, '?', 65, 45, 20, NULL, NULL),
(1942, 3, '?', 65, 45, 21, NULL, NULL),
(1943, 64, '?', 66, 45, 2, NULL, NULL),
(1944, 156, '?', 66, 45, 3, NULL, NULL),
(1945, 67, '?', 66, 45, 4, NULL, NULL),
(1946, 145, '?', 66, 45, 10, NULL, NULL),
(1947, 30, '?', 66, 45, 16, NULL, NULL),
(1948, 52, '?', 66, 45, 17, NULL, NULL),
(1949, 47, '?', 66, 45, 20, NULL, NULL),
(1950, 34, '?', 67, 45, 1, NULL, NULL),
(1951, 84, '?', 67, 45, 2, NULL, NULL),
(1952, 148, '?', 67, 45, 3, NULL, NULL),
(1953, 54, '?', 67, 45, 4, NULL, NULL),
(1954, 178, '?', 67, 45, 10, NULL, NULL),
(1955, 26, '?', 67, 45, 13, NULL, NULL),
(1956, 46, '?', 67, 45, 16, NULL, NULL),
(1957, 31, '?', 67, 45, 17, NULL, NULL),
(1958, 38, '?', 67, 45, 20, NULL, NULL),
(1959, 32, '?', 67, 45, 23, NULL, NULL),
(1960, 36, '?', 68, 45, 1, NULL, NULL),
(1961, 23, '?', 68, 45, 2, NULL, NULL),
(1962, 103, '?', 68, 45, 3, NULL, NULL),
(1963, 100, '?', 68, 45, 10, NULL, NULL),
(1964, 14, '?', 68, 45, 13, NULL, NULL),
(1965, 31, '?', 68, 45, 17, NULL, NULL),
(1966, 37, '?', 68, 45, 20, NULL, NULL),
(1967, 59, '?', 68, 45, 23, NULL, NULL),
(1968, 39, '?', 69, 45, 2, NULL, NULL),
(1969, 146, '?', 69, 45, 3, NULL, NULL),
(1970, 51, '?', 69, 45, 12, NULL, NULL),
(1971, 47, '?', 69, 45, 13, NULL, NULL),
(1972, 29, '?', 69, 45, 16, NULL, NULL),
(1973, 46, '?', 69, 45, 17, NULL, NULL),
(1974, 10, '?', 69, 45, 23, NULL, NULL),
(1975, 25, '?', 70, 45, 2, NULL, NULL),
(1976, 130, '?', 70, 45, 3, NULL, NULL),
(1977, 51, '?', 70, 45, 4, NULL, NULL),
(1978, 167, '?', 70, 45, 10, NULL, NULL),
(1979, 27, '?', 70, 45, 12, NULL, NULL),
(1980, 53, '?', 70, 45, 13, NULL, NULL),
(1981, 14, '?', 70, 45, 16, NULL, NULL),
(1982, 44, '?', 70, 45, 17, NULL, NULL),
(1983, 53, '?', 70, 45, 20, NULL, NULL),
(1984, 46, '?', 70, 45, 23, NULL, NULL),
(1985, 56, '?', 71, 45, 2, NULL, NULL),
(1986, 178, '?', 71, 45, 3, NULL, NULL),
(1987, 38, '?', 71, 45, 4, NULL, NULL),
(1988, 4, '?', 71, 45, 37, NULL, NULL),
(1989, 2, '?', 71, 45, 6, NULL, NULL),
(1990, 183, '?', 71, 45, 10, NULL, NULL),
(1991, 36, '?', 71, 45, 12, NULL, NULL),
(1992, 33, '?', 71, 45, 13, NULL, NULL),
(1993, 16, '?', 71, 45, 16, NULL, NULL),
(1994, 35, '?', 71, 45, 17, NULL, NULL),
(1995, 81, '?', 71, 45, 20, NULL, NULL),
(1996, 42, '?', 71, 45, 23, NULL, NULL),
(1997, 51, '?', 72, 45, 2, NULL, NULL),
(1998, 145, '?', 72, 45, 3, NULL, NULL),
(1999, 36, '?', 72, 45, 4, NULL, NULL),
(2000, 5, '?', 72, 45, 10, NULL, NULL),
(2001, 33, '?', 72, 45, 12, NULL, NULL),
(2002, 38, '?', 72, 45, 13, NULL, NULL),
(2003, 13, '?', 72, 45, 16, NULL, NULL),
(2004, 65, '?', 72, 45, 17, NULL, NULL),
(2005, 35, '?', 72, 45, 20, NULL, NULL),
(2006, 4, '?', 72, 45, 21, NULL, NULL),
(2007, 44, '?', 72, 45, 23, NULL, NULL),
(2008, 23, '?', 73, 45, 1, NULL, NULL),
(2009, 34, '?', 73, 45, 2, NULL, NULL),
(2010, 175, '?', 73, 45, 3, NULL, NULL),
(2011, 77, '?', 73, 45, 4, NULL, NULL),
(2012, 4, '?', 73, 45, 10, NULL, NULL),
(2013, 51, '?', 73, 45, 12, NULL, NULL),
(2014, 16, '?', 73, 45, 13, NULL, NULL),
(2015, 30, '?', 73, 45, 16, NULL, NULL),
(2016, 71, '?', 73, 45, 17, NULL, NULL),
(2017, 2, '?', 73, 45, 20, NULL, NULL),
(2018, 15, '?', 73, 45, 23, NULL, NULL),
(2019, 17, '?', 74, 45, 2, NULL, NULL),
(2020, 168, '?', 74, 45, 3, NULL, NULL),
(2021, 31, '?', 74, 45, 4, NULL, NULL),
(2022, 116, '?', 74, 45, 10, NULL, NULL),
(2023, 3, '?', 74, 45, 12, NULL, NULL),
(2024, 55, '?', 74, 45, 13, NULL, NULL),
(2025, 27, '?', 74, 45, 16, NULL, NULL),
(2026, 50, '?', 74, 45, 17, NULL, NULL),
(2027, 34, '?', 74, 45, 23, NULL, NULL),
(2028, 18, '?', 75, 45, 1, NULL, NULL),
(2029, 11, '?', 75, 45, 2, NULL, NULL),
(2030, 150, '?', 75, 45, 3, NULL, NULL),
(2031, 102, '?', 75, 45, 10, NULL, NULL),
(2032, 23, '?', 75, 45, 12, NULL, NULL),
(2033, 30, '?', 75, 45, 13, NULL, NULL),
(2034, 36, '?', 75, 45, 16, NULL, NULL),
(2035, 54, '?', 75, 45, 17, NULL, NULL),
(2036, 20, '?', 75, 45, 23, NULL, NULL),
(2037, 217, '?', 76, 45, 3, NULL, NULL),
(2038, 42, '?', 76, 45, 4, NULL, NULL),
(2039, 111, '?', 76, 45, 10, NULL, NULL),
(2040, 24, '?', 76, 45, 13, NULL, NULL),
(2041, 24, '?', 76, 45, 16, NULL, NULL),
(2042, 40, '?', 76, 45, 17, NULL, NULL),
(2043, 18, '?', 76, 45, 20, NULL, NULL),
(2044, 17, '?', 76, 45, 23, NULL, NULL),
(2045, 5, '?', 76, 45, 24, NULL, NULL),
(2046, 17, '?', 77, 45, 2, NULL, NULL),
(2047, 222, '?', 77, 45, 3, NULL, NULL),
(2048, 57, '?', 77, 45, 5, NULL, NULL),
(2049, 7, '?', 77, 45, 9, NULL, NULL),
(2050, 145, '?', 77, 45, 10, NULL, NULL),
(2051, 27, '?', 77, 45, 13, NULL, NULL),
(2052, 43, '?', 77, 45, 16, NULL, NULL),
(2053, 44, '?', 77, 45, 17, NULL, NULL),
(2054, 39, '?', 77, 45, 20, NULL, NULL),
(2055, 48, '?', 77, 45, 23, NULL, NULL),
(2056, 8, '?', 78, 45, 2, NULL, NULL),
(2057, 253, '?', 78, 45, 3, NULL, NULL),
(2058, 64, '?', 78, 45, 5, NULL, NULL),
(2059, 21, '?', 78, 45, 9, NULL, NULL),
(2060, 124, '?', 78, 45, 10, NULL, NULL),
(2061, 27, '?', 78, 45, 13, NULL, NULL),
(2062, 52, '?', 78, 45, 16, NULL, NULL),
(2063, 53, '?', 78, 45, 17, NULL, NULL),
(2064, 90, '?', 78, 45, 20, NULL, NULL),
(2065, 55, '?', 78, 45, 23, NULL, NULL),
(2066, 14, '?', 78, 45, 24, NULL, NULL),
(2067, 8, '?', 79, 45, 2, NULL, NULL),
(2068, 217, '?', 79, 45, 3, NULL, NULL),
(2069, 39, '?', 79, 45, 4, NULL, NULL),
(2070, 54, '?', 79, 45, 5, NULL, NULL),
(2071, 51, '?', 79, 45, 9, NULL, NULL),
(2072, 110, '?', 79, 45, 10, NULL, NULL),
(2073, 28, '?', 79, 45, 12, NULL, NULL),
(2074, 36, '?', 79, 45, 13, NULL, NULL),
(2075, 2, '?', 79, 45, 15, NULL, NULL),
(2076, 86, '?', 79, 45, 16, NULL, NULL),
(2077, 40, '?', 79, 45, 20, NULL, NULL),
(2078, 29, '?', 79, 45, 23, NULL, NULL),
(2079, 25, '?', 79, 45, 24, NULL, NULL),
(2080, 14, '?', 80, 45, 1, NULL, NULL),
(2081, 241, '?', 80, 45, 3, NULL, NULL),
(2082, 28, '?', 80, 45, 4, NULL, NULL),
(2083, 54, '?', 80, 45, 5, NULL, NULL),
(2084, 58, '?', 80, 45, 9, NULL, NULL),
(2085, 46, '?', 80, 45, 10, NULL, NULL),
(2086, 2, '?', 80, 45, 12, NULL, NULL),
(2087, 43, '?', 80, 45, 13, NULL, NULL),
(2088, 20, '?', 80, 45, 15, NULL, NULL),
(2089, 58, '?', 80, 45, 16, NULL, NULL),
(2090, 53, '?', 80, 45, 20, NULL, NULL),
(2091, 35, '?', 80, 45, 23, NULL, NULL),
(2092, 2, '?', 80, 45, 24, NULL, NULL),
(2093, 55, '?', 80, 45, 36, NULL, NULL),
(2094, 67, '?', 81, 45, 3, NULL, NULL),
(2095, 6, '?', 81, 45, 4, NULL, NULL),
(2096, 13, '?', 81, 45, 5, NULL, NULL),
(2097, 43, '?', 81, 45, 9, NULL, NULL),
(2098, 16, '?', 81, 45, 13, NULL, NULL),
(2099, 26, '?', 81, 45, 15, NULL, NULL),
(2100, 43, '?', 81, 45, 16, NULL, NULL),
(2101, 52, '?', 81, 45, 20, NULL, NULL),
(2102, 8, '?', 81, 45, 23, NULL, NULL),
(2103, 83, '?', 81, 45, 36, NULL, NULL),
(2104, 224, '?', 82, 45, 3, NULL, NULL),
(2105, 39, '?', 82, 45, 4, NULL, NULL),
(2106, 60, '?', 82, 45, 5, NULL, NULL),
(2107, 22, '?', 82, 45, 9, NULL, NULL),
(2108, 66, '?', 82, 45, 13, NULL, NULL),
(2109, 42, '?', 82, 45, 15, NULL, NULL),
(2110, 14, '?', 82, 45, 16, NULL, NULL),
(2111, 77, '?', 82, 45, 20, NULL, NULL),
(2112, 59, '?', 82, 45, 23, NULL, NULL),
(2113, 24, '?', 82, 45, 24, NULL, NULL),
(2114, 73, '?', 82, 45, 36, NULL, NULL),
(2115, 152, '?', 83, 45, 3, NULL, NULL),
(2116, 62, '?', 83, 45, 4, NULL, NULL),
(2117, 40, '?', 83, 45, 5, NULL, NULL),
(2118, 126, '?', 83, 45, 10, NULL, NULL),
(2119, 27, '?', 83, 45, 15, NULL, NULL),
(2120, 25, '?', 83, 45, 16, NULL, NULL),
(2121, 73, '?', 83, 45, 20, NULL, NULL),
(2122, 31, '?', 83, 45, 23, NULL, NULL),
(2123, 85, '?', 84, 45, 3, NULL, NULL),
(2124, 55, '?', 84, 45, 4, NULL, NULL),
(2125, 43, '?', 84, 45, 5, NULL, NULL),
(2126, 141, '?', 84, 45, 10, NULL, NULL),
(2127, 18, '?', 84, 45, 15, NULL, NULL),
(2128, 65, '?', 84, 45, 16, NULL, NULL),
(2129, 41, '?', 84, 45, 20, NULL, NULL),
(2130, 12, '?', 84, 45, 23, NULL, NULL),
(2131, 57, '?', 84, 45, 36, NULL, NULL),
(2132, 6, '?', 85, 45, 2, NULL, NULL),
(2133, 176, '?', 85, 45, 3, NULL, NULL),
(2134, 22, '?', 85, 45, 4, NULL, NULL),
(2135, 69, '?', 85, 45, 5, NULL, NULL),
(2136, 82, '?', 85, 45, 9, NULL, NULL),
(2137, 101, '?', 85, 45, 10, NULL, NULL),
(2138, 40, '?', 85, 45, 13, NULL, NULL),
(2139, 8, '?', 85, 45, 14, NULL, NULL),
(2140, 24, '?', 85, 45, 16, NULL, NULL),
(2141, 42, '?', 85, 45, 20, NULL, NULL),
(2142, 47, '?', 85, 45, 23, NULL, NULL),
(2143, 28, '?', 85, 45, 24, NULL, NULL),
(2144, 14, '?', 86, 45, 1, NULL, NULL),
(2145, 2, '?', 86, 45, 2, NULL, NULL),
(2146, 99, '?', 86, 45, 3, NULL, NULL),
(2147, 52, '?', 86, 45, 5, NULL, NULL),
(2148, 1, '?', 86, 45, 6, NULL, NULL),
(2149, 98, '?', 86, 45, 9, NULL, NULL),
(2150, 106, '?', 86, 45, 10, NULL, NULL),
(2151, 16, '?', 86, 45, 13, NULL, NULL),
(2152, 5, '?', 86, 45, 15, NULL, NULL),
(2153, 23, '?', 86, 45, 16, NULL, NULL),
(2154, 92, '?', 86, 45, 20, NULL, NULL),
(2155, 24, '?', 86, 45, 23, NULL, NULL),
(2156, 35, '?', 86, 45, 24, NULL, NULL),
(2157, 5, '?', 87, 45, 5, NULL, NULL),
(2158, 7, '?', 87, 45, 10, NULL, NULL),
(2159, 25, '?', 87, 45, 23, NULL, NULL),
(2160, 2, '?', 87, 45, 24, NULL, NULL),
(2161, 4, '?', 87, 45, 25, NULL, NULL),
(2162, 49, '?', 88, 45, 2, NULL, NULL),
(2163, 101, '?', 88, 45, 3, NULL, NULL),
(2164, 55, '?', 88, 45, 5, NULL, NULL),
(2165, 50, '?', 88, 45, 9, NULL, NULL),
(2166, 145, '?', 88, 45, 10, NULL, NULL),
(2167, 7, '?', 88, 45, 13, NULL, NULL),
(2168, 8, '?', 88, 45, 17, NULL, NULL),
(2169, 7, '?', 88, 45, 23, NULL, NULL),
(2170, 54, '?', 88, 45, 26, NULL, NULL),
(2171, 12, '?', 89, 45, 1, NULL, NULL),
(2172, 23, '?', 89, 45, 2, NULL, NULL),
(2173, 45, '?', 89, 45, 3, NULL, NULL),
(2174, 17, '?', 89, 45, 4, NULL, NULL),
(2175, 9, '?', 89, 45, 5, NULL, NULL),
(2176, 56, '?', 89, 45, 9, NULL, NULL),
(2177, 34, '?', 89, 45, 10, NULL, NULL),
(2178, 2, '?', 89, 45, 13, NULL, NULL),
(2179, 3, '?', 89, 45, 15, NULL, NULL),
(2180, 32, '?', 89, 45, 20, NULL, NULL),
(2181, 42, '?', 89, 45, 23, NULL, NULL),
(2182, 4, '?', 89, 45, 24, NULL, NULL),
(2183, 85, '?', 89, 45, 26, NULL, NULL),
(2184, 30, '?', 90, 45, 1, NULL, NULL),
(2185, 41, '?', 90, 45, 2, NULL, NULL),
(2186, 38, '?', 90, 45, 3, NULL, NULL),
(2187, 13, '?', 90, 45, 5, NULL, NULL),
(2188, 72, '?', 90, 45, 9, NULL, NULL),
(2189, 12, '?', 90, 45, 10, NULL, NULL),
(2190, 26, '?', 90, 45, 13, NULL, NULL),
(2191, 48, '?', 90, 45, 20, NULL, NULL),
(2192, 26, '?', 90, 45, 23, NULL, NULL),
(2193, 21, '?', 90, 45, 26, NULL, NULL),
(2194, 76, '?', 91, 45, 2, NULL, NULL),
(2195, 226, '?', 91, 45, 3, NULL, NULL),
(2196, 14, '?', 91, 45, 5, NULL, NULL),
(2197, 11, '?', 91, 45, 9, NULL, NULL),
(2198, 10, '?', 91, 45, 23, NULL, NULL),
(2199, 4, '?', 92, 45, 1, NULL, NULL),
(2200, 65, '?', 92, 45, 2, NULL, NULL),
(2201, 145, '?', 92, 45, 3, NULL, NULL),
(2202, 12, '?', 92, 45, 5, NULL, NULL),
(2203, 15, '?', 92, 45, 7, NULL, NULL),
(2204, 69, '?', 92, 45, 9, NULL, NULL),
(2205, 100, '?', 92, 45, 10, NULL, NULL),
(2206, 15, '?', 92, 45, 16, NULL, NULL),
(2207, 97, '?', 92, 45, 20, NULL, NULL),
(2208, 22, '?', 92, 45, 23, NULL, NULL),
(2209, 4, '?', 92, 45, 26, NULL, NULL),
(2210, 76, '?', 93, 45, 2, NULL, NULL),
(2211, 75, '?', 93, 45, 3, NULL, NULL),
(2212, 53, '?', 93, 45, 4, NULL, NULL),
(2213, 28, '?', 93, 45, 5, NULL, NULL),
(2214, 41, '?', 93, 45, 7, NULL, NULL),
(2215, 100, '?', 93, 45, 9, NULL, NULL),
(2216, 117, '?', 93, 45, 10, NULL, NULL),
(2217, 12, '?', 93, 45, 13, NULL, NULL),
(2218, 36, '?', 93, 45, 20, NULL, NULL),
(2219, 61, '?', 93, 45, 23, NULL, NULL),
(2220, 23, '?', 93, 45, 24, NULL, NULL),
(2221, 10, '?', 93, 45, 25, NULL, NULL),
(2222, 9, '?', 93, 45, 26, NULL, NULL),
(2223, 16, '?', 94, 45, 1, NULL, NULL),
(2224, 99, '?', 94, 45, 2, NULL, NULL),
(2225, 66, '?', 94, 45, 3, NULL, NULL),
(2226, 35, '?', 94, 45, 4, NULL, NULL),
(2227, 17, '?', 94, 45, 5, NULL, NULL),
(2228, 19, '?', 94, 45, 7, NULL, NULL),
(2229, 75, '?', 94, 45, 9, NULL, NULL),
(2230, 104, '?', 94, 45, 10, NULL, NULL),
(2231, 36, '?', 94, 45, 13, NULL, NULL),
(2232, 22, '?', 94, 45, 16, NULL, NULL),
(2233, 66, '?', 94, 45, 20, NULL, NULL),
(2234, 118, '?', 94, 45, 23, NULL, NULL),
(2235, 16, '?', 94, 45, 24, NULL, NULL),
(2236, 5, '?', 94, 45, 26, NULL, NULL),
(2237, 5, '?', 95, 45, 1, NULL, NULL),
(2238, 67, '?', 95, 45, 2, NULL, NULL),
(2239, 76, '?', 95, 45, 3, NULL, NULL),
(2240, 31, '?', 95, 45, 4, NULL, NULL),
(2241, 21, '?', 95, 45, 5, NULL, NULL),
(2242, 64, '?', 95, 45, 9, NULL, NULL),
(2243, 91, '?', 95, 45, 10, NULL, NULL),
(2244, 21, '?', 95, 45, 13, NULL, NULL),
(2245, 14, '?', 95, 45, 20, NULL, NULL),
(2246, 68, '?', 95, 45, 23, NULL, NULL),
(2247, 10, '?', 95, 45, 24, NULL, NULL),
(2248, 15, '?', 95, 45, 26, NULL, NULL),
(2249, 39, '?', 96, 45, 2, NULL, NULL),
(2250, 82, '?', 96, 45, 3, NULL, NULL),
(2251, 51, '?', 96, 45, 4, NULL, NULL),
(2252, 9, '?', 96, 45, 5, NULL, NULL),
(2253, 7, '?', 96, 45, 7, NULL, NULL),
(2254, 56, '?', 96, 45, 9, NULL, NULL),
(2255, 74, '?', 96, 45, 10, NULL, NULL),
(2256, 27, '?', 96, 45, 13, NULL, NULL),
(2257, 3, '?', 96, 45, 20, NULL, NULL),
(2258, 37, '?', 96, 45, 23, NULL, NULL),
(2259, 12, '?', 96, 45, 24, NULL, NULL),
(2260, 43, '?', 97, 45, 2, NULL, NULL),
(2261, 33, '?', 97, 45, 3, NULL, NULL),
(2262, 24, '?', 97, 45, 4, NULL, NULL),
(2263, 15, '?', 97, 45, 5, NULL, NULL),
(2264, 6, '?', 97, 45, 7, NULL, NULL),
(2265, 85, '?', 97, 45, 9, NULL, NULL),
(2266, 116, '?', 97, 45, 10, NULL, NULL),
(2267, 34, '?', 97, 45, 13, NULL, NULL),
(2268, 36, '?', 97, 45, 16, NULL, NULL),
(2269, 13, '?', 97, 45, 20, NULL, NULL),
(2270, 65, '?', 97, 45, 23, NULL, NULL),
(2271, 9, '?', 97, 45, 24, NULL, NULL),
(2272, 3, '?', 97, 45, 26, NULL, NULL),
(2273, 33, '?', 98, 45, 2, NULL, NULL),
(2274, 64, '?', 98, 45, 3, NULL, NULL),
(2275, 9, '?', 98, 45, 4, NULL, NULL),
(2276, 10, '?', 98, 45, 5, NULL, NULL),
(2277, 28, '?', 98, 45, 9, NULL, NULL),
(2278, 114, '?', 98, 45, 10, NULL, NULL),
(2279, 11, '?', 98, 45, 13, NULL, NULL),
(2280, 29, '?', 98, 45, 16, NULL, NULL),
(2281, 35, '?', 98, 45, 20, NULL, NULL),
(2282, 22, '?', 98, 45, 23, NULL, NULL),
(2283, 6, '?', 98, 45, 24, NULL, NULL),
(2284, 63, '?', 98, 45, 26, NULL, NULL),
(2285, 21, '?', 99, 45, 2, NULL, NULL),
(2286, 79, '?', 99, 45, 3, NULL, NULL),
(2287, 12, '?', 99, 45, 5, NULL, NULL),
(2288, 16, '?', 99, 45, 9, NULL, NULL),
(2289, 105, '?', 99, 45, 10, NULL, NULL),
(2290, 33, '?', 99, 45, 13, NULL, NULL),
(2291, 5, '?', 99, 45, 14, NULL, NULL),
(2292, 26, '?', 99, 45, 16, NULL, NULL),
(2293, 96, '?', 99, 45, 20, NULL, NULL),
(2294, 8, '?', 99, 45, 23, NULL, NULL),
(2295, 7, '?', 99, 45, 24, NULL, NULL),
(2296, 64, '?', 99, 45, 26, NULL, NULL),
(2297, 27, '?', 100, 45, 1, NULL, NULL),
(2298, 24, '?', 100, 45, 2, NULL, NULL),
(2299, 70, '?', 100, 45, 3, NULL, NULL),
(2300, 69, '?', 100, 45, 9, NULL, NULL),
(2301, 24, '?', 100, 45, 10, NULL, NULL),
(2302, 54, '?', 100, 45, 13, NULL, NULL),
(2303, 17, '?', 100, 45, 23, NULL, NULL),
(2304, 59, '?', 100, 45, 26, NULL, NULL),
(2305, 122, '?', 100, 45, 27, NULL, NULL),
(2306, 36, '?', 100, 45, 28, NULL, NULL),
(2307, 22, '?', 101, 45, 2, NULL, NULL),
(2308, 56, '?', 101, 45, 3, NULL, NULL),
(2309, 6, '?', 101, 45, 9, NULL, NULL),
(2310, 14, '?', 101, 45, 13, NULL, NULL),
(2311, 1, '?', 101, 45, 23, NULL, NULL),
(2312, 65, '?', 101, 45, 26, NULL, NULL),
(2313, 75, '?', 101, 45, 27, NULL, NULL),
(2314, 21, '?', 102, 45, 1, NULL, NULL),
(2315, 5, '?', 102, 45, 2, NULL, NULL),
(2316, 57, '?', 102, 45, 3, NULL, NULL),
(2317, 10, '?', 102, 45, 7, NULL, NULL),
(2318, 9, '?', 102, 45, 9, NULL, NULL),
(2319, 149, '?', 102, 45, 10, NULL, NULL),
(2320, 36, '?', 102, 45, 13, NULL, NULL),
(2321, 36, '?', 102, 45, 16, NULL, NULL),
(2322, 40, '?', 102, 45, 20, NULL, NULL),
(2323, 8, '?', 102, 45, 23, NULL, NULL),
(2324, 8, '?', 102, 45, 24, NULL, NULL),
(2325, 55, '?', 102, 45, 26, NULL, NULL),
(2326, 63, '?', 102, 45, 27, NULL, NULL),
(2327, 17, '?', 102, 45, 28, NULL, NULL),
(2328, 100, '?', 103, 45, 3, NULL, NULL),
(2329, 42, '?', 103, 45, 7, NULL, NULL),
(2330, 26, '?', 103, 45, 9, NULL, NULL),
(2331, 141, '?', 103, 45, 10, NULL, NULL),
(2332, 8, '?', 103, 45, 13, NULL, NULL),
(2333, 24, '?', 103, 45, 16, NULL, NULL),
(2334, 53, '?', 103, 45, 20, NULL, NULL),
(2335, 27, '?', 103, 45, 23, NULL, NULL),
(2336, 4, '?', 103, 45, 24, NULL, NULL),
(2337, 62, '?', 103, 45, 26, NULL, NULL),
(2338, 47, '?', 103, 45, 27, NULL, NULL),
(2339, 16, '?', 104, 45, 2, NULL, NULL),
(2340, 73, '?', 104, 45, 3, NULL, NULL),
(2341, 42, '?', 104, 45, 7, NULL, NULL),
(2342, 21, '?', 104, 45, 9, NULL, NULL),
(2343, 194, '?', 104, 45, 10, NULL, NULL),
(2344, 42, '?', 104, 45, 16, NULL, NULL),
(2345, 34, '?', 104, 45, 20, NULL, NULL),
(2346, 43, '?', 104, 45, 23, NULL, NULL),
(2347, 64, '?', 104, 45, 26, NULL, NULL),
(2348, 15, '?', 104, 45, 29, NULL, NULL),
(2349, 16, '?', 105, 45, 2, NULL, NULL),
(2350, 160, '?', 105, 45, 3, NULL, NULL),
(2351, 2, '?', 105, 45, 7, NULL, NULL),
(2352, 18, '?', 105, 45, 9, NULL, NULL),
(2353, 174, '?', 105, 45, 10, NULL, NULL),
(2354, 3, '?', 105, 45, 13, NULL, NULL),
(2355, 13, '?', 105, 45, 16, NULL, NULL),
(2356, 79, '?', 105, 45, 20, NULL, NULL),
(2357, 16, '?', 105, 45, 23, NULL, NULL),
(2358, 4, '?', 105, 45, 24, NULL, NULL),
(2359, 52, '?', 105, 45, 26, NULL, NULL),
(2360, 40, '?', 105, 45, 27, NULL, NULL),
(2361, 21, '?', 105, 45, 29, NULL, NULL),
(2362, 11, '?', 106, 45, 1, NULL, NULL),
(2363, 7, '?', 106, 45, 2, NULL, NULL),
(2364, 116, '?', 106, 45, 3, NULL, NULL),
(2365, 80, '?', 106, 45, 4, NULL, NULL),
(2366, 19, '?', 106, 45, 9, NULL, NULL),
(2367, 75, '?', 106, 45, 10, NULL, NULL),
(2368, 8, '?', 106, 45, 13, NULL, NULL),
(2369, 31, '?', 106, 45, 20, NULL, NULL),
(2370, 59, '?', 106, 45, 26, NULL, NULL),
(2371, 16, '?', 106, 45, 29, NULL, NULL),
(2372, 19, '?', 106, 45, 30, NULL, NULL),
(2373, 50, '?', 107, 45, 1, NULL, NULL),
(2374, 4, '?', 107, 45, 2, NULL, NULL),
(2375, 104, '?', 107, 45, 3, NULL, NULL),
(2376, 58, '?', 107, 45, 7, NULL, NULL),
(2377, 96, '?', 107, 45, 10, NULL, NULL),
(2378, 21, '?', 107, 45, 16, NULL, NULL),
(2379, 4, '?', 107, 45, 19, NULL, NULL),
(2380, 79, '?', 107, 45, 20, NULL, NULL),
(2381, 7, '?', 107, 45, 24, NULL, NULL),
(2382, 14, '?', 107, 45, 30, NULL, NULL),
(2383, 7, '?', 108, 45, 2, NULL, NULL),
(2384, 72, '?', 108, 45, 3, NULL, NULL),
(2385, 68, '?', 108, 45, 7, NULL, NULL),
(2386, 5, '?', 108, 45, 9, NULL, NULL),
(2387, 124, '?', 108, 45, 10, NULL, NULL),
(2388, 19, '?', 108, 45, 16, NULL, NULL),
(2389, 86, '?', 108, 45, 20, NULL, NULL),
(2390, 38, '?', 108, 45, 23, NULL, NULL),
(2391, 3, '?', 108, 45, 24, NULL, NULL),
(2392, 53, '?', 108, 45, 26, NULL, NULL),
(2393, 49, '?', 108, 45, 30, NULL, NULL),
(2394, 77, '?', 109, 45, 1, NULL, NULL),
(2395, 71, '?', 109, 45, 3, NULL, NULL),
(2396, 101, '?', 109, 45, 7, NULL, NULL),
(2397, 9, '?', 109, 45, 9, NULL, NULL),
(2398, 161, '?', 109, 45, 10, NULL, NULL),
(2399, 1, '?', 109, 45, 16, NULL, NULL),
(2400, 77, '?', 109, 45, 20, NULL, NULL),
(2401, 45, '?', 109, 45, 23, NULL, NULL),
(2402, 5, '?', 109, 45, 24, NULL, NULL),
(2403, 3, '?', 109, 45, 28, NULL, NULL),
(2404, 97, '?', 109, 45, 30, NULL, NULL),
(2405, 92, '?', 110, 45, 1, NULL, NULL),
(2406, 21, '?', 110, 45, 3, NULL, NULL),
(2407, 7, '?', 110, 45, 4, NULL, NULL),
(2408, 62, '?', 110, 45, 7, NULL, NULL),
(2409, 1, '?', 110, 45, 9, NULL, NULL),
(2410, 175, '?', 110, 45, 10, NULL, NULL),
(2411, 50, '?', 110, 45, 13, NULL, NULL),
(2412, 67, '?', 110, 45, 20, NULL, NULL),
(2413, 46, '?', 110, 45, 23, NULL, NULL),
(2414, 11, '?', 110, 45, 24, NULL, NULL),
(2415, 14, '?', 110, 45, 26, NULL, NULL),
(2416, 57, '?', 110, 45, 30, NULL, NULL),
(2417, 21, '?', 110, 45, 31, NULL, NULL),
(2418, 27, '?', 111, 45, 3, NULL, NULL),
(2419, 215, '?', 111, 45, 10, NULL, NULL);
INSERT INTO `attribution` (`id`, `heure`, `Label`, `id_Sprint`, `id_Employe`, `id_Projet`, `id_Caracteristiques`, `id_TypeTache`) VALUES
(2420, 65, '?', 111, 45, 13, NULL, NULL),
(2421, 17, '?', 111, 45, 20, NULL, NULL),
(2422, 59, '?', 111, 45, 23, NULL, NULL),
(2423, 2, '?', 111, 45, 26, NULL, NULL),
(2424, 78, '?', 111, 45, 30, NULL, NULL),
(2425, 17, '?', 111, 45, 31, NULL, NULL),
(2426, 20, '?', 112, 45, 3, NULL, NULL),
(2427, 39, '?', 112, 45, 8, NULL, NULL),
(2428, 3, '?', 112, 45, 9, NULL, NULL),
(2429, 120, '?', 112, 45, 10, NULL, NULL),
(2430, 26, '?', 112, 45, 13, NULL, NULL),
(2431, 12, '?', 112, 45, 20, NULL, NULL),
(2432, 73, '?', 112, 45, 23, NULL, NULL),
(2433, 2, '?', 112, 45, 26, NULL, NULL),
(2434, 36, '?', 112, 45, 30, NULL, NULL),
(2435, 7, '?', 112, 45, 31, NULL, NULL),
(2436, 3, '?', 113, 45, 1, NULL, NULL),
(2437, 8, '?', 113, 45, 3, NULL, NULL),
(2438, 29, '?', 113, 45, 8, NULL, NULL),
(2439, 27, '?', 113, 45, 10, NULL, NULL),
(2440, 19, '?', 113, 45, 13, NULL, NULL),
(2441, 42, '?', 113, 45, 20, NULL, NULL),
(2442, 69, '?', 113, 45, 23, NULL, NULL),
(2443, 15, '?', 113, 45, 26, NULL, NULL),
(2444, 4, '?', 113, 45, 28, NULL, NULL),
(2445, 18, '?', 113, 45, 30, NULL, NULL),
(2446, 6, '?', 113, 45, 31, NULL, NULL),
(2447, 2, '?', 114, 45, 2, NULL, NULL),
(2448, 4, '?', 114, 45, 3, NULL, NULL),
(2449, 35, '?', 114, 45, 7, NULL, NULL),
(2450, 101, '?', 114, 45, 8, NULL, NULL),
(2451, 81, '?', 114, 45, 10, NULL, NULL),
(2452, 10, '?', 114, 45, 13, NULL, NULL),
(2453, 78, '?', 114, 45, 16, NULL, NULL),
(2454, 45, '?', 114, 45, 20, NULL, NULL),
(2455, 3, '?', 114, 45, 23, NULL, NULL),
(2456, 19, '?', 114, 45, 24, NULL, NULL),
(2457, 7, '?', 114, 45, 26, NULL, NULL),
(2458, 34, '?', 114, 45, 28, NULL, NULL),
(2459, 36, '?', 114, 45, 30, NULL, NULL),
(2460, 24, '?', 115, 45, 1, NULL, NULL),
(2461, 7, '?', 115, 45, 7, NULL, NULL),
(2462, 87, '?', 115, 45, 8, NULL, NULL),
(2463, 18, '?', 115, 45, 10, NULL, NULL),
(2464, 34, '?', 115, 45, 13, NULL, NULL),
(2465, 37, '?', 115, 45, 20, NULL, NULL),
(2466, 11, '?', 115, 45, 23, NULL, NULL),
(2467, 10, '?', 115, 45, 24, NULL, NULL),
(2468, 29, '?', 115, 45, 28, NULL, NULL),
(2469, 30, '?', 115, 45, 30, NULL, NULL),
(2470, 5, '?', 116, 45, 1, NULL, NULL),
(2471, 4, '?', 116, 45, 3, NULL, NULL),
(2472, 15, '?', 116, 45, 7, NULL, NULL),
(2473, 84, '?', 116, 45, 8, NULL, NULL),
(2474, 105, '?', 116, 45, 10, NULL, NULL),
(2475, 9, '?', 116, 45, 13, NULL, NULL),
(2476, 29, '?', 116, 45, 16, NULL, NULL),
(2477, 77, '?', 116, 45, 20, NULL, NULL),
(2478, 14, '?', 116, 45, 23, NULL, NULL),
(2479, 2, '?', 116, 45, 24, NULL, NULL),
(2480, 9, '?', 116, 45, 26, NULL, NULL),
(2481, 10, '?', 116, 45, 28, NULL, NULL),
(2482, 26, '?', 116, 45, 30, NULL, NULL),
(2483, 6, '?', 117, 45, 1, NULL, NULL),
(2484, 7, '?', 117, 45, 3, NULL, NULL),
(2485, 18, '?', 117, 45, 4, NULL, NULL),
(2486, 38, '?', 117, 45, 7, NULL, NULL),
(2487, 23, '?', 117, 45, 8, NULL, NULL),
(2488, 111, '?', 117, 45, 10, NULL, NULL),
(2489, 23, '?', 117, 45, 16, NULL, NULL),
(2490, 64, '?', 117, 45, 20, NULL, NULL),
(2491, 105, '?', 117, 45, 23, NULL, NULL),
(2492, 4, '?', 117, 45, 24, NULL, NULL),
(2493, 19, '?', 117, 45, 26, NULL, NULL),
(2494, 48, '?', 117, 45, 30, NULL, NULL),
(2495, 14, '?', 118, 45, 1, NULL, NULL),
(2496, 1, '?', 118, 45, 3, NULL, NULL),
(2497, 23, '?', 118, 45, 4, NULL, NULL),
(2498, 26, '?', 118, 45, 7, NULL, NULL),
(2499, 18, '?', 118, 45, 8, NULL, NULL),
(2500, 154, '?', 118, 45, 10, NULL, NULL),
(2501, 13, '?', 118, 45, 16, NULL, NULL),
(2502, 101, '?', 118, 45, 20, NULL, NULL),
(2503, 69, '?', 118, 45, 23, NULL, NULL),
(2504, 16, '?', 118, 45, 24, NULL, NULL),
(2505, 14, '?', 118, 45, 26, NULL, NULL),
(2506, 21, '?', 118, 45, 30, NULL, NULL),
(2507, 14, '?', 118, 45, 70, NULL, NULL),
(2508, 12, '?', 119, 45, 3, NULL, NULL),
(2509, 15, '?', 119, 45, 4, NULL, NULL),
(2510, 28, '?', 119, 45, 7, NULL, NULL),
(2511, 50, '?', 119, 45, 8, NULL, NULL),
(2512, 127, '?', 119, 45, 10, NULL, NULL),
(2513, 4, '?', 119, 45, 13, NULL, NULL),
(2514, 5, '?', 119, 45, 16, NULL, NULL),
(2515, 55, '?', 119, 45, 20, NULL, NULL),
(2516, 35, '?', 119, 45, 23, NULL, NULL),
(2517, 2, '?', 119, 45, 24, NULL, NULL),
(2518, 15, '?', 119, 45, 25, NULL, NULL),
(2519, 17, '?', 119, 45, 26, NULL, NULL),
(2520, 65, '?', 119, 45, 30, NULL, NULL),
(2521, 32, '?', 119, 45, 70, NULL, NULL),
(2522, 21, '?', 119, 45, 69, NULL, NULL),
(2523, 2, '?', 120, 45, 3, NULL, NULL),
(2524, 15, '?', 120, 45, 7, NULL, NULL),
(2525, 7, '?', 120, 45, 8, NULL, NULL),
(2526, 40, '?', 120, 45, 10, NULL, NULL),
(2527, 4, '?', 120, 45, 16, NULL, NULL),
(2528, 23, '?', 120, 45, 20, NULL, NULL),
(2529, 31, '?', 120, 45, 23, NULL, NULL),
(2530, 21, '?', 120, 45, 25, NULL, NULL),
(2531, 7, '?', 120, 45, 26, NULL, NULL),
(2532, 42, '?', 120, 45, 30, NULL, NULL),
(2533, 34, '?', 120, 45, 70, NULL, NULL),
(2534, 12, '?', 121, 45, 1, NULL, NULL),
(2535, 15, '?', 121, 45, 2, NULL, NULL),
(2536, 7, '?', 121, 45, 3, NULL, NULL),
(2537, 15, '?', 121, 45, 7, NULL, NULL),
(2538, 4, '?', 121, 45, 8, NULL, NULL),
(2539, 63, '?', 121, 45, 10, NULL, NULL),
(2540, 12, '?', 121, 45, 13, NULL, NULL),
(2541, 14, '?', 121, 45, 16, NULL, NULL),
(2542, 6, '?', 121, 45, 20, NULL, NULL),
(2543, 32, '?', 121, 45, 23, NULL, NULL),
(2544, 9, '?', 121, 45, 24, NULL, NULL),
(2545, 8, '?', 121, 45, 26, NULL, NULL),
(2546, 97, '?', 121, 45, 30, NULL, NULL),
(2547, 28, '?', 121, 45, 70, NULL, NULL),
(2548, 7, '?', 121, 45, 69, NULL, NULL),
(2549, 33, '?', 122, 45, 1, NULL, NULL),
(2550, 1, '?', 122, 45, 2, NULL, NULL),
(2551, 11, '?', 122, 45, 3, NULL, NULL),
(2552, 13, '?', 122, 45, 8, NULL, NULL),
(2553, 155, '?', 122, 45, 10, NULL, NULL),
(2554, 9, '?', 122, 45, 13, NULL, NULL),
(2555, 29, '?', 122, 45, 16, NULL, NULL),
(2556, 35, '?', 122, 45, 20, NULL, NULL),
(2557, 30, '?', 122, 45, 23, NULL, NULL),
(2558, 10, '?', 122, 45, 25, NULL, NULL),
(2559, 27, '?', 122, 45, 26, NULL, NULL),
(2560, 90, '?', 122, 45, 30, NULL, NULL),
(2561, 2, '?', 122, 45, 70, NULL, NULL),
(2562, 31, '?', 122, 45, 69, NULL, NULL),
(2563, 9, '?', 123, 45, 1, NULL, NULL),
(2564, 110, '?', 123, 45, 10, NULL, NULL),
(2565, 14, '?', 123, 45, 13, NULL, NULL),
(2566, 41, '?', 123, 45, 16, NULL, NULL),
(2567, 30, '?', 123, 45, 20, NULL, NULL),
(2568, 72, '?', 123, 45, 23, NULL, NULL),
(2569, 24, '?', 123, 45, 25, NULL, NULL),
(2570, 26, '?', 123, 45, 26, NULL, NULL),
(2571, 102, '?', 123, 45, 30, NULL, NULL),
(2572, 28, '?', 123, 45, 5, NULL, NULL),
(2573, 9, '?', 123, 45, 70, NULL, NULL),
(2574, 50, '?', 123, 45, 69, NULL, NULL),
(2575, 7, '?', 124, 45, 8, NULL, NULL),
(2576, 56, '?', 124, 45, 10, NULL, NULL),
(2577, 4, '?', 124, 45, 16, NULL, NULL),
(2578, 104, '?', 124, 45, 20, NULL, NULL),
(2579, 32, '?', 124, 45, 23, NULL, NULL),
(2580, 14, '?', 124, 45, 25, NULL, NULL),
(2581, 29, '?', 124, 45, 26, NULL, NULL),
(2582, 21, '?', 124, 45, 80, NULL, NULL),
(2583, 75, '?', 124, 45, 30, NULL, NULL),
(2584, 6, '?', 124, 45, 5, NULL, NULL),
(2585, 5, '?', 124, 45, 70, NULL, NULL),
(2586, 31, '?', 124, 45, 69, NULL, NULL),
(2587, 25, '?', 125, 45, 3, NULL, NULL),
(2588, 2, '?', 125, 45, 8, NULL, NULL),
(2589, 117, '?', 125, 45, 10, NULL, NULL),
(2590, 93, '?', 125, 45, 20, NULL, NULL),
(2591, 26, '?', 125, 45, 23, NULL, NULL),
(2592, 34, '?', 125, 45, 26, NULL, NULL),
(2593, 64, '?', 125, 45, 80, NULL, NULL),
(2594, 32, '?', 125, 45, 30, NULL, NULL),
(2595, 58, '?', 125, 45, 69, NULL, NULL),
(2596, 11, '?', 126, 45, 13, NULL, NULL),
(2597, 33, '?', 126, 45, 23, NULL, NULL),
(2598, 54, '?', 126, 45, 25, NULL, NULL),
(2599, 19, '?', 126, 45, 26, NULL, NULL),
(2600, 8, '?', 126, 45, 28, NULL, NULL),
(2601, 76, '?', 126, 45, 80, NULL, NULL),
(2602, 13, '?', 126, 45, 30, NULL, NULL),
(2603, 2, '?', 127, 45, 1, NULL, NULL),
(2604, 3, '?', 127, 45, 4, NULL, NULL),
(2605, 19, '?', 127, 45, 7, NULL, NULL),
(2606, 58, '?', 127, 45, 10, NULL, NULL),
(2607, 24, '?', 127, 45, 16, NULL, NULL),
(2608, 82, '?', 127, 45, 20, NULL, NULL),
(2609, 73, '?', 127, 45, 23, NULL, NULL),
(2610, 46, '?', 127, 45, 25, NULL, NULL),
(2611, 27, '?', 127, 45, 26, NULL, NULL),
(2612, 31, '?', 127, 45, 80, NULL, NULL),
(2613, 64, '?', 127, 45, 30, NULL, NULL),
(2614, 7, '?', 127, 45, 70, NULL, NULL),
(2615, 54, '?', 127, 45, 69, NULL, NULL),
(2616, 40, '?', 128, 45, 1, NULL, NULL),
(2617, 14, '?', 128, 45, 4, NULL, NULL),
(2618, 1, '?', 128, 45, 7, NULL, NULL),
(2619, 43, '?', 128, 45, 10, NULL, NULL),
(2620, 7, '?', 128, 45, 74, NULL, NULL),
(2621, 10, '?', 128, 45, 13, NULL, NULL),
(2622, 25, '?', 128, 45, 16, NULL, NULL),
(2623, 79, '?', 128, 45, 20, NULL, NULL),
(2624, 86, '?', 128, 45, 23, NULL, NULL),
(2625, 50, '?', 128, 45, 25, NULL, NULL),
(2626, 21, '?', 128, 45, 26, NULL, NULL),
(2627, 30, '?', 128, 45, NULL, NULL, NULL),
(2628, 7, '?', 128, 45, 28, NULL, NULL),
(2629, 33, '?', 128, 45, 80, NULL, NULL),
(2630, 61, '?', 128, 45, 30, NULL, NULL),
(2631, 14, '?', 128, 45, 70, NULL, NULL),
(2632, 38, '?', 128, 45, 69, NULL, NULL),
(2633, 7, '?', 129, 45, 1, NULL, NULL),
(2634, 88, '?', 129, 45, 10, NULL, NULL),
(2635, 8, '?', 129, 45, 13, NULL, NULL),
(2636, 14, '?', 129, 45, 20, NULL, NULL),
(2637, 61, '?', 129, 45, 77, NULL, NULL),
(2638, 98, '?', 129, 45, 23, NULL, NULL),
(2639, 59, '?', 129, 45, 25, NULL, NULL),
(2640, 16, '?', 129, 45, 26, NULL, NULL),
(2641, 29, '?', 129, 45, NULL, NULL, NULL),
(2642, 49, '?', 129, 45, 28, NULL, NULL),
(2643, 76, '?', 129, 45, 80, NULL, NULL),
(2644, 17, '?', 129, 45, 30, NULL, NULL),
(2645, 7, '?', 129, 45, 70, NULL, NULL),
(2646, 42, '?', 129, 45, 69, NULL, NULL),
(2647, 4, '?', 130, 45, 7, NULL, NULL),
(2648, 1, '?', 130, 45, 8, NULL, NULL),
(2649, 2, '?', 130, 45, 74, NULL, NULL),
(2650, 61, '?', 130, 45, 13, NULL, NULL),
(2651, 82, '?', 130, 45, 20, NULL, NULL),
(2652, 13, '?', 130, 45, 23, NULL, NULL),
(2653, 32, '?', 130, 45, 25, NULL, NULL),
(2654, 43, '?', 130, 45, 26, NULL, NULL),
(2655, 34, '?', 130, 45, NULL, NULL, NULL),
(2656, 7, '?', 130, 45, 28, NULL, NULL),
(2657, 3, '?', 130, 45, 70, NULL, NULL),
(2658, 17, '?', 130, 45, 69, NULL, NULL),
(2659, 14, '?', 131, 45, 4, NULL, NULL),
(2660, 4, '?', 131, 45, 7, NULL, NULL),
(2661, 31, '?', 131, 45, 74, NULL, NULL),
(2662, 70, '?', 131, 45, 13, NULL, NULL),
(2663, 19, '?', 131, 45, 76, NULL, NULL),
(2664, 91, '?', 131, 45, 20, NULL, NULL),
(2665, 14, '?', 131, 45, 23, NULL, NULL),
(2666, 36, '?', 131, 45, 25, NULL, NULL),
(2667, 35, '?', 131, 45, 26, NULL, NULL),
(2668, 77, '?', 131, 45, NULL, NULL, NULL),
(2669, 23, '?', 131, 45, 28, NULL, NULL),
(2670, 4, '?', 132, 45, 3, NULL, NULL),
(2671, 46, '?', 132, 45, 4, NULL, NULL),
(2672, 89, '?', 132, 45, 10, NULL, NULL),
(2673, 32, '?', 132, 45, 74, NULL, NULL),
(2674, 46, '?', 132, 45, 13, NULL, NULL),
(2675, 36, '?', 132, 45, 76, NULL, NULL),
(2676, 30, '?', 132, 45, 20, NULL, NULL),
(2677, 43, '?', 132, 45, 77, NULL, NULL),
(2678, 54, '?', 132, 45, 23, NULL, NULL),
(2679, 26, '?', 132, 45, 24, NULL, NULL),
(2680, 60, '?', 132, 45, 25, NULL, NULL),
(2681, 30, '?', 132, 45, 26, NULL, NULL),
(2682, 53, '?', 132, 45, NULL, NULL, NULL),
(2683, 35, '?', 132, 45, 28, NULL, NULL),
(2684, 88, '?', 133, 45, 4, NULL, NULL),
(2685, 24, '?', 133, 45, 8, NULL, NULL),
(2686, 32, '?', 133, 45, 10, NULL, NULL),
(2687, 5, '?', 133, 45, 74, NULL, NULL),
(2688, 7, '?', 133, 45, 13, NULL, NULL),
(2689, 30, '?', 133, 45, 20, NULL, NULL),
(2690, 52, '?', 133, 45, 23, NULL, NULL),
(2691, 15, '?', 133, 45, 24, NULL, NULL),
(2692, 54, '?', 133, 45, 25, NULL, NULL),
(2693, 8, '?', 133, 45, 26, NULL, NULL),
(2694, 40, '?', 133, 45, NULL, NULL, NULL),
(2695, 13, '?', 133, 45, 28, NULL, NULL),
(2696, 40, '?', 133, 45, 69, NULL, NULL),
(2697, 28, '?', 134, 45, 1, NULL, NULL),
(2698, 73, '?', 134, 45, 4, NULL, NULL),
(2699, 7, '?', 134, 45, 8, NULL, NULL),
(2700, 87, '?', 134, 45, 10, NULL, NULL),
(2701, 35, '?', 134, 45, 13, NULL, NULL),
(2702, 37, '?', 134, 45, 76, NULL, NULL),
(2703, 3, '?', 134, 45, 77, NULL, NULL),
(2704, 42, '?', 134, 45, 24, NULL, NULL),
(2705, 7, '?', 134, 45, 26, NULL, NULL),
(2706, 37, '?', 134, 45, NULL, NULL, NULL),
(2707, 27, '?', 134, 45, 28, NULL, NULL),
(2708, 7, '?', 134, 45, 69, NULL, NULL),
(2709, 73, '?', 135, 45, 4, NULL, NULL),
(2710, 3, '?', 135, 45, 8, NULL, NULL),
(2711, 84, '?', 135, 45, 10, NULL, NULL),
(2712, 27, '?', 135, 45, 74, NULL, NULL),
(2713, 10, '?', 135, 45, 13, NULL, NULL),
(2714, 28, '?', 135, 45, 76, NULL, NULL),
(2715, 55, '?', 135, 45, 20, NULL, NULL),
(2716, 31, '?', 135, 45, 77, NULL, NULL),
(2717, 1, '?', 135, 45, 23, NULL, NULL),
(2718, 33, '?', 135, 45, 25, NULL, NULL),
(2719, 17, '?', 135, 45, 26, NULL, NULL),
(2720, 34, '?', 135, 45, NULL, NULL, NULL),
(2721, 51, '?', 135, 45, 28, NULL, NULL),
(2722, 12, '?', 135, 45, 69, NULL, NULL),
(2723, 65, '?', 136, 45, 4, NULL, NULL),
(2724, 33, '?', 136, 45, 7, NULL, NULL),
(2725, 22, '?', 136, 45, 74, NULL, NULL),
(2726, 10, '?', 136, 45, 13, NULL, NULL),
(2727, 35, '?', 136, 45, 16, NULL, NULL),
(2728, 44, '?', 136, 45, 76, NULL, NULL),
(2729, 48, '?', 136, 45, 20, NULL, NULL),
(2730, 20, '?', 136, 45, 23, NULL, NULL),
(2731, 13, '?', 136, 45, 24, NULL, NULL),
(2732, 18, '?', 136, 45, 26, NULL, NULL),
(2733, 5, '?', 136, 45, NULL, NULL, NULL),
(2734, 63, '?', 136, 45, 28, NULL, NULL),
(2735, 2, '?', 136, 45, 30, NULL, NULL),
(2736, 7, '?', 136, 45, 69, NULL, NULL),
(2737, 20, '?', 137, 45, 1, NULL, NULL),
(2738, 83, '?', 137, 45, 4, NULL, NULL),
(2739, 6, '?', 137, 45, 7, NULL, NULL),
(2740, 53, '?', 137, 45, 10, NULL, NULL),
(2741, 18, '?', 137, 45, 74, NULL, NULL),
(2742, 9, '?', 137, 45, 13, NULL, NULL),
(2743, 99, '?', 137, 45, 16, NULL, NULL),
(2744, 26, '?', 137, 45, 76, NULL, NULL),
(2745, 39, '?', 137, 45, 20, NULL, NULL),
(2746, 18, '?', 137, 45, 23, NULL, NULL),
(2747, 12, '?', 137, 45, 24, NULL, NULL),
(2748, 18, '?', 137, 45, 26, NULL, NULL),
(2749, 22, '?', 137, 45, 79, NULL, NULL),
(2750, 56, '?', 137, 45, 28, NULL, NULL),
(2751, 43, '?', 137, 45, NULL, NULL, NULL),
(2752, 58, '?', 137, 45, 69, NULL, NULL),
(2753, 28, '?', 138, 45, 1, NULL, NULL),
(2754, 129, '?', 138, 45, 4, NULL, NULL),
(2755, 50, '?', 138, 45, 10, NULL, NULL),
(2756, 12, '?', 138, 45, 74, NULL, NULL),
(2757, 35, '?', 138, 45, 16, NULL, NULL),
(2758, 14, '?', 138, 45, 76, NULL, NULL),
(2759, 33, '?', 138, 45, 20, NULL, NULL),
(2760, 4, '?', 138, 45, 23, NULL, NULL),
(2761, 38, '?', 138, 45, 24, NULL, NULL),
(2762, 30, '?', 138, 45, 79, NULL, NULL),
(2763, 79, '?', 138, 45, 28, NULL, NULL),
(2764, 50, '?', 138, 45, NULL, NULL, NULL),
(2765, 28, '?', 138, 45, 69, NULL, NULL),
(2766, 8, '?', 139, 45, 1, NULL, NULL),
(2767, 20, '?', 139, 45, 4, NULL, NULL),
(2768, 85, '?', 139, 45, 73, NULL, NULL),
(2769, 13, '?', 139, 45, 10, NULL, NULL),
(2770, 24, '?', 139, 45, 74, NULL, NULL),
(2771, 60, '?', 139, 45, 16, NULL, NULL),
(2772, 21, '?', 139, 45, 76, NULL, NULL),
(2773, 59, '?', 139, 45, 20, NULL, NULL),
(2774, 23, '?', 139, 45, 24, NULL, NULL),
(2775, 19, '?', 139, 45, 26, NULL, NULL),
(2776, 57, '?', 139, 45, 79, NULL, NULL),
(2777, 55, '?', 139, 45, 28, NULL, NULL),
(2778, 54, '?', 139, 45, NULL, NULL, NULL),
(2779, 52, '?', 139, 45, 69, NULL, NULL),
(2780, 7, '?', 140, 45, 1, NULL, NULL),
(2781, 2, '?', 140, 45, 3, NULL, NULL),
(2782, 40, '?', 140, 45, 4, NULL, NULL),
(2783, 19, '?', 140, 45, 7, NULL, NULL),
(2784, 59, '?', 140, 45, 73, NULL, NULL),
(2785, 7, '?', 140, 45, 10, NULL, NULL),
(2786, 23, '?', 140, 45, 74, NULL, NULL),
(2787, 11, '?', 140, 45, 13, NULL, NULL),
(2788, 44, '?', 140, 45, 16, NULL, NULL),
(2789, 14, '?', 140, 45, 76, NULL, NULL),
(2790, 13, '?', 140, 45, 20, NULL, NULL),
(2791, 11, '?', 140, 45, 24, NULL, NULL),
(2792, 20, '?', 140, 45, 26, NULL, NULL),
(2793, 53, '?', 140, 45, 79, NULL, NULL),
(2794, 55, '?', 140, 45, 28, NULL, NULL),
(2795, 1, '?', 140, 45, NULL, NULL, NULL),
(2796, 14, '?', 140, 45, NULL, NULL, NULL),
(2797, 21, '?', 140, 45, 69, NULL, NULL),
(2798, 11, '?', 141, 45, 1, NULL, NULL),
(2799, 50, '?', 141, 45, 7, NULL, NULL),
(2800, 50, '?', 141, 45, 10, NULL, NULL),
(2801, 47, '?', 141, 45, 74, NULL, NULL),
(2802, 17, '?', 141, 45, 16, NULL, NULL),
(2803, 3, '?', 141, 45, 76, NULL, NULL),
(2804, 11, '?', 141, 45, 20, NULL, NULL),
(2805, 25, '?', 141, 45, 79, NULL, NULL),
(2806, 14, '?', 141, 45, 28, NULL, NULL),
(2807, 53, '?', 141, 45, NULL, NULL, NULL),
(2808, 12, '?', 141, 45, NULL, NULL, NULL),
(2809, 30, '?', 141, 45, 69, NULL, NULL),
(2810, 7, '?', 142, 45, 1, NULL, NULL),
(2811, 2, '?', 142, 45, 3, NULL, NULL),
(2812, 74, '?', 142, 45, 4, NULL, NULL),
(2813, 85, '?', 142, 45, 10, NULL, NULL),
(2814, 24, '?', 142, 45, 74, NULL, NULL),
(2815, 31, '?', 142, 45, 13, NULL, NULL),
(2816, 36, '?', 142, 45, 16, NULL, NULL),
(2817, 33, '?', 142, 45, 18, NULL, NULL),
(2818, 62, '?', 142, 45, 20, NULL, NULL),
(2819, 47, '?', 142, 45, 23, NULL, NULL),
(2820, 7, '?', 142, 45, 24, NULL, NULL),
(2821, 4, '?', 142, 45, 26, NULL, NULL),
(2822, 76, '?', 142, 45, 79, NULL, NULL),
(2823, 32, '?', 142, 45, 28, NULL, NULL),
(2824, 53, '?', 142, 45, NULL, NULL, NULL),
(2825, 2, '?', 142, 45, NULL, NULL, NULL),
(2826, 41, '?', 142, 45, 69, NULL, NULL),
(2827, 62, '?', 143, 45, 10, NULL, NULL),
(2828, 3, '?', 143, 45, 74, NULL, NULL),
(2829, 26, '?', 143, 45, 13, NULL, NULL),
(2830, 9, '?', 143, 45, 75, NULL, NULL),
(2831, 51, '?', 143, 45, 16, NULL, NULL),
(2832, 11, '?', 143, 45, 18, NULL, NULL),
(2833, 9, '?', 143, 45, 20, NULL, NULL),
(2834, 12, '?', 143, 45, 23, NULL, NULL),
(2835, 21, '?', 143, 45, 24, NULL, NULL),
(2836, 22, '?', 143, 45, 26, NULL, NULL),
(2837, 39, '?', 143, 45, 79, NULL, NULL),
(2838, 21, '?', 143, 45, 28, NULL, NULL),
(2839, 40, '?', 143, 45, 81, NULL, NULL),
(2840, 11, '?', 143, 45, NULL, NULL, NULL),
(2841, 33, '?', 143, 45, 69, NULL, NULL),
(2842, 9, '?', 144, 45, 4, NULL, NULL),
(2843, 67, '?', 144, 45, 73, NULL, NULL),
(2844, 4, '?', 144, 45, 10, NULL, NULL),
(2845, 49, '?', 144, 45, 74, NULL, NULL),
(2846, 7, '?', 144, 45, 13, NULL, NULL),
(2847, 3, '?', 144, 45, 18, NULL, NULL),
(2848, 33, '?', 144, 45, 23, NULL, NULL),
(2849, 22, '?', 144, 45, 26, NULL, NULL),
(2850, 37, '?', 144, 45, 79, NULL, NULL),
(2851, 3, '?', 144, 45, 28, NULL, NULL),
(2852, 57, '?', 144, 45, 81, NULL, NULL),
(2853, 7, '?', 144, 45, NULL, NULL, NULL),
(2854, 18, '?', 144, 45, 69, NULL, NULL),
(2855, 64, '?', 145, 45, 73, NULL, NULL),
(2856, 38, '?', 145, 45, 10, NULL, NULL),
(2857, 46, '?', 145, 45, 20, NULL, NULL),
(2858, 2, '?', 145, 45, 23, NULL, NULL),
(2859, 8, '?', 145, 45, 24, NULL, NULL),
(2860, 9, '?', 145, 45, 79, NULL, NULL),
(2861, 48, '?', 145, 45, 81, NULL, NULL),
(2862, 60, '?', 145, 45, NULL, NULL, NULL),
(2863, 78, '?', 145, 45, 69, NULL, NULL),
(2864, 23, '?', 146, 45, 4, NULL, NULL),
(2865, 77, '?', 146, 45, 10, NULL, NULL),
(2866, 25, '?', 146, 45, 74, NULL, NULL),
(2867, 77, '?', 146, 45, 13, NULL, NULL),
(2868, 53, '?', 146, 45, 20, NULL, NULL),
(2869, 47, '?', 146, 45, 23, NULL, NULL),
(2870, 7, '?', 146, 45, 24, NULL, NULL),
(2871, 21, '?', 146, 45, 26, NULL, NULL),
(2872, 25, '?', 146, 45, 79, NULL, NULL),
(2873, 39, '?', 146, 45, 81, NULL, NULL),
(2874, 41, '?', 146, 45, NULL, NULL, NULL),
(2875, 7, '?', 146, 45, NULL, NULL, NULL),
(2876, 99, '?', 146, 45, 69, NULL, NULL),
(2877, 2, '?', 147, 45, 3, NULL, NULL),
(2878, 49, '?', 147, 45, 4, NULL, NULL),
(2879, 4, '?', 147, 45, 73, NULL, NULL),
(2880, 79, '?', 147, 45, 10, NULL, NULL),
(2881, 10, '?', 147, 45, 74, NULL, NULL),
(2882, 78, '?', 147, 45, 13, NULL, NULL),
(2883, 55, '?', 147, 45, 20, NULL, NULL),
(2884, 22, '?', 147, 45, 23, NULL, NULL),
(2885, 33, '?', 147, 45, 26, NULL, NULL),
(2886, 14, '?', 147, 45, 81, NULL, NULL),
(2887, 40, '?', 147, 45, NULL, NULL, NULL),
(2888, 33, '?', 147, 45, 94, NULL, NULL),
(2889, 5, '?', 147, 45, 96, NULL, NULL),
(2890, 18, '?', 147, 45, 84, NULL, NULL),
(2891, 20, '?', 147, 45, NULL, NULL, NULL),
(2892, 14, '?', 147, 45, 86, NULL, NULL),
(2893, 40, '?', 147, 45, 69, NULL, NULL),
(2894, 74, '?', 148, 45, 4, NULL, NULL),
(2895, 47, '?', 148, 45, 10, NULL, NULL),
(2896, 7, '?', 148, 45, 74, NULL, NULL),
(2897, 71, '?', 148, 45, 13, NULL, NULL),
(2898, 12, '?', 148, 45, 20, NULL, NULL),
(2899, 33, '?', 148, 45, 23, NULL, NULL),
(2900, 21, '?', 148, 45, 26, NULL, NULL),
(2901, 7, '?', 148, 45, 79, NULL, NULL),
(2902, 28, '?', 148, 45, 81, NULL, NULL),
(2903, 14, '?', 148, 45, NULL, NULL, NULL),
(2904, 48, '?', 148, 45, 94, NULL, NULL),
(2905, 10, '?', 148, 45, 96, NULL, NULL),
(2906, 28, '?', 148, 45, 84, NULL, NULL),
(2907, 11, '?', 148, 45, 69, NULL, NULL),
(2908, 49, '?', 149, 45, 3, NULL, NULL),
(2909, 48, '?', 149, 45, 4, NULL, NULL),
(2910, 33, '?', 149, 45, 10, NULL, NULL),
(2911, 33, '?', 149, 45, 13, NULL, NULL),
(2912, 54, '?', 149, 45, 20, NULL, NULL),
(2913, 18, '?', 149, 45, 23, NULL, NULL),
(2914, 10, '?', 149, 45, 24, NULL, NULL),
(2915, 34, '?', 149, 45, 78, NULL, NULL),
(2916, 34, '?', 149, 45, 81, NULL, NULL),
(2917, 44, '?', 149, 45, NULL, NULL, NULL),
(2918, 14, '?', 149, 45, NULL, NULL, NULL),
(2919, 45, '?', 149, 45, 94, NULL, NULL),
(2920, 8, '?', 149, 45, 84, NULL, NULL),
(2921, 108, '?', 149, 45, 85, NULL, NULL),
(2922, 24, '?', 149, 45, 69, NULL, NULL),
(2923, 53, '?', 149, 45, 88, NULL, NULL),
(2924, 31, '?', 149, 45, 87, NULL, NULL),
(2925, 60, '?', 150, 45, 3, NULL, NULL),
(2926, 29, '?', 150, 45, 10, NULL, NULL),
(2927, 12, '?', 150, 45, 74, NULL, NULL),
(2928, 27, '?', 150, 45, 13, NULL, NULL),
(2929, 12, '?', 150, 45, 20, NULL, NULL),
(2930, 28, '?', 150, 45, 23, NULL, NULL),
(2931, 15, '?', 150, 45, 24, NULL, NULL),
(2932, 3, '?', 150, 45, 26, NULL, NULL),
(2933, 39, '?', 150, 45, NULL, NULL, NULL),
(2934, 60, '?', 150, 45, 84, NULL, NULL),
(2935, 80, '?', 150, 45, 85, NULL, NULL),
(2936, 17, '?', 150, 45, 69, NULL, NULL),
(2937, 40, '?', 150, 45, 87, NULL, NULL),
(2938, 4, '?', 12, 7, 3, NULL, NULL),
(2939, 11, '?', 12, 7, 74, NULL, NULL),
(2940, 2, '?', 12, 7, 74, NULL, NULL),
(2941, 1, '?', 12, 7, 96, NULL, NULL),
(2942, 2, '?', 12, 7, 96, NULL, NULL),
(2943, 3, '?', 12, 7, 96, NULL, NULL),
(2944, 4, '?', 12, 7, 96, NULL, NULL),
(2945, 2, '?', 12, 7, 96, NULL, NULL),
(2946, 2, '?', 12, 7, 96, NULL, NULL),
(2947, 3, '?', 12, 7, 96, NULL, NULL),
(2948, 2, '?', 12, 7, 96, NULL, NULL),
(2949, 2, '?', 12, 7, 96, NULL, NULL),
(2950, 3, '?', 12, 7, 96, NULL, NULL),
(2951, 2, '?', 12, 7, 96, NULL, NULL),
(2952, 1, '?', 12, 7, 96, NULL, NULL),
(2953, 7, 'code review/découverte observations', 12, 61, 95, NULL, NULL),
(2954, 10, 'Update les selecteurs / adapter au json actuel observations', 12, 61, 95, NULL, NULL),
(2955, 7, 'clean code et supprimer selecteurs anciens observations', 12, 61, 95, NULL, NULL),
(2956, 3, 'Réunion client', 12, 61, 95, NULL, NULL),
(2957, 5, 'Améliorer filtre collection', 12, 61, 95, NULL, NULL),
(2958, 5, 'clean le code mis à jour', 12, 61, 95, NULL, NULL),
(2959, 4, 'intégrer les milieux', 12, 61, 95, NULL, NULL),
(2960, 2, 'réorganiser les images', 12, 61, 95, NULL, NULL),
(2961, 5, 'Premier APK', 12, 61, 95, NULL, NULL),
(2962, 5, 'modifier pages d\'accueil', 12, 61, 95, NULL, NULL),
(2963, 7, 'CP', 12, 61, 90, NULL, 4),
(2964, 7, 'decouverte / code review Observations', 12, 62, 95, NULL, NULL),
(2965, 10, 'Update selectables Observations', 12, 62, 95, NULL, NULL),
(2966, 7, 'Clean code / supprimer anciens selecteurs', 12, 62, 95, NULL, NULL),
(2967, 7, 'Tests migration SQL -> PostGre', 12, 62, 95, NULL, NULL),
(2968, 3, 'Découverte PostGre', 12, 62, 95, NULL, NULL),
(2969, 3, 'Réunion client', 12, 62, 95, NULL, NULL),
(2970, 5, 'Premier APK', 12, 62, 95, NULL, NULL),
(2971, 1, 'Documenter CSV', 12, 62, 95, NULL, NULL),
(2972, 1, 'Documenter prérequis serveur', 12, 62, 95, NULL, NULL),
(2973, 5, 'clean code', 12, 62, 95, NULL, NULL);

-- --------------------------------------------------------

--
-- Structure de la table `caracteristiques`
--

DROP TABLE IF EXISTS `caracteristiques`;
CREATE TABLE IF NOT EXISTS `caracteristiques` (
  `id` int(11) NOT NULL AUTO_INCREMENT,
  `nom` varchar(25) DEFAULT NULL,
  PRIMARY KEY (`id`)
) ENGINE=InnoDB AUTO_INCREMENT=7 DEFAULT CHARSET=latin1;

--
-- Déchargement des données de la table `caracteristiques`
--

INSERT INTO `caracteristiques` (`id`, `nom`) VALUES
(1, 'Spike'),
(2, 'Test'),
(3, 'Developpement'),
(4, 'Redaction'),
(5, 'Preuve de concept'),
(6, 'Reunion');

-- --------------------------------------------------------

--
-- Structure de la table `demo`
--

DROP TABLE IF EXISTS `demo`;
CREATE TABLE IF NOT EXISTS `demo` (
  `id` int(11) NOT NULL AUTO_INCREMENT,
  `titre` varchar(25) DEFAULT NULL,
  `id_Employe` int(11) DEFAULT NULL,
  `id_StatutDemo` int(11) DEFAULT NULL,
  PRIMARY KEY (`id`),
  KEY `FK_Demo_id_Employe` (`id_Employe`),
  KEY `FK_Demo_id_StatutDemo` (`id_StatutDemo`)
) ENGINE=InnoDB DEFAULT CHARSET=latin1;

-- --------------------------------------------------------

--
-- Structure de la table `disponible`
--

DROP TABLE IF EXISTS `disponible`;
CREATE TABLE IF NOT EXISTS `disponible` (
  `id` int(11) NOT NULL AUTO_INCREMENT,
  `DateValable` date DEFAULT NULL,
  `heure` tinyint(4) DEFAULT NULL,
  `id_Sprint` int(11) DEFAULT NULL,
  `id_Employe` int(11) DEFAULT NULL,
  PRIMARY KEY (`id`),
  KEY `FK_Disponible_id_Sprint` (`id_Sprint`),
  KEY `FK_Disponible_id_Employe` (`id_Employe`)
) ENGINE=InnoDB DEFAULT CHARSET=latin1;

-- --------------------------------------------------------

--
-- Structure de la table `employe`
--

DROP TABLE IF EXISTS `employe`;
CREATE TABLE IF NOT EXISTS `employe` (
  `id` int(11) NOT NULL AUTO_INCREMENT,
  `Initial` varchar(5) DEFAULT NULL,
  `prenom` varchar(50) DEFAULT NULL,
  `nom` varchar(50) DEFAULT NULL,
  `mdp` varchar(60) NOT NULL,
  `Pseudo` varchar(250) NOT NULL,
  `Couleur` varchar(7) DEFAULT NULL,
  `actif` tinyint(1) DEFAULT NULL,
  `id_TypeEmploye` int(11) DEFAULT NULL,
  `id_Poste` int(11) DEFAULT NULL,
  PRIMARY KEY (`id`),
  KEY `FK_Employe_id_TypeEmploye` (`id_TypeEmploye`),
  KEY `FK_Employe_id_Poste` (`id_Poste`)
) ENGINE=InnoDB AUTO_INCREMENT=68 DEFAULT CHARSET=latin1;

--
-- Déchargement des données de la table `employe`
--

INSERT INTO `employe` (`id`, `Initial`, `prenom`, `nom`, `mdp`, `Pseudo`, `Couleur`, `actif`, `id_TypeEmploye`, `id_Poste`) VALUES
(1, 'AD', 'Abel', 'Delannoy', '$2y$10$BmvPccwW5ch/f205YeWOwuX27ioaLKV/XT8M0y5YifR/MtZBwrJNS', 'Abel', '#e0d0f1', 0, NULL, NULL),
(2, 'AS', 'Almudena', 'SanRoman', '$2y$10$BmvPccwW5ch/f205YeWOwuX27ioaLKV/XT8M0y5YifR/MtZBwrJNS', 'Almudena', '#ae4ff3', 0, NULL, NULL),
(3, 'AS', 'Amandine', 'Sahl', '$2y$10$BmvPccwW5ch/f205YeWOwuX27ioaLKV/XT8M0y5YifR/MtZBwrJNS', 'Amandine', '#316a1c', 0, NULL, NULL),
(4, 'AM', 'Antoine', 'Micelli', '$2y$10$BmvPccwW5ch/f205YeWOwuX27ioaLKV/XT8M0y5YifR/MtZBwrJNS', 'Antoine', '#2dfb0e', 0, NULL, NULL),
(5, 'CR', 'Cecile', 'Robin', '$2y$10$BmvPccwW5ch/f205YeWOwuX27ioaLKV/XT8M0y5YifR/MtZBwrJNS', 'Cecile', '#10367c', 0, NULL, NULL),
(6, 'CS', 'Cedric', 'Seguin', '$2y$10$BmvPccwW5ch/f205YeWOwuX27ioaLKV/XT8M0y5YifR/MtZBwrJNS', 'Cedric', '#502377', 0, NULL, NULL),
(7, 'CV', 'Celine', 'Vidal', '$2y$10$1I4igpixvHmKD17PQ60IW.j/ozNb4dQE7fwmIy01Ri.KvlT8SLn12', 'Celine', '#85263d', 1, 6, NULL),
(8, 'CK', 'Christelle', 'Khozian', '$2y$10$BmvPccwW5ch/f205YeWOwuX27ioaLKV/XT8M0y5YifR/MtZBwrJNS', 'Christelle', '#2b1e6b', 1, 4, NULL),
(9, 'CG', 'Cyril', 'Gautreau', '$2y$10$O1BVRhpF/MpPqiKHw6aZYu81edgeYJsFeJuuvQO3W10omkDuSAPTy', 'Cyril', '#05413f', 1, 4, NULL),
(10, 'DL', 'David', 'Lassagne', '$2y$10$HlsnTkmV8jJXM6fRCdu9GOpk.gHwoX9ozJHevLrNgjHGbtyXONY3C', 'David.GE', '#8999b2', 1, 6, NULL),
(11, 'EP', 'Eric', 'Pringels', '$2y$10$BmvPccwW5ch/f205YeWOwuX27ioaLKV/XT8M0y5YifR/MtZBwrJNS', 'Eric', '#2ee96e', 0, NULL, NULL),
(12, 'FB', 'Fabien', 'Buisson', '$2y$10$BmvPccwW5ch/f205YeWOwuX27ioaLKV/XT8M0y5YifR/MtZBwrJNS', 'Fabien', '#daf1ba', 0, NULL, NULL),
(13, 'FF', 'Florian', 'Fauchier', '$2y$10$BmvPccwW5ch/f205YeWOwuX27ioaLKV/XT8M0y5YifR/MtZBwrJNS', 'Florian', '#270eaf', 0, NULL, NULL),
(14, 'FB', 'Frederic', 'Berton', '$2y$10$8xN1cQjeZER7Ll4h1uedO.STJ5jiK7te.sJlsqX3Xj6u4BsUsUkoK', 'Frederic', '#b1a49b', 1, 6, NULL),
(15, 'GT', 'Gerald', 'Tibi', '$2y$10$BmvPccwW5ch/f205YeWOwuX27ioaLKV/XT8M0y5YifR/MtZBwrJNS', 'Gerald', '#1e97da', 0, NULL, NULL),
(16, 'GF', 'Ghislain', 'Fortin', '$2y$10$BmvPccwW5ch/f205YeWOwuX27ioaLKV/XT8M0y5YifR/MtZBwrJNS', 'Ghislain', '#a68c67', 0, NULL, NULL),
(17, 'GB', 'Gilles', 'Bassiere', '$2y$10$BmvPccwW5ch/f205YeWOwuX27ioaLKV/XT8M0y5YifR/MtZBwrJNS', 'Gilles', '#627fc5', 0, NULL, NULL),
(18, 'JT', 'Jerome', 'TenShong', '$2y$10$BmvPccwW5ch/f205YeWOwuX27ioaLKV/XT8M0y5YifR/MtZBwrJNS', 'Jerome', '#31b935', 0, NULL, NULL),
(19, 'JL', 'Jean Francois', 'Leger', '$2y$10$BmvPccwW5ch/f205YeWOwuX27ioaLKV/XT8M0y5YifR/MtZBwrJNS', 'Jean Francois', '#c6e62c', 0, NULL, NULL),
(20, 'JA', 'Jean-Vitus', 'Albertini', '$2y$10$1MlBopWV6/PJ17jbogGv/OuDe1IEPYY1l2dNJZzfYZ130s4vQvFFq', 'Jean-Vitus', '#40e210', 1, 3, NULL),
(21, 'JD', 'Jeanne', 'Dauvergne', '$2y$10$BmvPccwW5ch/f205YeWOwuX27ioaLKV/XT8M0y5YifR/MtZBwrJNS', 'Jeanne', '#b98392', 0, NULL, NULL),
(22, 'JL', 'Jérémy', 'Leriche', '$2y$10$wHg/Gh4exPvv7YKUcJGV3OJbWAPv/6M/1Ll9GG3.DigAvVBp2kXzu', 'MrJeje_', '#2d3fe1', 1, 6, NULL),
(23, 'JC', 'Julie', 'Chabalier', '$2y$10$BmvPccwW5ch/f205YeWOwuX27ioaLKV/XT8M0y5YifR/MtZBwrJNS', 'Julie', '#6741f7', 0, NULL, NULL),
(24, 'JB', 'Julien', 'Bono', '$2y$10$BmvPccwW5ch/f205YeWOwuX27ioaLKV/XT8M0y5YifR/MtZBwrJNS', 'Julien', '#a2435c', 0, NULL, NULL),
(25, 'KS', 'Kamel', 'Sabri', '$2y$10$BmvPccwW5ch/f205YeWOwuX27ioaLKV/XT8M0y5YifR/MtZBwrJNS', 'Kamel', '#f2d9e0', 0, NULL, NULL),
(26, 'KT', 'Khaled', 'Talbi', '$2y$10$tA9LQ7A36NzsvB/Av4YT.OcPjl6GVY9TIgQiGJXfuIkMGolYOIuKK', 'Khaled', '#ff0f02', 1, 6, NULL),
(27, 'LC', 'Lea', 'Charbonnier', '$2y$10$BmvPccwW5ch/f205YeWOwuX27ioaLKV/XT8M0y5YifR/MtZBwrJNS', 'Lea', '#3c1d47', 0, NULL, NULL),
(28, 'LP', 'Laura', 'Perez', '$2y$10$BmvPccwW5ch/f205YeWOwuX27ioaLKV/XT8M0y5YifR/MtZBwrJNS', 'Laura', '#c698ea', 0, NULL, NULL),
(29, 'MM', 'Marion', 'Marcoux', '$2y$10$BmvPccwW5ch/f205YeWOwuX27ioaLKV/XT8M0y5YifR/MtZBwrJNS', 'Marion', '#72fda7', 0, NULL, NULL),
(30, 'MJ', 'Matheo', 'Jaouen', '$2y$10$BmvPccwW5ch/f205YeWOwuX27ioaLKV/XT8M0y5YifR/MtZBwrJNS', 'Matheo', '#2504d2', 0, NULL, NULL),
(31, 'MT', 'Mathieu', 'Thomazo', '$2y$10$BmvPccwW5ch/f205YeWOwuX27ioaLKV/XT8M0y5YifR/MtZBwrJNS', 'Mathieu', '#ec25b3', 0, NULL, NULL),
(32, 'OR', 'Olivier', 'Rovellotti', '$2y$10$BmvPccwW5ch/f205YeWOwuX27ioaLKV/XT8M0y5YifR/MtZBwrJNS', 'Olivier', '#a16a0b', 1, 6, NULL),
(33, 'PD', 'Pierre', 'Delaunay', '$2y$10$BmvPccwW5ch/f205YeWOwuX27ioaLKV/XT8M0y5YifR/MtZBwrJNS', 'Pierre', '#6cdf49', 0, 2, NULL),
(34, 'RF', 'Romain', 'Fabbro', '$2y$10$BmvPccwW5ch/f205YeWOwuX27ioaLKV/XT8M0y5YifR/MtZBwrJNS', 'Romain', '#3dbaed', 0, NULL, NULL),
(35, 'SM', 'Sabine', 'Meneut', '$2y$10$BmvPccwW5ch/f205YeWOwuX27ioaLKV/XT8M0y5YifR/MtZBwrJNS', 'Sabine', '#d45df9', 0, NULL, NULL),
(36, 'SB', 'Sandra', 'Bonnot', '$2y$10$BmvPccwW5ch/f205YeWOwuX27ioaLKV/XT8M0y5YifR/MtZBwrJNS', 'Sandra', '#340b29', 0, NULL, NULL),
(37, 'SR', 'Stephanie', 'Ritz', '$2y$10$BmvPccwW5ch/f205YeWOwuX27ioaLKV/XT8M0y5YifR/MtZBwrJNS', 'Stephanie', '#b033b7', 0, NULL, NULL),
(38, 'TA', 'Tamou', 'Amadha', '$2y$10$BmvPccwW5ch/f205YeWOwuX27ioaLKV/XT8M0y5YifR/MtZBwrJNS', 'Tamou', '#a10e64', 0, NULL, NULL),
(39, 'TR', 'Thibault', 'Rhudel', '$2y$10$BmvPccwW5ch/f205YeWOwuX27ioaLKV/XT8M0y5YifR/MtZBwrJNS', 'Thibault', '#20ba44', 0, NULL, NULL),
(40, 'TP', 'Thomas', 'Peel', '$2y$10$BmvPccwW5ch/f205YeWOwuX27ioaLKV/XT8M0y5YifR/MtZBwrJNS', 'Thomas', '#10353b', 0, NULL, NULL),
(41, 'TL', 'Tom', 'Lopez', '$2y$10$2GIULFHYYwum90QumcXGb.cvxtlNATdz7YFMWav6t9vV.fpeBYPES', 'Barbie', '#f9429e', 1, 3, NULL),
(42, 'VB', 'Vincent', 'Bourgeois', '$2y$10$BmvPccwW5ch/f205YeWOwuX27ioaLKV/XT8M0y5YifR/MtZBwrJNS', 'Vincent', '#a0a0f6', 1, 3, NULL),
(43, 'VG', 'Vivien', 'Grivaud', '$2y$10$BmvPccwW5ch/f205YeWOwuX27ioaLKV/XT8M0y5YifR/MtZBwrJNS', 'Vivien', '#20604f', 0, NULL, NULL),
(44, 'YT', 'Yacine', 'Thomazo', '$2y$10$BmvPccwW5ch/f205YeWOwuX27ioaLKV/XT8M0y5YifR/MtZBwrJNS', 'Yacine', '#bbea15', 0, NULL, NULL),
(45, '??', 'Groupe', 'Groupe', '$2y$10$o3IsrkshfX5m0v0dnkxsxuIgE6ARTwwy0Dc2Tr0oWy.Qb1gNOclCG', 'Groupe', '#833e1a', 1, 4, NULL),
(46, 'AR', 'Angelique', 'Ries', '$2y$10$Snm3K0ePyYSCSeCPpQtFpeZUHz.HP65iftyKecaT8.7M4aoF51.Uy', 'B', '#7291fc', 1, 2, NULL),
(47, 'NH', 'Nabil', 'Hamadou', '$2y$10$IKrlIHwFc55PKTXR7T5/J.gnuo2vbdCr5PWwHeRKLHUKvQxfJDcr2', 'NABIL', '#ff0a00', 1, 2, NULL),
(48, 'RK', 'Romain', 'Knezevitch', '$2y$10$BmvPccwW5ch/f205YeWOwuX27ioaLKV/XT8M0y5YifR/MtZBwrJNS', 'Romain', '#e6da01', 0, NULL, NULL),
(49, 'CL', 'Christophe', 'Lavagna', '$2y$10$ByQ753iU/ZvObOpmd0psrOnU9U8YPDiUTw4xoo7stTutI6mvAlykq', 'loloulol', '#05c1e2', 0, 3, NULL),
(50, 'HE', 'Herve', 'Aymes', '$2y$10$XILUI4WsT5fgvyrzCXl3Fu0twbqZHxHjp9VMzaCOFI9qiAQ.fWThm', 'Herve', '#6e60e1', 1, 3, NULL),
(51, 'SP', 'Sebastien', 'Paris', '$2y$10$BmvPccwW5ch/f205YeWOwuX27ioaLKV/XT8M0y5YifR/MtZBwrJNS', 'Sebastien', '#5aa2d8', 1, 6, NULL),
(52, 'NF', 'Naomi', 'Fischer', '$2y$10$VyPf1vbgmPRrojexA6Cyc.XT/1yAVlbi36q/14fR3B0MFcouPr8/S', 'Nao', '#12d28e', 1, 2, NULL),
(53, 'JD', 'Julien', 'Dejasmin', '$2y$10$biEhhrGqL6vUIGvy6lJeFOX7qsOsn8EHQdr7iqZvuMWEmQchp1bWa', 'Julien', '#fcae21', 0, 3, NULL),
(54, 'MV', 'El Makki', 'Voundy', '$2y$10$Cgcmxl5iZPIaloqpX8WUa.eW01xI7MZqvS2VdK0gZmv36i4jvynsy', 'El-Makki', '#bf0602', 1, 3, NULL),
(55, 'RG', 'Remi', 'Guijarro Espinosa', '$2y$10$DaNwMH.SQQk4lxa0OfLDrOzcCVgT1kT0kMvL/uWyl7qWBY12nPYAC', 'Remi', '#1f899d', 0, 3, NULL),
(56, 'VP', 'Vincent', 'Pilorge', '$2y$10$4idZ4D6N0.S89K3FGs1S9uE.wK9BYQ/5ESbSo8IJPy/E4Lz5Qnh3u', 'Vincent P', '#009900', 0, 3, NULL),
(57, 'JC', 'Julien', 'Corny', '$2y$10$wsttOgTvXqBriBg61eXqSeE6p0z0jPrswFBdVHjVIsem0BghOa8rq', 'Julien', '#cdf167', 1, 3, NULL),
(58, 'PK', 'Patrick', 'Kappeler ', '$2y$10$CmXnV1A8smOgEzsHmaJRa.ir7d/ewJpVcoqfABO/n6RQD6.OGUw7u', 'Patrick', '#ea6007', 1, 3, NULL),
(59, 'AD', 'Adrien', 'Rouleau', '$2y$10$o9ZJwPT23NXHZEtzBqp1Oet707EVK.06j926uuGZe9z.VvonXdumO', 'Adrien', '#9cccd5', 0, 3, NULL),
(60, 'AH', 'Amine', 'Hamouda', '$2y$10$HrxeGNZLcrJTKnwKRwuDruOCBlKL7gAwpBjViqOq6Rbx5Ej1D.yhe', 'Amine', '#ff80c0', 1, 3, NULL),
(61, 'HG', 'Hadrien', 'Grenacs', '$2y$10$mq5aYq8eJ/KrItFFC7PayePE5jLZ9bL5JIQVirXB/APmz6.xHjJSS', 'Hadrien', '#0d6e7f', 1, 3, NULL),
(62, 'GG', 'Gabriel', 'Girard', '$2y$10$3TXa7g0pRJAs6mlL5CU7guy587T9G4JWVoDS1/KrDt1lLI9kbnwYe', 'Gabriel', '#b3b3b3', 1, 3, NULL),
(63, 'ZE', 'Zouhair', 'Et-taousy', '$2y$10$Bwi0P5w.mmFsrlpaZTkq.eaEktECIwZsR7Uu4LOs9eW586B0rp63u', 'Zouhair', '#2ecc7', 0, 3, NULL),
(65, 'GL', 'Garance', 'LORET', '$2y$10$pOtwwUD0vjW2Rlg/RyvgO.xXEygzs9aaDbkYU/FylxMJ2ldyQ0VCS', 'Garance', '#c067cb', 1, 3, NULL),
(66, 'SC', 'Servane', 'Cornou', '$2y$10$fjGtVZZl9tXF4Fv5UqrTOOOfnH3kYEjUQp7xO3elouo.QTpqb5wfa', 'Servane', '#6fa012', 1, 5, NULL);

-- --------------------------------------------------------

--
-- Structure de la table `employe_projet`
--

DROP TABLE IF EXISTS `employe_projet`;
CREATE TABLE IF NOT EXISTS `employe_projet` (
  `id` int(11) NOT NULL AUTO_INCREMENT,
  `id_Projet` int(11) DEFAULT NULL,
  `id_Employe` int(11) DEFAULT NULL,
  PRIMARY KEY (`id`),
  KEY `FK_Employe_Projet_id_Projet` (`id_Projet`),
  KEY `FK_Employe_Projet_id_Employe` (`id_Employe`)
) ENGINE=InnoDB AUTO_INCREMENT=202 DEFAULT CHARSET=latin1;

--
-- Déchargement des données de la table `employe_projet`
--

INSERT INTO `employe_projet` (`id`, `id_Projet`, `id_Employe`) VALUES
(1, 1, 43),
(2, 1, 33),
(3, 2, 33),
(4, 3, 39),
(5, 3, 33),
(6, 3, 35),
(7, 7, 14),
(8, 7, 10),
(9, 7, 15),
(10, 10, 14),
(11, 10, 30),
(12, 10, 15),
(13, 10, 34),
(14, 10, 35),
(15, 16, 10),
(16, 19, 10),
(17, 20, 14),
(18, 20, 10),
(19, 20, 41),
(20, 20, 15),
(21, 24, 10),
(22, 24, 15),
(23, 30, 43),
(24, 30, 33),
(25, 7, 41),
(26, 7, 34),
(27, 7, 33),
(28, 9, 7),
(29, 9, 42),
(30, 10, 26),
(31, 10, 20),
(32, 16, 14),
(33, 16, 34),
(34, 20, 43),
(35, 20, 33),
(36, 23, 14),
(37, 23, 41),
(38, 23, 34),
(39, 23, 26),
(40, 23, 35),
(41, 24, 14),
(42, 24, 26),
(43, 26, 7),
(44, 26, 42),
(45, 30, 7),
(46, 30, 42),
(47, 1, 11),
(48, 7, 30),
(49, 7, 26),
(50, 16, 11),
(51, 23, 11),
(52, 23, 7),
(53, 23, 33),
(54, 28, 11),
(64, 69, 7),
(65, 69, 14),
(66, 69, 26),
(67, 69, 30),
(68, 69, 32),
(69, 69, 34),
(70, 69, 43),
(71, 70, 7),
(72, 70, 14),
(73, 70, 26),
(74, 70, 32),
(75, 70, 43),
(76, 67, 7),
(77, 67, 10),
(78, 67, 33),
(79, 67, 14),
(80, 67, 26),
(81, 67, 41),
(82, 67, 43),
(83, 66, 7),
(84, 66, 14),
(85, 66, 26),
(86, 66, 32),
(87, 68, 7),
(88, 68, 14),
(89, 68, 26),
(90, 68, 30),
(91, 68, 32),
(92, 68, 34),
(93, 68, 41),
(94, 71, 1),
(95, 71, 2),
(96, 71, 3),
(97, 71, 4),
(98, 71, 5),
(99, 71, 6),
(100, 71, 7),
(101, 71, 8),
(102, 71, 9),
(103, 71, 10),
(104, 71, 11),
(105, 71, 12),
(106, 71, 13),
(107, 71, 14),
(108, 71, 15),
(109, 71, 16),
(110, 71, 17),
(111, 71, 18),
(112, 71, 19),
(113, 71, 20),
(114, 71, 21),
(115, 71, 22),
(116, 71, 23),
(117, 71, 24),
(118, 71, 25),
(119, 71, 26),
(120, 71, 27),
(121, 71, 28),
(122, 71, 29),
(123, 71, 30),
(124, 71, 31),
(125, 71, 32),
(126, 71, 33),
(127, 71, 34),
(128, 71, 35),
(129, 71, 36),
(130, 71, 37),
(131, 71, 38),
(132, 71, 39),
(133, 71, 40),
(134, 71, 41),
(135, 71, 42),
(136, 71, 43),
(137, 71, 44),
(138, 71, 45),
(157, 72, 1),
(158, 72, 2),
(159, 72, 3),
(160, 72, 4),
(161, 72, 5),
(162, 72, 6),
(163, 72, 7),
(164, 72, 8),
(165, 72, 9),
(166, 72, 10),
(167, 72, 11),
(168, 72, 12),
(169, 72, 13),
(170, 72, 14),
(171, 72, 15),
(172, 72, 16),
(173, 72, 17),
(174, 72, 18),
(175, 72, 19),
(176, 72, 20),
(177, 72, 21),
(178, 72, 22),
(179, 72, 23),
(180, 72, 24),
(181, 72, 25),
(182, 72, 26),
(183, 72, 27),
(184, 72, 28),
(185, 72, 29),
(186, 72, 30),
(187, 72, 31),
(188, 72, 32),
(189, 72, 33),
(190, 72, 34),
(191, 72, 35),
(192, 72, 36),
(193, 72, 37),
(194, 72, 38),
(195, 72, 39),
(196, 72, 40),
(197, 72, 41),
(198, 72, 42),
(199, 72, 43),
(200, 72, 44),
(201, 72, 45);

-- --------------------------------------------------------

--
-- Structure de la table `heuresdescendues`
--

DROP TABLE IF EXISTS `heuresdescendues`;
CREATE TABLE IF NOT EXISTS `heuresdescendues` (
  `id` int(11) NOT NULL AUTO_INCREMENT,
  `heure` tinyint(4) DEFAULT NULL,
  `DateDescendu` date DEFAULT NULL,
  `id_Sprint` int(11) DEFAULT NULL,
  `id_Employe` int(11) DEFAULT NULL,
  `id_Projet` int(11) DEFAULT NULL,
  `id_Attribution` int(11) DEFAULT NULL,
  PRIMARY KEY (`id`),
  KEY `FK_HeuresDescendues_id_Sprint` (`id_Sprint`),
  KEY `FK_HeuresDescendues_id_Employe` (`id_Employe`),
  KEY `FK_HeuresDescendues_id_Projet` (`id_Projet`),
  KEY `FK_HeuresDescendues_id_Attribution` (`id_Attribution`) USING BTREE
) ENGINE=InnoDB AUTO_INCREMENT=1066 DEFAULT CHARSET=latin1;

--
-- Déchargement des données de la table `heuresdescendues`
--

INSERT INTO `heuresdescendues` (`id`, `heure`, `DateDescendu`, `id_Sprint`, `id_Employe`, `id_Projet`, `id_Attribution`) VALUES
(248, 1, '2018-07-17', 3, 22, 23, 106),
(249, 1, '2018-07-17', 3, 22, 23, 105),
(250, 4, '2018-07-17', 3, 22, 23, 96),
(251, 1, '2018-07-17', 3, 22, 23, 93),
(252, 3, '2018-07-18', 3, 22, 23, 88),
(253, 3, '2018-07-18', 3, 22, 23, 97),
(254, 1, '2018-07-18', 3, 22, 23, 99),
(255, 1, '2018-07-18', 3, 22, 23, 92),
(256, 2, '2018-07-18', 3, 22, 23, 94),
(257, 5, '2018-07-18', 3, 59, 3, 184),
(258, 11, '2018-07-18', 3, 53, 24, 127),
(259, 1, '2018-07-18', 3, 7, 13, 237),
(260, 1, '2018-07-18', 3, 7, 13, 236),
(261, 5, '2018-07-18', 3, 54, 24, 69),
(262, 5, '2018-07-18', 3, 55, 78, 162),
(263, 5, '2018-07-18', 3, 55, 78, 161),
(264, 7, '2018-07-19', 3, 61, 3, 204),
(265, 7, '2018-07-19', 3, 61, 3, 200),
(266, 7, '2018-07-19', 3, 61, 3, 203),
(267, 7, '2018-07-19', 3, 62, 3, 190),
(268, 7, '2018-07-19', 3, 62, 3, 187),
(269, 7, '2018-07-19', 3, 62, 3, 186),
(270, 1, '2018-07-19', 3, 50, 82, 117),
(271, 7, '2018-07-19', 3, 50, 82, 118),
(272, 4, '2018-07-19', 3, 22, 23, 100),
(273, 3, '2018-07-19', 3, 22, 23, 102),
(274, 7, '2018-07-19', 3, 56, 84, 287),
(275, 3, '2018-07-19', 3, 26, 23, 175),
(276, 21, '2018-07-19', 3, 54, 89, 75),
(277, 1, '2018-07-20', 3, 50, 82, 119),
(278, 4, '2018-07-20', 3, 50, 82, 120),
(279, 2, '2018-07-20', 3, 50, 82, 116),
(280, 2, '2018-07-20', 3, 22, 23, 91),
(281, 3, '2018-07-20', 3, 22, 23, 101),
(282, 8, '2018-07-20', 3, 22, 23, 95),
(283, 1, '2018-07-20', 3, 49, 82, 270),
(284, 3, '2018-07-20', 3, 49, 82, 272),
(285, 3, '2018-07-20', 3, 49, 82, 275),
(286, 3, '2018-07-20', 3, 7, 74, 235),
(287, 7, '2018-07-20', 3, 60, 81, 207),
(288, 3, '2018-07-20', 3, 22, 23, 98),
(289, 8, '2018-07-20', 3, 58, 84, 154),
(290, 2, '2018-07-20', 3, 58, 84, 151),
(291, 2, '2018-07-20', 3, 58, 84, 150),
(292, 2, '2018-07-20', 3, 58, 84, 149),
(293, 5, '2018-07-23', 3, 54, 89, 85),
(294, 2, '2018-07-20', 3, 26, 69, 179),
(295, 10, '2018-07-20', 3, 26, 23, 173),
(296, 5, '2018-07-18', 3, 59, 3, 185),
(297, 5, '2018-07-19', 3, 59, 3, 170),
(298, 5, '2018-07-20', 3, 59, 3, 183),
(299, 4, '2018-07-23', 3, 60, 13, 212),
(300, 2, '2018-07-23', 3, 60, 13, 214),
(301, 1, '2018-07-23', 3, 60, 13, 215),
(302, 3, '2018-07-23', 3, 60, 13, 218),
(303, 4, '2018-07-23', 3, 60, 13, 213),
(304, 2, '2018-07-23', 3, 22, 23, 89),
(305, 4, '2018-07-23', 3, 56, 84, 291),
(306, 6, '2018-07-23', 3, 56, 84, 288),
(307, 4, '2018-07-24', 3, 53, 55, 129),
(308, 7, '2018-07-24', 3, 54, 89, 76),
(309, 2, '2018-07-24', 3, 26, 23, 176),
(310, 7, '2018-07-23', 3, 62, 3, 191),
(311, 7, '2018-07-24', 3, 60, 13, 210),
(312, 1, '2018-07-24', 3, 60, 13, 216),
(313, 7, '2018-07-24', 3, 62, 3, 188),
(314, 1, '2018-07-25', 3, 50, 20, 108),
(315, 1, '2018-07-25', 3, 50, 20, 113),
(316, 4, '2018-07-25', 3, 50, 24, 121),
(317, 2, '2018-07-25', 3, 50, 23, 123),
(318, 1, '2018-07-25', 3, 49, 82, 269),
(319, 3, '2018-07-25', 3, 49, 82, 274),
(320, 2, '2018-07-25', 3, 49, 82, 271),
(321, 5, '2018-07-25', 3, 22, 23, 104),
(322, 7, '2018-07-25', 3, 49, 82, 268),
(323, 7, '2018-07-25', 3, 55, 82, 303),
(324, 2, '2018-07-25', 3, 55, 82, 304),
(325, 1, '2018-07-25', 3, 55, 82, 278),
(326, 1, '2018-07-25', 3, 55, 82, 305),
(327, 2, '2018-07-25', 3, 26, 69, 180),
(328, 3, '2018-07-25', 3, 26, 23, 174),
(329, 7, '2018-07-25', 3, 59, 3, 169),
(330, 3, '2018-07-25', 3, 63, 85, 284),
(331, 14, '2018-07-25', 3, 63, 85, 281),
(332, 7, '2018-07-25', 3, 63, 85, 285),
(333, 5, '2018-07-25', 3, 22, 23, 124),
(334, 2, '2018-07-25', 3, 54, 89, 73),
(335, 8, '2018-07-25', 3, 53, 24, 128),
(336, 7, '2018-07-25', 3, 53, 23, 125),
(337, 6, '2018-07-25', 3, 59, 3, 171),
(338, 6, '2018-07-25', 3, 59, 3, 172),
(339, 8, '2018-07-25', 3, 58, 84, 155),
(340, 3, '2018-07-25', 3, 49, 82, 273),
(341, 2, '2018-07-26', 3, 62, 3, 193),
(342, 3, '2018-07-26', 3, 62, 3, 195),
(343, 5, '2018-07-26', 3, 20, 89, 86),
(344, 2, '2018-07-26', 3, 20, 89, 74),
(345, 1, '2018-07-26', 3, 46, 23, 258),
(346, 7, '2018-07-26', 3, 46, 4, 253),
(347, 18, '2018-07-26', 3, 46, 1, 261),
(348, 3, '2018-07-26', 3, 46, 4, 255),
(349, 4, '2018-07-26', 3, 46, 83, 260),
(350, 4, '2018-07-26', 3, 46, 4, 254),
(351, 7, '2018-07-26', 3, 46, 81, 252),
(352, 10, '2018-07-26', 3, 46, 83, 259),
(353, 12, '2018-07-26', 3, 53, 24, 126),
(354, 5, '2018-07-26', 3, 56, 84, 289),
(355, 2, '2018-07-26', 3, 61, 3, 198),
(356, 3, '2018-07-26', 3, 61, 3, 197),
(357, 7, '2018-07-26', 3, 61, 3, 201),
(358, 7, '2018-07-26', 3, 61, 3, 202),
(359, 3, '2018-07-26', 3, 42, 89, 82),
(360, 1, '2018-07-26', 3, 42, 89, 78),
(361, 2, '2018-07-26', 3, 42, 26, 133),
(362, 13, '2018-07-26', 3, 42, 26, 134),
(363, 7, '2018-07-26', 3, 42, 69, 135),
(364, 3, '2018-07-26', 3, 42, 23, 136),
(365, 7, '2018-07-26', 3, 58, 84, 158),
(366, 7, '2018-07-26', 3, 58, 84, 157),
(367, 14, '2018-07-27', 3, 60, 13, 211),
(368, 4, '2018-07-27', 3, 50, 20, 114),
(369, 21, '2018-07-27', 3, 47, 86, 262),
(370, 15, '2018-07-27', 3, 47, 23, 265),
(371, 3, '2018-07-27', 3, 47, 23, 264),
(372, 7, '2018-07-27', 3, 49, 82, 267),
(373, 21, '2018-07-27', 3, 47, 13, 263),
(374, 1, '2018-07-27', 3, 60, 13, 217),
(375, 1, '2018-07-27', 3, 7, 74, 232),
(376, 2, '2018-07-27', 3, 7, 74, 222),
(377, 2, '2018-07-27', 3, 7, 74, 220),
(378, 1, '2018-07-27', 3, 7, 74, 230),
(379, 1, '2018-07-27', 3, 7, 74, 231),
(380, 1, '2018-07-27', 3, 7, 74, 229),
(381, 2, '2018-07-27', 3, 7, 74, 219),
(382, 1, '2018-07-27', 3, 7, 74, 226),
(383, 2, '2018-07-27', 3, 7, 74, 225),
(384, 2, '2018-07-27', 3, 7, 74, 223),
(385, 4, '2018-07-27', 3, 57, 88, 137),
(386, 7, '2018-07-27', 3, 57, 88, 141),
(387, 4, '2018-07-27', 3, 57, 88, 148),
(388, 7, '2018-07-27', 3, 57, 88, 142),
(389, 4, '2018-07-27', 3, 57, 88, 144),
(390, 7, '2018-07-27', 3, 57, 88, 140),
(391, 7, '2018-07-27', 3, 57, 88, 143),
(392, 3, '2018-07-27', 3, 56, 84, 293),
(393, 1, '2018-07-27', 3, 56, 84, 294),
(394, 3, '2018-07-27', 3, 56, 84, 292),
(395, 2, '2018-07-27', 3, 58, 84, 152),
(396, 1, '2018-07-27', 3, 54, 89, 279),
(397, 14, '2018-07-27', 3, 54, 89, 81),
(398, 7, '2018-07-27', 3, 60, 81, 209),
(399, 3, '2018-07-27', 3, 54, 89, 84),
(400, 1, '2018-07-27', 3, 54, 89, 280),
(401, 16, '2018-07-27', 3, 42, 89, 79),
(402, 3, '2018-07-27', 3, 20, 89, 83),
(403, 16, '2018-07-27', 3, 20, 89, 80),
(404, 3, '2018-07-30', 3, 53, 55, 130),
(405, 2, '2018-07-30', 3, 26, 69, 178),
(406, 4, '2018-07-30', 3, 26, 69, 177),
(407, 11, '2018-07-30', 3, 26, 69, 181),
(408, 16, '2018-07-30', 3, 52, 4, 168),
(409, 14, '2018-07-30', 3, 52, 4, 164),
(410, 14, '2018-07-30', 3, 52, 4, 165),
(411, 1, '2018-07-30', 5, 22, 23, 354),
(412, 1, '2018-07-30', 5, 22, 23, 365),
(413, 0, '2018-07-30', 5, 22, 23, 352),
(414, 3, '2018-07-30', 5, 59, 3, 377),
(415, 5, '2018-07-30', 5, 54, 89, 373),
(416, 0, '2018-07-31', 5, 22, 23, 336),
(417, 1, '2018-07-31', 5, 22, 23, 429),
(418, 0, '2018-07-31', 5, 22, 23, 348),
(419, 3, '2018-07-31', 5, 22, 23, 337),
(420, 2, '2018-07-31', 5, 22, 23, 355),
(421, 0, '2018-07-31', 5, 22, 23, 353),
(422, 1, '2018-07-31', 5, 22, 23, 351),
(423, 0, '2018-07-31', 5, 22, 23, 361),
(424, 2, '2018-07-31', 5, 22, 23, 338),
(425, 2, '2018-07-31', 5, 22, 23, 362),
(426, 1, '2018-07-31', 5, 22, 23, 339),
(427, 8, '2018-07-31', 5, 58, 84, 325),
(428, 5, '2018-07-31', 5, 58, 84, 323),
(429, 5, '2018-07-31', 5, 58, 84, 322),
(430, 6, '2018-07-31', 5, 58, 84, 321),
(431, 6, '2018-07-31', 5, 53, 24, 393),
(432, 2, '2018-07-31', 5, 22, 23, 387),
(433, 1, '2018-07-31', 5, 22, 23, 364),
(434, 1, '2018-07-31', 5, 22, 23, 359),
(435, 1, '2018-07-31', 5, 22, 23, 340),
(436, 1, '2018-07-31', 5, 22, 23, 346),
(437, 5, '2018-08-01', 5, 62, 3, 480),
(438, 2, '2018-08-01', 5, 26, 87, 385),
(439, 7, '2018-08-01', 5, 56, 84, 328),
(440, 2, '2018-08-01', 5, 63, 85, 499),
(441, 3, '2018-08-01', 5, 63, 85, 500),
(442, 2, '2018-08-01', 5, 63, 85, 495),
(443, 7, '2018-08-01', 5, 63, 85, 498),
(444, 5, '2018-08-01', 5, 22, 23, 375),
(445, 0, '2018-08-01', 5, 22, 23, 360),
(446, 1, '2018-08-01', 5, 22, 23, 347),
(447, 2, '2018-08-01', 5, 22, 23, 335),
(448, 3, '2018-08-01', 5, 22, 23, 345),
(449, 14, '2018-08-01', 5, 54, 89, 367),
(450, 7, '2018-08-02', 5, 26, 69, 453),
(451, 2, '2018-08-02', 5, 22, 23, 358),
(452, 2, '2018-08-02', 5, 22, 23, 334),
(453, 1, '2018-08-02', 5, 52, 89, 437),
(454, 1, '2018-08-02', 5, 52, 89, 436),
(455, 1, '2018-08-02', 5, 52, 89, 435),
(456, 5, '2018-08-02', 5, 52, 89, 434),
(457, 9, '2018-08-02', 5, 62, 3, 482),
(458, 6, '2018-08-02', 5, 62, 3, 481),
(459, 1, '2018-08-02', 5, 22, 23, 357),
(460, 1, '2018-08-02', 5, 22, 23, 344),
(461, 2, '2018-08-02', 5, 22, 23, 363),
(462, 1, '2018-08-02', 5, 7, 74, 409),
(463, 1, '2018-08-02', 5, 7, 74, 406),
(464, 1, '2018-08-02', 5, 7, 74, 408),
(465, 1, '2018-08-02', 5, 7, 74, 407),
(466, 1, '2018-08-02', 5, 7, 74, 405),
(467, 3, '2018-08-02', 5, 7, 74, 397),
(468, 3, '2018-08-02', 5, 60, 23, 513),
(469, 7, '2018-08-02', 5, 60, 81, 312),
(470, 2, '2018-08-02', 5, 60, 3, 313),
(471, 2, '2018-08-02', 5, 60, 3, 314),
(472, 3, '2018-08-02', 5, 60, 74, 512),
(473, 1, '2018-08-02', 5, 7, 74, 404),
(474, 1, '2018-08-02', 5, 7, 74, 403),
(475, 1, '2018-08-02', 5, 7, 74, 402),
(476, 2, '2018-08-02', 5, 7, 74, 399),
(477, 4, '2018-08-03', 5, 52, 10, 439),
(478, 5, '2018-08-03', 5, 52, 89, 433),
(479, 7, '2018-08-03', 5, 54, 89, 366),
(480, 7, '2018-08-06', 5, 49, 82, 488),
(481, 9, '2018-08-06', 5, 61, 3, 474),
(482, 6, '2018-08-06', 5, 61, 3, 473),
(483, 5, '2018-08-06', 5, 61, 3, 472),
(484, 13, '2018-08-06', 5, 62, 3, 487),
(485, 13, '2018-08-06', 5, 61, 3, 479),
(486, 8, '2018-08-06', 5, 56, 84, 329),
(487, 8, '2018-08-06', 5, 56, 10, 333),
(488, 7, '2018-07-30', 3, 52, 4, 166),
(489, 7, '2018-07-30', 3, 52, 4, 167),
(490, 3, '2018-08-06', 5, 22, 23, 343),
(491, 3, '2018-08-06', 5, 26, 23, 452),
(492, 1, '2018-08-02', 5, 20, 69, 445),
(493, 2, '2018-08-02', 5, 20, 69, 447),
(494, 1, '2018-08-07', 5, 7, 74, 411),
(495, 1, '2018-08-07', 5, 7, 74, 410),
(496, 2, '2018-08-07', 5, 7, 74, 400),
(497, 2, '2018-08-07', 5, 50, 4, 456),
(498, 2, '2018-08-07', 5, 50, 4, 455),
(499, 1, '2018-08-07', 5, 53, 24, 395),
(500, 35, '2018-08-07', 5, 53, 24, 392),
(501, 8, '2018-08-07', 5, 22, 23, 341),
(502, 7, '2018-08-07', 5, 62, 3, 485),
(503, 6, '2018-08-08', 5, 53, 3, 389),
(504, 4, '2018-08-07', 5, 54, 89, 368),
(505, 14, '2018-08-08', 5, 59, 23, 376),
(506, 8, '2018-08-08', 5, 52, 82, 441),
(507, 4, '2018-08-08', 5, 52, 82, 440),
(508, 5, '2018-08-08', 5, 60, 13, 317),
(509, 7, '2018-08-08', 5, 61, 3, 477),
(510, 3, '2018-08-08', 5, 22, 23, 356),
(511, 3, '2018-08-08', 5, 60, 13, 316),
(512, 7, '2018-08-08', 5, 50, 24, 457),
(513, 8, '2018-08-08', 5, 26, 69, 454),
(514, 5, '2018-08-08', 5, 63, 85, 497),
(515, 7, '2018-08-08', 5, 63, 85, 496),
(516, 8, '2018-08-08', 5, 56, 10, 332),
(517, 1, '2018-08-09', 5, 53, 24, 394),
(518, 7, '2018-08-09', 5, 49, 82, 489),
(519, 4, '2018-08-09', 5, 49, 82, 491),
(520, 10, '2018-08-08', 5, 20, 69, 448),
(521, 1, '2018-08-09', 5, 53, 23, 391),
(522, 4, '2018-08-09', 5, 22, 23, 349),
(523, 14, '2018-08-09', 5, 52, 85, 443),
(524, 2, '2018-08-09', 5, 52, 24, 431),
(525, 2, '2018-08-09', 5, 52, 24, 430),
(526, 7, '2018-08-10', 5, 57, 88, 462),
(527, 8, '2018-08-10', 5, 56, 10, 331),
(528, 7, '2018-08-10', 5, 53, 23, 390),
(529, 7, '2018-08-10', 5, 57, 88, 465),
(530, 3, '2018-08-10', 5, 57, 88, 463),
(531, 2, '2018-08-10', 5, 59, 3, 383),
(532, 8, '2018-08-10', 5, 59, 3, 384),
(533, 21, '2018-08-10', 5, 20, 26, 449),
(534, 14, '2018-08-14', 6, 10, 90, 514),
(535, 4, '2018-08-14', 6, 10, 4, 520),
(536, 2, '2018-08-14', 6, 10, 4, 517),
(537, 3, '2018-08-14', 6, 10, 4, 516),
(538, 7, '2018-08-14', 6, 52, 82, 524),
(539, 7, '2018-08-14', 6, 54, 89, 599),
(540, 5, '2018-08-14', 6, 47, 23, 587),
(541, 4, '2018-08-14', 6, 41, 4, 577),
(542, 1, '2018-08-14', 6, 41, 4, 578),
(543, 3, '2018-08-14', 6, 41, 23, 566),
(544, 3, '2018-08-16', 6, 53, 23, 551),
(545, 4, '2018-08-16', 6, 52, 88, 525),
(546, 7, '2018-08-16', 6, 47, 23, 580),
(547, 2, '2018-08-14', 6, 20, 26, 627),
(548, 2, '2018-08-17', 6, 53, 24, 535),
(549, 2, '2018-08-17', 6, 53, 24, 539),
(550, 4, '2018-08-17', 6, 52, 88, 527),
(551, 7, '2018-08-17', 6, 54, 89, 601),
(552, 21, '2018-08-20', 6, 50, 90, 563),
(553, 25, '2018-08-20', 6, 20, 90, 626),
(554, 17, '2018-08-20', 6, 54, 89, 600),
(555, 1, '2018-08-20', 6, 54, 89, 598),
(556, 4, '2018-08-20', 6, 10, 4, 519),
(557, 2, '2018-08-21', 6, 53, 24, 550),
(558, 1, '2018-08-21', 6, 53, 24, 536),
(559, 7, '2018-08-21', 6, 53, 90, 538),
(560, 5, '2018-08-21', 6, 53, 24, 546),
(561, 7, '2018-08-23', 6, 53, 24, 544),
(562, 4, '2018-08-23', 6, 10, 4, 518),
(563, 5, '2018-08-23', 6, 53, 24, 543),
(564, 5, '2018-08-23', 6, 53, 24, 545),
(565, 1, '2018-08-23', 6, 53, 24, 548),
(566, 2, '2018-08-23', 6, 53, 24, 549),
(567, 17, '2018-08-23', 6, 52, 88, 526),
(568, 9, '2018-08-23', 6, 52, 90, 534),
(569, 17, '2018-08-24', 6, 57, 88, 528),
(570, 3, '2018-08-24', 6, 57, 88, 588),
(571, 3, '2018-08-24', 6, 57, 88, 594),
(572, 2, '2018-08-24', 6, 57, 88, 592),
(573, 4, '2018-08-24', 6, 57, 88, 593),
(574, 7, '2018-08-24', 6, 57, 88, 595),
(575, 4, '2018-08-24', 6, 53, 24, 547),
(576, 1, '2018-08-24', 6, 53, 24, 541),
(577, 3, '2018-08-24', 6, 53, 24, 540),
(578, 8, '2018-08-24', 6, 10, 4, 521),
(579, 3, '2018-08-27', 6, 53, 24, 542),
(580, 1, '2018-08-23', 6, 20, 89, 607),
(581, 7, '2018-08-23', 6, 20, 89, 608),
(582, 15, '2018-08-27', 6, 20, 55, 625),
(583, 7, '2018-08-10', 5, 60, 81, 511),
(584, 2, '2018-08-10', 5, 60, 81, 311),
(585, 10, '2018-08-24', 6, 42, 26, 616),
(586, 11, '2018-08-24', 6, 42, 90, 628),
(587, 10, '2018-08-24', 6, 42, 89, 618),
(588, 1, '2018-08-24', 6, 42, 89, 613),
(589, 4, '2018-08-24', 6, 42, 89, 615),
(590, 7, '2018-08-24', 6, 42, 79, 617),
(591, 2, '2018-08-24', 6, 42, 89, 614),
(592, 1, '2018-08-24', 6, 42, 89, 605),
(593, 7, '2018-08-24', 6, 42, 89, 602),
(594, 2, '2018-08-29', 7, 20, 69, 662),
(595, 1, '2018-08-29', 7, 26, 69, 645),
(596, 2, '2018-08-29', 7, 26, 69, 656),
(597, 2, '2018-08-29', 7, 58, 84, 689),
(598, 1, '2018-08-29', 7, 58, 84, 688),
(599, 2, '2018-08-29', 7, 58, 84, 687),
(600, 1, '2018-08-29', 7, 58, 84, 686),
(601, 18, '2018-08-30', 7, 52, 82, 797),
(602, 7, '2018-08-30', 7, 46, 89, 673),
(603, 11, '2018-08-30', 7, 46, 89, 674),
(604, 1, '2018-08-30', 7, 26, 69, 668),
(605, 1, '2018-08-30', 7, 26, 69, 667),
(606, 1, '2018-08-30', 7, 26, 69, 646),
(607, 3, '2018-08-29', 7, 59, 3, 636),
(608, 6, '2018-08-29', 7, 59, 3, 633),
(609, 3, '2018-08-31', 7, 26, 23, 670),
(610, 6, '2018-08-31', 7, 54, 89, 799),
(611, 2, '2018-08-31', 7, 50, 20, 733),
(612, 3, '2018-08-31', 7, 50, 20, 732),
(613, 5, '2018-08-31', 7, 50, 20, 731),
(614, 5, '2018-08-31', 7, 52, 10, 786),
(615, 7, '2018-08-31', 7, 50, 20, 734),
(616, 6, '2018-09-03', 7, 58, 84, 692),
(617, 7, '2018-09-03', 7, 46, 3, 677),
(618, 10, '2018-09-03', 7, 46, 89, 675),
(619, 4, '2018-09-03', 7, 46, 89, 676),
(620, 7, '2018-09-04', 7, 60, 13, 763),
(621, 7, '2018-09-04', 7, 60, 81, 756),
(622, 2, '2018-09-04', 7, 26, 69, 669),
(623, 7, '2018-08-10', 5, 47, 87, 508),
(624, 4, '2018-09-04', 7, 56, 94, 706),
(625, 3, '2018-09-04', 7, 56, 94, 703),
(626, 7, '2018-09-04', 7, 52, 89, 792),
(627, 6, '2018-09-05', 7, 63, 91, 700),
(628, 4, '2018-09-05', 7, 58, 84, 690),
(629, 8, '2018-09-05', 7, 58, 84, 693),
(630, 14, '2018-09-05', 7, 52, 89, 793),
(631, 4, '2018-09-05', 7, 56, 94, 704),
(632, 7, '2018-09-05', 7, 61, 3, 712),
(633, 7, '2018-09-05', 7, 61, 3, 710),
(634, 7, '2018-09-05', 7, 61, 3, 708),
(635, 7, '2018-09-05', 7, 61, 3, 707),
(636, 2, '2018-09-05', 7, 50, 20, 736),
(637, 2, '2018-09-05', 7, 50, 20, 735),
(638, 5, '2018-09-05', 7, 54, 89, 798),
(639, 6, '2018-09-06', 7, 63, 91, 699),
(640, 7, '2018-09-06', 7, 62, 3, 718),
(641, 7, '2018-09-06', 7, 62, 3, 717),
(642, 7, '2018-09-06', 7, 62, 3, 716),
(643, 7, '2018-09-06', 7, 62, 3, 715),
(644, 10, '2018-09-06', 7, 46, 1, 680),
(645, 7, '2018-09-06', 7, 50, 20, 737),
(646, 3, '2018-09-04', 7, 20, 88, 666),
(647, 6, '2018-09-05', 7, 20, 69, 661),
(648, 3, '2018-09-05', 7, 20, 69, 660),
(649, 3, '2018-09-05', 7, 20, 69, 665),
(650, 12, '2018-09-06', 7, 50, 4, 739),
(651, 5, '2018-09-06', 7, 56, 94, 705),
(652, 6, '2018-09-07', 7, 63, 91, 697),
(653, 7, '2018-09-03', 7, 59, 3, 629),
(654, 6, '2018-09-04', 7, 59, 3, 634),
(655, 3, '2018-09-05', 7, 59, 3, 637),
(656, 3, '2018-09-05', 7, 59, 3, 635),
(657, 3, '2018-09-06', 7, 59, 3, 640),
(658, 3, '2018-09-06', 7, 59, 3, 639),
(659, 5, '2018-09-07', 7, 59, 3, 631),
(660, 5, '2018-09-07', 7, 59, 3, 630),
(661, 3, '2018-09-07', 7, 59, 3, 638),
(662, 10, '2018-09-07', 7, 59, 3, 632),
(663, 5, '2018-09-05', 7, 54, 89, 801),
(664, 7, '2018-09-07', 7, 20, 69, 664),
(665, 7, '2018-09-07', 7, 20, 69, 663),
(666, 7, '2018-09-07', 7, 61, 3, 713),
(667, 4, '2018-09-07', 7, 57, 88, 651),
(668, 4, '2018-09-07', 7, 57, 88, 649),
(669, 3, '2018-09-07', 7, 57, 88, 650),
(670, 20, '2018-09-07', 7, 57, 88, 654),
(671, 2, '2018-09-07', 7, 26, 69, 647),
(672, 6, '2018-09-07', 7, 26, 69, 767),
(673, 14, '2018-09-07', 7, 26, 87, 766),
(674, 2, '2018-09-07', 7, 26, 23, 672),
(675, 4, '2018-09-07', 7, 46, 85, 679),
(676, 7, '2018-09-07', 7, 46, 1, 678),
(677, 6, '2018-09-07', 7, 63, 91, 701),
(678, 7, '2018-09-07', 7, 62, 3, 719),
(679, 3, '2018-09-07', 7, 63, 85, 745),
(680, 1, '2018-09-07', 7, 63, 85, 751),
(681, 2, '2018-09-07', 7, 63, 85, 750),
(682, 3, '2018-09-07', 7, 63, 85, 749),
(683, 10, '2018-09-07', 7, 63, 85, 748),
(684, 1, '2018-09-07', 7, 63, 85, 747),
(685, 5, '2018-09-07', 7, 63, 85, 746),
(686, 1, '2018-09-07', 7, 63, 85, 744),
(687, 4, '2018-09-07', 7, 63, 85, 743),
(688, 1, '2018-09-07', 7, 41, 4, 777),
(689, 2, '2018-09-07', 7, 41, 4, 779),
(690, 2, '2018-09-07', 7, 41, 20, 772),
(691, 1, '2018-09-07', 7, 41, 20, 768),
(692, 3, '2018-09-07', 7, 41, 20, 771),
(693, 5, '2018-09-07', 7, 41, 20, 775),
(694, 4, '2018-09-07', 7, 41, 20, 773),
(695, 3, '2018-09-07', 7, 41, 20, 770),
(696, 21, '2018-09-07', 7, 42, 26, 723),
(697, 7, '2018-09-07', 7, 42, 89, 725),
(698, 7, '2018-09-07', 7, 42, 89, 726),
(699, 3, '2018-09-07', 7, 42, 23, 671),
(700, 2, '2018-09-07', 7, 42, 23, 730),
(701, 4, '2018-09-07', 7, 60, 13, 762),
(702, 4, '2018-09-07', 7, 60, 83, 761),
(703, 3, '2018-09-07', 7, 60, 81, 757),
(704, 11, '2018-09-07', 7, 61, 3, 714),
(705, 11, '2018-09-07', 7, 62, 3, 722),
(706, 10, '2018-09-07', 7, 60, 13, 764),
(707, 1, '2018-09-11', 8, 52, 10, 810),
(708, 2, '2018-09-12', 8, 46, 1, 806),
(709, 11, '2018-09-12', 8, 46, 89, 803),
(710, 7, '2018-09-12', 8, 62, 95, 884),
(711, 2, '2018-09-12', 8, 62, 95, 882),
(712, 3, '2018-09-12', 8, 62, 3, 899),
(713, 7, '2018-09-12', 8, 61, 95, 894),
(714, 3, '2018-09-12', 8, 61, 3, 898),
(715, 2, '2018-09-12', 8, 61, 95, 890),
(716, 14, '2018-09-13', 8, 26, 88, 825),
(717, 7, '2018-09-13', 8, 62, 95, 886),
(718, 7, '2018-09-13', 8, 62, 95, 885),
(719, 7, '2018-09-13', 8, 62, 95, 883),
(720, 13, '2018-09-13', 8, 52, 20, 808),
(721, 3, '2018-09-14', 8, 60, 13, 849),
(722, 1, '2018-09-14', 8, 60, 13, 853),
(723, 7, '2018-09-17', 8, 46, 10, 805),
(724, 7, '2018-09-17', 8, 26, 23, 826),
(725, 4, '2018-09-18', 8, 26, 23, 868),
(726, 7, '2018-09-18', 8, 57, 88, 814),
(727, 7, '2018-09-18', 8, 57, 88, 815),
(728, 7, '2018-09-18', 8, 57, 88, 822),
(729, 1, '2018-09-17', 8, 7, 95, 842),
(730, 2, '2018-09-17', 8, 7, 95, 841),
(731, 6, '2018-09-17', 8, 58, 84, 912),
(732, 6, '2018-09-17', 8, 58, 84, 911),
(733, 2, '2018-09-17', 8, 58, 84, 913),
(734, 4, '2018-09-17', 8, 58, 84, 921),
(735, 3, '2018-09-17', 8, 58, 84, 915),
(736, 7, '2018-09-18', 8, 61, 95, 892),
(737, 7, '2018-09-18', 8, 61, 95, 891),
(738, 7, '2018-09-18', 8, 61, 95, 893),
(739, 4, '2018-09-18', 8, 56, 94, 905),
(740, 3, '2018-09-18', 8, 56, 94, 906),
(741, 6, '2018-09-19', 8, 58, 84, 924),
(742, 6, '2018-09-20', 8, 60, 83, 838),
(743, 6, '2018-09-20', 8, 60, 83, 840),
(744, 6, '2018-09-20', 8, 60, 83, 839),
(745, 4, '2018-09-20', 8, 60, 83, 836),
(746, 2, '2018-09-20', 8, 60, 13, 844),
(747, 2, '2018-09-20', 8, 60, 13, 848),
(748, 2, '2018-09-20', 8, 60, 13, 852),
(749, 3, '2018-09-20', 8, 60, 81, 854),
(750, 21, '2018-09-20', 8, 49, 82, 860),
(751, 3, '2018-09-20', 8, 49, 82, 862),
(752, 4, '2018-09-20', 8, 49, 82, 863),
(753, 7, '2018-09-20', 8, 57, 88, 823),
(754, 2, '2018-09-20', 8, 57, 88, 821),
(755, 2, '2018-09-20', 8, 57, 88, 820),
(756, 2, '2018-09-20', 8, 56, 94, 908),
(757, 2, '2018-09-20', 8, 56, 94, 909),
(758, 8, '2018-09-21', 8, 63, 91, 900),
(759, 14, '2018-09-21', 8, 63, 91, 903),
(760, 14, '2018-09-21', 8, 63, 91, 902),
(761, 20, '2018-09-21', 8, 46, 89, 804),
(762, 20, '2018-09-21', 8, 46, 89, 802),
(763, 4, '2018-09-21', 8, 7, 83, 831),
(764, 6, '2018-09-21', 8, 7, 83, 834),
(765, 6, '2018-09-21', 8, 7, 83, 832),
(766, 4, '2018-09-21', 8, 7, 13, 855),
(767, 14, '2018-09-21', 8, 7, 74, 857),
(768, 2, '2018-09-21', 8, 10, 4, 875),
(769, 3, '2018-09-21', 8, 10, 4, 874),
(770, 5, '2018-09-21', 8, 10, 4, 872),
(771, 8, '2018-09-21', 8, 10, 4, 871),
(772, 7, '2018-09-21', 8, 26, 69, 827),
(773, 3, '2018-09-21', 8, 57, 88, 819),
(774, 2, '2018-09-21', 8, 60, 83, 835),
(775, 6, '2018-09-21', 8, 60, 83, 837),
(776, 4, '2018-09-21', 8, 60, 13, 850),
(777, 3, '2018-09-21', 8, 60, 13, 851),
(778, 2, '2018-09-21', 8, 60, 13, 847),
(779, 2, '2018-09-21', 8, 60, 13, 846),
(780, 28, '2018-09-21', 8, 52, 23, 812),
(781, 2, '2018-09-26', 9, 60, 13, 973),
(782, 1, '2018-09-26', 9, 60, 81, 980),
(783, 1, '2018-09-26', 9, 60, 81, 979),
(784, 4, '2018-09-26', 9, 26, 23, 1043),
(785, 7, '2018-09-26', 9, 46, 85, 927),
(786, 7, '2018-09-27', 9, 46, 83, 926),
(787, 3, '2018-09-27', 9, 56, 94, 941),
(788, 4, '2018-09-27', 9, 58, 84, 954),
(789, 14, '2018-09-27', 9, 52, 85, 1114),
(790, 7, '2018-09-27', 9, 62, 95, 1017),
(791, 1, '2018-09-27', 9, 62, 95, 1015),
(792, 7, '2018-09-27', 9, 62, 95, 1014),
(793, 8, '2018-09-28', 9, 46, 89, 930),
(794, 4, '2018-09-28', 9, 46, 89, 929),
(795, 3, '2018-09-28', 9, 54, 89, 1099),
(796, 2, '2018-09-27', 9, 58, 84, 947),
(797, 7, '2018-09-28', 9, 26, 86, 967),
(798, 4, '2018-09-28', 9, 26, 23, 1042),
(799, 2, '2018-09-28', 9, 46, 23, 932),
(800, 14, '2018-09-28', 9, 62, 95, 1023),
(801, 1, '2018-10-01', 9, 50, 82, 1055),
(802, 1, '2018-10-01', 9, 50, 82, 1054),
(803, 7, '2018-10-01', 9, 50, 82, 1057),
(804, 3, '2018-10-01', 9, 50, 82, 1060),
(805, 1, '2018-10-01', 9, 50, 82, 1061),
(806, 6, '2018-10-01', 9, 10, 23, 1092),
(807, 1, '2018-10-01', 9, 10, 4, 1091),
(808, 1, '2018-10-01', 9, 10, 4, 1090),
(809, 1, '2018-10-01', 9, 10, 4, 1089),
(810, 1, '2018-10-01', 9, 10, 4, 1088),
(811, 1, '2018-10-01', 9, 10, 4, 1087),
(812, 1, '2018-10-01', 9, 10, 4, 1086),
(813, 2, '2018-10-01', 9, 10, 4, 1085),
(814, 2, '2018-10-01', 9, 10, 4, 1084),
(815, 2, '2018-10-01', 9, 10, 7, 1081),
(816, 2, '2018-10-01', 9, 10, 7, 1080),
(817, 2, '2018-10-01', 9, 10, 7, 1079),
(818, 4, '2018-10-01', 9, 10, 7, 1076),
(819, 4, '2018-10-01', 9, 10, 7, 1075),
(820, 2, '2018-10-01', 9, 46, 4, 959),
(821, 2, '2018-10-01', 9, 46, 24, 957),
(822, 4, '2018-10-01', 9, 46, 23, 958),
(823, 7, '2018-10-01', 9, 54, 89, 1103),
(824, 1, '2018-10-02', 9, 58, 84, 955),
(825, 1, '2018-10-02', 9, 58, 84, 946),
(826, 7, '2018-10-02', 9, 58, 84, 949),
(827, 14, '2018-10-02', 9, 26, 86, 1073),
(828, 4, '2018-10-02', 9, 52, 4, 1105),
(829, 8, '2018-10-03', 9, 10, 4, 1083),
(830, 14, '2018-10-03', 9, 61, 95, 1034),
(831, 1, '2018-10-03', 9, 61, 95, 1026),
(832, 7, '2018-10-03', 9, 61, 95, 1028),
(833, 7, '2018-10-03', 9, 61, 95, 1025),
(834, 1, '2018-10-03', 9, 62, 95, 1016),
(835, 7, '2018-10-03', 9, 62, 95, 1018),
(836, 1, '2018-10-03', 9, 61, 95, 1030),
(837, 7, '2018-10-03', 9, 61, 95, 1029),
(838, 1, '2018-10-03', 9, 61, 95, 1027),
(839, 10, '2018-10-03', 9, 52, 10, 1116),
(840, 10, '2018-10-03', 9, 56, 94, 939),
(841, 3, '2018-10-03', 9, 52, 23, 1115),
(842, 7, '2018-10-03', 9, 47, 87, 1066),
(843, 21, '2018-10-03', 9, 47, 13, 1069),
(844, 4, '2018-10-04', 9, 26, 23, 1095),
(845, 8, '2018-10-04', 9, 46, 89, 928),
(846, 7, '2018-10-04', 9, 54, 89, 1100),
(847, 8, '2018-10-04', 9, 58, 84, 952),
(848, 4, '2018-10-05', 9, 63, 85, 1013),
(849, 5, '2018-10-05', 9, 63, 85, 1011),
(850, 5, '2018-10-05', 9, 63, 85, 1012),
(851, 8, '2018-10-05', 9, 63, 85, 1010),
(852, 2, '2018-10-05', 9, 46, 89, 956),
(853, 14, '2018-10-05', 9, 46, 97, 931),
(854, 1, '2018-10-05', 9, 7, 74, 1008),
(855, 1, '2018-10-05', 9, 7, 74, 1007),
(856, 1, '2018-10-05', 9, 7, 74, 1005),
(857, 3, '2018-10-05', 9, 7, 74, 1006),
(858, 1, '2018-10-05', 9, 7, 74, 1004),
(859, 4, '2018-10-05', 9, 7, 74, 1003),
(860, 3, '2018-10-05', 9, 7, 74, 1002),
(861, 3, '2018-10-05', 9, 7, 83, 991),
(862, 3, '2018-10-05', 9, 7, 83, 997),
(863, 1, '2018-10-05', 9, 7, 83, 998),
(864, 3, '2018-10-05', 9, 26, 87, 969),
(865, 7, '2018-10-05', 9, 50, 82, 1062),
(866, 2, '2018-10-05', 9, 50, 82, 1049),
(867, 4, '2018-10-05', 9, 50, 82, 1051),
(868, 7, '2018-10-05', 9, 50, 82, 1048),
(869, 4, '2018-10-05', 9, 50, 82, 1059),
(870, 1, '2018-10-05', 9, 50, 82, 1056),
(871, 1, '2018-10-05', 9, 50, 82, 1063),
(872, 1, '2018-10-05', 9, 50, 82, 1053),
(873, 4, '2018-10-05', 9, 50, 82, 1064),
(874, 4, '2018-10-05', 9, 50, 82, 1058),
(875, 3, '2018-10-05', 9, 20, 69, 1040),
(876, 4, '2018-10-05', 9, 20, 69, 1039),
(877, 7, '2018-10-05', 9, 20, 69, 1038),
(878, 7, '2018-10-05', 9, 54, 89, 1101),
(879, 4, '2018-10-05', 9, 60, 13, 977),
(880, 2, '2018-10-05', 9, 60, 13, 975),
(881, 7, '2018-10-05', 9, 60, 13, 972),
(882, 7, '2018-10-05', 9, 60, 13, 978),
(883, 3, '2018-10-05', 9, 60, 83, 982),
(884, 3, '2018-10-05', 9, 60, 83, 985),
(885, 1, '2018-10-05', 9, 60, 83, 988),
(886, 7, '2018-10-05', 9, 47, 95, 1068),
(887, 7, '2018-10-05', 9, 42, 89, 1131),
(888, 7, '2018-10-05', 9, 42, 89, 1129),
(889, 4, '2018-10-05', 9, 42, 79, 1128),
(890, 21, '2018-10-05', 9, 42, 26, 1096),
(891, 8, '2018-10-05', 9, 62, 95, 1024),
(892, 1, '2018-10-05', 9, 62, 95, 1019),
(893, 4, '2018-10-05', 9, 62, 95, 1021),
(894, 4, '2018-10-05', 9, 61, 95, 1032),
(895, 8, '2018-10-05', 9, 61, 95, 1035),
(896, 4, '2018-10-05', 9, 52, 4, 1106),
(897, 3, '2018-10-09', 10, 61, 95, 1143),
(898, 7, '2018-10-09', 10, 65, 23, 1215),
(899, 2, '2018-10-09', 10, 22, 23, 1204),
(900, 1, '2018-10-10', 10, 52, 82, 1201),
(901, 7, '2018-10-10', 10, 26, 23, 1148),
(902, 7, '2018-10-11', 10, 42, 89, 1229),
(903, 3, '2018-10-11', 10, 42, 89, 1225),
(904, 7, '2018-10-11', 10, 42, 83, 1231),
(905, 5, '2018-10-11', 10, 61, 95, 1142),
(906, 5, '2018-10-11', 10, 61, 95, 1141),
(907, 6, '2018-10-11', 10, 62, 95, 1134),
(908, 1, '2018-10-11', 10, 62, 95, 1136),
(909, 6, '2018-10-11', 10, 58, 84, 1284),
(910, 4, '2018-10-11', 10, 58, 84, 1278),
(911, 6, '2018-10-11', 10, 58, 84, 1285),
(912, 4, '2018-10-11', 10, 58, 84, 1279),
(913, 1, '2018-10-12', 10, 10, 7, 1265),
(914, 2, '2018-10-12', 10, 10, 7, 1263),
(915, 2, '2018-10-12', 10, 10, 7, 1262),
(916, 2, '2018-10-12', 10, 10, 7, 1261),
(917, 4, '2018-10-12', 10, 10, 7, 1260),
(918, 5, '2018-10-12', 10, 10, 7, 1259),
(919, 9, '2018-10-12', 10, 10, 7, 1258),
(920, 1, '2018-10-12', 10, 10, 23, 1257),
(921, 2, '2018-10-12', 10, 10, 23, 1256),
(922, 4, '2018-10-05', 9, 10, 7, 1077),
(923, 10, '2018-10-05', 9, 10, 7, 1074),
(924, 2, '2018-10-12', 10, 52, 82, 1195),
(925, 4, '2018-10-12', 10, 52, 20, 1187),
(926, 9, '2018-10-12', 10, 22, 23, 1206),
(927, 10, '2018-10-12', 10, 26, 87, 1149),
(928, 3, '2018-10-12', 10, 22, 23, 1208),
(929, 1, '2018-10-15', 10, 50, 82, 1240),
(930, 4, '2018-10-15', 10, 50, 82, 1236),
(931, 7, '2018-10-15', 10, 50, 82, 1241),
(932, 4, '2018-10-15', 10, 58, 84, 1277),
(933, 4, '2018-10-15', 10, 58, 84, 1280),
(934, 7, '2018-10-15', 10, 60, 83, 1159),
(935, 14, '2018-10-15', 10, 60, 13, 1155),
(936, 2, '2018-10-15', 10, 60, 13, 1154),
(939, 3, '2018-10-15', 10, 60, 13, 1156),
(940, 3, '2018-10-15', 10, 52, 20, 1188),
(941, 6, '2018-10-15', 10, 52, 82, 1196),
(942, 4, '2018-10-15', 10, 52, 82, 1198),
(943, 7, '2018-10-15', 10, 47, 87, 1247),
(944, 7, '2018-10-15', 10, 47, 13, 1245),
(945, 21, '2018-10-15', 10, 47, 92, 1243),
(946, 2, '2018-10-15', 10, 22, 23, 1205),
(947, 1, '2018-10-16', 10, 50, 82, 1239),
(948, 2, '2018-10-16', 10, 52, 82, 1197),
(949, 2, '2018-10-16', 10, 52, 82, 1200),
(950, 7, '2018-10-16', 10, 57, 94, 1176),
(951, 7, '2018-10-16', 10, 57, 94, 1177),
(952, 7, '2018-10-16', 10, 57, 94, 1178),
(953, 5, '2018-10-16', 10, 57, 94, 1180),
(954, 2, '2018-10-16', 10, 57, 94, 1183),
(955, 7, '2018-10-16', 10, 52, 87, 1203),
(956, 10, '2018-10-16', 10, 61, 95, 1145),
(957, 20, '2018-10-16', 10, 61, 95, 1146),
(958, 6, '2018-10-16', 10, 62, 95, 1135),
(959, 10, '2018-10-16', 10, 62, 95, 1137),
(960, 20, '2018-10-16', 10, 62, 95, 1139),
(961, 1, '2018-10-17', 10, 52, 20, 1192),
(962, 21, '2018-10-17', 10, 22, 24, 1209),
(963, 7, '2018-10-17', 10, 26, 23, 1253),
(964, 3, '2018-10-17', 10, 52, 20, 1190),
(965, 1, '2018-10-17', 10, 52, 20, 1189),
(966, 2, '2018-10-17', 10, 52, 20, 1191),
(967, 4, '2018-10-18', 10, 10, 89, 1266),
(968, 2, '2018-10-18', 10, 10, 7, 1264),
(969, 16, '2018-10-18', 10, 52, 23, 1202),
(970, 5, '2018-10-18', 10, 7, 83, 1175),
(971, 7, '2018-10-18', 10, 7, 96, 1171),
(972, 2, '2018-10-18', 10, 7, 96, 1169),
(973, 7, '2018-10-18', 10, 7, 96, 1170),
(974, 1, '2018-10-18', 10, 7, 74, 1167),
(975, 10, '2018-10-18', 10, 7, 96, 1172),
(976, 9, '2018-10-18', 10, 7, 96, 1173),
(977, 1, '2018-10-18', 10, 7, 74, 1166),
(978, 7, '2018-10-19', 10, 60, 13, 1158),
(979, 4, '2018-10-19', 10, 60, 83, 1163),
(980, 8, '2018-10-19', 10, 60, 83, 1162),
(981, 4, '2018-10-19', 10, 58, 84, 1281),
(982, 1, '2018-10-19', 10, 52, 82, 1199),
(983, 7, '2018-10-19', 10, 42, 89, 1230),
(984, 4, '2018-10-19', 10, 42, 89, 1228),
(985, 2, '2018-10-19', 10, 42, 89, 1224),
(986, 9, '2018-10-19', 10, 42, 83, 1232),
(987, 21, '2018-10-19', 10, 42, 26, 1223),
(988, 2, '2018-10-22', 11, 61, 95, 1343),
(989, 2, '2018-10-22', 11, 61, 95, 1342),
(990, 2, '2018-10-22', 11, 61, 95, 1341),
(991, 2, '2018-10-22', 11, 61, 95, 1340),
(992, 2, '2018-10-22', 11, 61, 95, 1339),
(993, 21, '2018-10-19', 10, 41, 82, 1250),
(994, 4, '2018-10-19', 10, 41, 89, 1251),
(995, 10, '2018-10-22', 11, 22, 23, 1383),
(996, 2, '2018-10-22', 11, 62, 95, 1331),
(997, 2, '2018-10-22', 11, 62, 95, 1328),
(998, 2, '2018-10-22', 11, 62, 95, 1330),
(999, 2, '2018-10-22', 11, 62, 95, 1329),
(1000, 2, '2018-10-22', 11, 62, 95, 1332),
(1001, 7, '2018-10-22', 11, 62, 95, 1335),
(1002, 1, '2018-10-23', 11, 7, 74, 1286),
(1003, 8, '2018-10-19', 10, 58, 84, 1283),
(1004, 4, '2018-10-19', 10, 58, 84, 1276),
(1005, 1, '2018-10-23', 11, 52, 89, 1414),
(1006, 1, '2018-10-23', 11, 52, 89, 1415),
(1007, 5, '2018-10-23', 11, 52, 89, 1416),
(1008, 4, '2018-10-23', 11, 46, 89, 1395),
(1009, 7, '2018-10-23', 11, 46, 55, 1394),
(1010, 2, '2018-10-24', 11, 50, 7, 1385),
(1011, 2, '2018-10-24', 11, 22, 23, 1382),
(1012, 1, '2018-10-26', 11, 52, 4, 1448),
(1013, 1, '2018-10-26', 11, 22, 16, 1369),
(1014, 4, '2018-10-26', 11, 58, 84, 1437),
(1015, 7, '2018-10-29', 11, 46, 83, 1399),
(1016, 2, '2018-10-29', 11, 46, 23, 1400),
(1017, 1, '2018-10-29', 11, 22, 16, 1370),
(1018, 4, '2018-10-29', 11, 22, 16, 1368),
(1019, 6, '2018-10-29', 11, 62, 95, 1336),
(1020, 6, '2018-10-29', 11, 62, 95, 1333),
(1021, 4, '2018-10-30', 11, 66, 3, 1420),
(1022, 4, '2018-10-30', 11, 66, 3, 1419),
(1023, 4, '2018-10-30', 11, 57, 94, 1434),
(1024, 7, '2018-10-30', 11, 57, 94, 1429),
(1025, 7, '2018-10-30', 11, 57, 94, 1430),
(1026, 5, '2018-10-30', 11, 57, 94, 1433),
(1027, 1, '2018-10-30', 11, 57, 94, 1431),
(1028, 4, '2018-10-30', 11, 57, 94, 1432),
(1029, 4, '2018-10-30', 11, 46, 7, 1397),
(1030, 4, '2018-10-30', 11, 46, 7, 1398),
(1031, 1, '2018-10-30', 11, 52, 4, 1411),
(1032, 1, '2018-10-30', 11, 52, 4, 1410),
(1033, 1, '2018-10-30', 11, 52, 4, 1409),
(1034, 1, '2018-10-30', 11, 52, 4, 1408),
(1035, 4, '2018-10-30', 11, 52, 4, 1412),
(1036, 2, '2018-10-30', 11, 52, 4, 1407),
(1037, 7, '2018-10-30', 11, 57, 23, 1427),
(1038, 4, '2018-10-30', 11, 57, 94, 1428),
(1039, 15, '2018-10-31', 11, 61, 95, 1347),
(1040, 2, '2018-10-31', 11, 61, 95, 1349),
(1041, 2, '2018-10-31', 11, 61, 95, 1338),
(1042, 5, '2018-10-31', 11, 61, 95, 1344),
(1043, 6, '2018-10-31', 11, 61, 95, 1346),
(1044, 12, '2018-10-31', 11, 58, 84, 1439),
(1045, 12, '2018-10-31', 11, 58, 84, 1438),
(1046, 15, '2018-10-31', 11, 62, 95, 1334),
(1047, 7, '2018-10-31', 11, 22, 16, 1372),
(1048, 4, '2018-10-31', 11, 22, 16, 1371),
(1049, 4, '2018-11-02', 11, 60, 13, 1360),
(1050, 7, '2018-11-02', 11, 60, 13, 1356),
(1051, 2, '2018-11-05', 11, 60, 83, 1364),
(1052, 7, '2018-11-05', 11, 60, 83, 1362),
(1053, 3, '2018-11-05', 11, 60, 83, 1365),
(1054, 1, '2018-11-05', 12, 52, 10, 1464),
(1055, 3, '2018-11-06', 12, 52, 20, 1462),
(1056, 2, '2018-11-06', 12, 52, 20, 1463),
(1057, 4, '2018-11-06', 12, 52, 20, 1461),
(1058, 4, '2018-11-06', 12, 52, 20, 1460),
(1059, 2, '2018-11-06', 12, 22, 66, 1526),
(1060, 1, '2018-11-06', 12, 22, 66, 1527),
(1061, 1, '2018-11-06', 12, 52, 16, 1455),
(1062, 2, '2018-11-06', 12, 22, 66, 1529),
(1063, 4, '2018-11-07', 12, 52, 16, 1456),
(1064, 3, '2018-11-07', 12, 54, 89, 1519),
(1065, 14, '2018-11-07', 12, 54, 89, 1518);

-- --------------------------------------------------------

--
-- Structure de la table `interference`
--

DROP TABLE IF EXISTS `interference`;
CREATE TABLE IF NOT EXISTS `interference` (
  `id` int(11) NOT NULL AUTO_INCREMENT,
  `heure` int(11) DEFAULT NULL,
  `label` varchar(250) DEFAULT NULL,
  `id_TypeInterference` int(11) DEFAULT NULL,
  `id_Sprint` int(11) DEFAULT NULL,
  `id_Projet` int(11) DEFAULT NULL,
  `id_Employe` int(11) DEFAULT NULL,
  PRIMARY KEY (`id`),
  KEY `FK_Interference_id_TypeInterference` (`id_TypeInterference`),
  KEY `FK_Interference_id_Sprint` (`id_Sprint`),
  KEY `FK_Interference_id_Projet` (`id_Projet`),
  KEY `FK_Interference_id_Employe` (`id_Employe`)
) ENGINE=InnoDB AUTO_INCREMENT=115 DEFAULT CHARSET=latin1;

--
-- Déchargement des données de la table `interference`
--

INSERT INTO `interference` (`id`, `heure`, `label`, `id_TypeInterference`, `id_Sprint`, `id_Projet`, `id_Employe`) VALUES
(13, 3, NULL, 1, 3, 69, 47),
(14, 2, NULL, 1, 3, 74, 7),
(15, 3, NULL, 1, 3, 74, 7),
(16, 3, NULL, 1, 3, 3, 7),
(17, 1, NULL, 1, 3, 84, 58),
(18, 4, NULL, 1, 3, 84, 58),
(20, 7, NULL, 2, 3, 82, 49),
(21, 5, NULL, 1, 3, 4, 50),
(22, 1, NULL, 1, 3, 85, 26),
(23, 14, NULL, 1, 3, 85, 63),
(24, 7, NULL, 2, 3, 4, 52),
(25, 7, NULL, 2, 3, 10, 20),
(26, 2, NULL, 1, 3, 23, 20),
(27, 2, NULL, 1, 3, 10, 20),
(28, 7, NULL, 1, 3, 85, 46),
(29, 7, NULL, 2, 5, 10, 20),
(30, 3, 'Résolution du bug de lancement de l\'appli', 1, 5, 3, 59),
(31, 6, NULL, 2, 5, 51, 59),
(33, 7, '1j de congés', 2, 5, 51, 52),
(34, 2, 'Correction problème cartographie mobile', 1, 5, 3, 59),
(35, 28, 'Congés', 2, 5, 84, 58),
(36, 3, '', 2, 5, 51, 49),
(37, 3, 'Installation portail sur la machine de VP (os : linux)', 1, 5, 23, 20),
(38, 3, 'rdv Auddicé', 1, 5, 88, 57),
(39, 2, 'Installation ecoReleve sur la machine de VP (os : linux)', 1, 5, 23, 20),
(40, 6, 'Tentative de debug sur ios (une font ne se charge pas au premier lancement sur iphone )', 1, 5, 26, 20),
(41, 3, 'Modifications dans la configuration des subjects', 1, 6, 4, 10),
(42, 3, 'La liaison entre objets pour l\'affichage dans les grilles tient compte de l\'objet principal', 1, 6, 4, 10),
(43, 1, 'Intégration du nouvel OCR dans le process des camera trap', 1, 6, 55, 20),
(44, 3, 'Plusieurs modifications de la configuration des sujets', 1, 6, 4, 10),
(45, 2, 'Réunion extended', 1, 6, 16, 10),
(46, 3, 'Init de l\'appli repro faite avant l\'heure', 1, 6, 89, 10),
(47, 4, 'Echanges sur l\'appli repro (conception)', 1, 6, 89, 10),
(48, 2, 'Visites au consulat de Chine / Demande de Visa', 5, 6, 23, 10),
(49, 7, '', 2, 6, 51, 52),
(50, 1, 'Support pour problèmes KZ : Bug sur l\'affichage des saisies', 1, 6, 20, 10),
(51, 14, '', 2, 6, 10, 20),
(52, 2, 'Transmission projets NS/Reneco en ML ', 1, 7, 84, 58),
(53, 4, 'Réalisation de maquettes pour la v.2 de l\'appli mobile de Geonature', 1, 7, 1, 46),
(56, 5, 'Installation serveur ssh', 1, 7, 24, 41),
(57, 2, 'soucis de connexion serveur OJ', 1, 7, 20, 41),
(58, 4, 'Réunion non prévue', 1, 7, 13, 60),
(59, 8, 'Bugs', 4, 7, 81, 60),
(60, 4, 'Rédaction du CR de réunion Skype pour Spygen + mise en page du programme de l\'atelier', 1, 8, 1, 46),
(61, 8, 'webscraping de genieecologique.fr pour récupérer les infos de 182 pages de clients potentiels pour le téléversement (pour faire un mailing)', 1, 8, 88, 57),
(62, 3, 'Essai d\'installation de l\'appli export-sinp sur ordi Windows de Naomi', 4, 8, 88, 57),
(63, 7, 'Comparaison des google doc ....', 1, 8, 85, 46),
(64, 7, 'Maladie', 2, 8, 82, 49),
(65, 8, 'Régresssion car développements foireux du client', 1, 8, 84, 58),
(66, 4, 'Demande nouveaux documents pour AO', 1, 8, 94, 56),
(67, 21, '', 1, 8, 85, 63),
(68, 35, 'Congés', 2, 8, 20, 52),
(69, 7, 'Installation RC2 Geonature', 1, 9, 94, 56),
(70, 2, 'Mise en production', 1, 9, 4, 10),
(71, 1, 'Mailing, controle et validation des stories', 1, 9, 4, 10),
(72, 21, '', 1, 9, 85, 63),
(73, 10, 'Formation Tableau', 1, 9, 23, 26),
(74, 14, 'Installation environnement Reneco', 4, 9, 4, 52),
(75, 7, 'mise en prod (appmobile + app) + réunion + correctifs', 1, 9, 13, 7),
(77, 4, 'Installation module suivi', 1, 9, 96, 7),
(79, 14, 'malade', 2, 9, 83, 60),
(80, 21, 'Balances', 1, 9, 24, 41),
(81, 3, '', 2, 9, 69, 26),
(82, 7, 'Probleme version ionic et build de l\'apk et problème détection du portable sur le pc ', 1, 9, 69, 20),
(83, 4, 'Internet : overthebox down :(', 1, 9, 23, 20),
(84, 7, 'BirdSound', 1, 9, 1, 47),
(85, 2, 'Formation Docker :thumbup:', 1, 10, 84, 58),
(86, 2, 'essais SPARQL taxref avec Olivier', 1, 10, 23, 57),
(87, 4, 'Mise en place de l\'environnement virtuel', 1, 10, 7, 10),
(88, 4, 'Fixs bugs console divers', 1, 10, 7, 10),
(89, 2, 'Aide Hervé, Jeremy, Naomi', 1, 10, 23, 10),
(90, 2, 'Préparation UNWGIC', 1, 10, 23, 10),
(91, 2, 'Support, mise en dev, hotfixs', 1, 10, 4, 10),
(92, 2, 'Mise à jour instance locale + recettes', 1, 10, 20, 10),
(93, 1, '', 1, 10, 95, 7),
(94, 4, 'rdv dentiste', 2, 10, 83, 60),
(95, 3, 'Retours / discussions client', 1, 10, 95, 61),
(96, 3, 'Retours / discussions client', 1, 10, 95, 62),
(97, 18, 'formatage mac', 1, 10, 23, 47),
(98, 2, 'réunion non planifié', 1, 10, 83, 60),
(99, 10, 'Aide code balance', 3, 10, 82, 58),
(100, 4, 'infos (reconfig Servane + aventure geologique, info vr ar) ', 3, 10, 23, 41),
(101, 2, 'aider jeremy + Nao a installer track', 3, 10, 20, 50),
(102, 7, '', 2, 10, 94, 57),
(103, 4, 'Traitement des retours suite a la mise en prod, rédaction des stories, tests', 1, 10, 4, 10),
(104, 8, 'résolution bug installation module', 1, 10, 84, 58),
(106, 2, 'réunion téléphonique', 1, 10, 84, 7),
(107, 2, 'info : Sarah et mathieu UMS PatriNat', 1, 10, 13, 7),
(108, 1, 'caractères spéciaux', 4, 10, 74, 7),
(109, 1, 'Redimension auto des iframes : demande client', 1, 10, 74, 7),
(110, 2, 'Dbg GenericQuery + 2 PRs', 1, 11, 84, 58),
(111, 2, 'Reinstall GN-current', 1, 11, 84, 58),
(112, 4, 'Bug inté', 1, 11, 55, 52),
(113, 7, 'cp', 2, 11, 13, 60),
(114, 2, '', 1, 11, 3, 60);

-- --------------------------------------------------------

--
-- Structure de la table `objectif`
--

DROP TABLE IF EXISTS `objectif`;
CREATE TABLE IF NOT EXISTS `objectif` (
  `id` int(11) NOT NULL AUTO_INCREMENT,
  `id_Sprint` int(11) DEFAULT NULL,
  `id_Projet` int(11) DEFAULT NULL,
  `id_Employe` int(11) NOT NULL,
  `objectif` varchar(255) DEFAULT NULL,
  `id_StatutObjectif` int(11) DEFAULT NULL,
  PRIMARY KEY (`id`),
  KEY `FK_Objectif_id_StatutObjectif` (`id_StatutObjectif`),
  KEY `IdDuSprintDepuisObjectif` (`id_Sprint`),
  KEY `IdDuProjetDepuisObjectif` (`id_Projet`)
) ENGINE=InnoDB AUTO_INCREMENT=1653 DEFAULT CHARSET=latin1;

--
-- Déchargement des données de la table `objectif`
--

INSERT INTO `objectif` (`id`, `id_Sprint`, `id_Projet`, `id_Employe`, `objectif`, `id_StatutObjectif`) VALUES
(26, 3, 24, 45, 'Optimisation de script de purge', 3),
(27, 3, 24, 45, 'Faire un premier test de reconnaissance vocale par apprentissage profond', 1),
(28, 3, 24, 45, 'Mise en place de la validation de protocole fractionnée par étapes', 1),
(29, 3, 10, 45, 'Installer et tester le programme d\'OCR et de reconnaissance d\'image sur ecorelevé', 3),
(30, 3, 10, 45, 'Mise à jour de la version dev à Missour', 1),
(31, 3, 10, 45, 'Intégration du nouveau panel de gauche contenant les détails des objets', 1),
(32, 3, 89, 45, 'Initialisation du backend de l\'API', 1),
(33, 3, 89, 45, 'Etude de la re-utilisabilité du query engine d\'ecorelevé', 1),
(34, 3, 89, 45, 'Avoir une route fonctionnelle pour insérer un objet dans la base', 1),
(35, 3, 89, 45, 'Terminer la transposition des règles du module d\'édition des listes', 1),
(36, 3, 67, 45, 'Mise en place de la gestion des évènements par lot', 3),
(37, 3, 4, 45, 'Terminer le travail d\'intégration', 1),
(38, 3, 4, 45, 'Corriger les maquettes suite à la validation', 1),
(39, 3, 4, 45, 'Maquetter la fonction filtrage dans toutes les grilles', 1),
(40, 3, 4, 45, 'Créer des écrans représentant les différents popups modals', 1),
(41, 3, 78, 45, 'Rajouter les derniers détails ', 3),
(42, 3, 78, 45, 'Optimiser le design', 3),
(43, 3, 69, 45, 'Préparer la réunion', 4),
(44, 3, 69, 45, 'App : traiter les retours', 1),
(45, 3, 69, 45, 'Avoir une version ios', 1),
(46, 3, 88, 45, 'Implémenter la jointure avec Taxref (v1)', 1),
(47, 3, 88, 45, 'Intégrer les référentiels \"communes\" et \"départements\"', 1),
(48, 3, 88, 45, 'Vérifier les règles de validité des champs avant export', 3),
(49, 3, 26, 45, 'Supporter les templates de cluster', 1),
(50, 3, 23, 45, 'Scrum : personnalisation des couleurs par ressource', 1),
(51, 3, 23, 45, 'Scrum : changer le fonctionnement d\'ajout de planification', 1),
(52, 3, 23, 45, 'Scrum : générer un mail de recap des objectifs', 1),
(53, 3, 23, 45, 'Scrum : développer la fonctionnalité tableau de synthèse pour la plannif', 1),
(54, 3, 20, 45, 'Actualisation automatique des formulaires', 3),
(55, 3, 20, 45, 'Modification de l\'export', 1),
(56, 3, 20, 45, 'Reconstruction d\'un état à une date', 3),
(57, 3, 82, 45, 'Intégration du script de création sqlite dans Track', 1),
(58, 3, 82, 45, 'Finir la première version du mode d\'emploi et de la gestion des erreurs', 1),
(59, 3, 82, 45, 'Faire une vidéo de présentation du matériel', 1),
(60, 3, 82, 45, 'Faire le test des puces sous-cutanées', 3),
(61, 3, 84, 45, 'Création couche \"Repository\" entre blueprint et le modèle', 1),
(62, 3, 84, 45, 'Gestion des roles et droits d\'accès des utilisateurs', 3),
(63, 3, 84, 45, 'Validation du modèle de donnée par le client', 4),
(64, 3, 84, 45, 'Développer les paramètres API', 3),
(65, 3, 84, 45, 'Création vue export via API', 3),
(66, 3, 3, 45, 'Organiser une sortie de terrain formation naturaliste interne', 1),
(67, 3, 3, 45, 'Finir les fiches espèces du parc Bortoli', 1),
(68, 3, 3, 45, 'Corriger le bloc instagram sur le blog', 1),
(69, 3, 3, 45, 'Corriger les problèmes d\'image sur les articles', 1),
(70, 3, 3, 45, 'Augmenter la taille des boutons share', 1),
(71, 3, 3, 45, 'Rendre le blog responsive', 1),
(72, 3, 13, 45, 'Rajouter la cartographie des observations', 1),
(73, 3, 13, 45, 'Fixer les bugs', 1),
(74, 3, 13, 45, 'Mettre en prod la version 2 sur la plateforme iOS', 1),
(75, 3, 13, 45, 'Pouvoir sélectionner une image sur un emplacement externe (galerie Android 7)', 3),
(76, 3, 13, 45, 'Ajouter le rang de l\'observateur', 3),
(77, 3, 13, 45, 'Vérifier si l\'Espèce de la semaine est bien inscrite en base locale', 3),
(78, 3, 13, 45, 'Traiter les retours de la maquette', 3),
(79, 3, 74, 45, 'Installer le serveur de prod CREA', 1),
(80, 3, 74, 45, 'Remonter le service température', 3),
(81, 3, 81, 45, 'Mise à jour de l\'algorithme des capteurs', 1),
(82, 3, 81, 45, 'Modifier manuellement les réglages des machines', 4),
(83, 3, 81, 45, 'Forfait design', 1),
(84, 3, 83, 45, 'Créer les models à partir de la base de données ', 4),
(85, 3, 83, 45, 'Faire la maquette du backoffice', 1),
(86, 3, 86, 45, 'Faire la maquette pour l\'appli mobile', 3),
(87, 3, 23, 45, 'Modifier les bio de l\'équipe dans la maquette', 1),
(88, 3, 23, 45, 'Mettre à jour les photos de l\'équipe', 3),
(89, 3, 23, 45, 'Finir la plaquette avant impression', 3),
(90, 3, 85, 45, 'Faire l\'interface de gestion des plongeurs avec ag-grid.', 1),
(91, 3, 85, 45, 'Faire l\'interface de gestion des types de plonges avec upload d\'un objet blob', 1),
(92, 3, 85, 45, 'Front App : traiter les retours', 3),
(93, 5, 81, 45, 'Modifier manuellement les réglages des machines', 1),
(94, 5, 13, 45, 'Rajouter la qualification des photos', 1),
(95, 5, 83, 45, 'Faire un tuto Flask', 3),
(96, 5, 3, 45, 'Corriger les bug de l\'application mobile ', 1),
(97, 5, 84, 45, 'Structurer le filtrage Generic Query', 3),
(98, 5, 84, 45, 'Fixer bug CRUVED (authentification)', 1),
(99, 5, 84, 45, 'Finir documentation API', 1),
(100, 5, 84, 45, 'Intégration API', 3),
(101, 5, 10, 45, ' Recherche et définition de protocole + thésaurus pour écorelevé ', 1),
(102, 5, 23, 45, 'Scrum - Intégrer la fonctionnalité de gestion de type de taches', 1),
(103, 5, 23, 45, 'Scrum - Limiter les permissions selon les droits d\'accès', 1),
(104, 5, 23, 45, 'Scrum - Mettre à jour la charts dans le dashboard', 1),
(105, 5, 23, 45, 'Scrum - Rétrospective: possibilité d\'éditer les commentaires', 1),
(106, 5, 89, 45, 'Implémenter les validateurs du module de saisie', 1),
(107, 5, 89, 45, 'Transposer et implémenter les règles liées au module de saisie', 3),
(108, 5, 89, 45, 'Réaliser le diagramme du flux de données du module d\'attributions', 3),
(109, 5, 3, 45, 'Publier l\'ecobalade du parc Bortoli', 3),
(110, 5, 3, 45, 'Faire un script pour récupérer automatiquement les images sur internet', 1),
(111, 5, 24, 45, 'Construire et entraîner un outil de reconnaissance vocale', 1),
(112, 5, 24, 45, 'Mettre en place une documentation pour les outils de reconnaissance d\'image', 1),
(113, 5, 74, 45, 'Installer le projet Phenoclim sur le serveur de prod', 1),
(114, 5, 74, 45, 'Installer base de données et php-pgadmin sur le serveur de prod', 1),
(115, 5, 13, 45, 'Corriger les bugs Android 7 et 8 (camera exif )', 3),
(116, 5, 13, 45, 'Mettre en prod l\'appli sur Android 7 et 8 (fix de bug exif)', 3),
(117, 5, 4, 45, 'Terminer l\'intégration de la nouvelle maquette', 3),
(118, 5, 82, 45, 'Naming de la balance et trouver un logo', 1),
(119, 5, 10, 45, 'Intégration des raccourcis dans camera trap ', 1),
(120, 5, 10, 45, 'Intégration du player ', 3),
(121, 5, 85, 45, 'Ajout de deux modules et leurs pages statiques', 2),
(122, 5, 89, 45, 'Faire une carcasse HTML pour tests', 1),
(123, 5, 26, 45, 'Traiter les retours sur les templates', 1),
(124, 5, 69, 45, 'Préparer la réunion', 1),
(125, 5, 10, 45, 'Finir l\'optimisation de la route \"individual location\"', 3),
(126, 5, 4, 45, 'Configuration des éléments de page d\'accueil en fonction de l\'instance', 1),
(127, 5, 24, 45, 'Optimisation des scripts de purge', 1),
(128, 5, 20, 45, 'Reconstruction d\'un état à une date donnée', 3),
(129, 5, 88, 45, 'Intégrer bootstrap à l\'appli', 4),
(130, 5, 88, 45, 'Restructurer l\'appli pour améliorer l\'UX', 1),
(131, 5, 88, 45, 'Mise en place de la structure de vérification des données utilisateurs', 3),
(132, 5, 88, 45, 'Vérification des données utilisateurs (référentiels)', 1),
(133, 5, 3, 45, 'Ajouter le lien d\'affilition IGN', 3),
(134, 5, 3, 45, 'Ajouter le lien d\'affiliation Booking', 3),
(135, 5, 3, 45, 'Simplifier l\'upload d\'image', 3),
(137, 5, 3, 45, 'Appli: mise à jour de Cordova', 1),
(138, 5, 82, 45, 'Présenter un prototype final en fin de sprint', 3),
(139, 5, 82, 45, 'Avoir une première version de manuel d\'utilisation', 1),
(140, 5, 91, 45, 'Initialisation de l\'application Admin', 4),
(141, 5, 91, 45, 'Création du modèle', 4),
(142, 5, 91, 45, 'Prise connaissance du code existant et formation sur les technos', 4),
(143, 5, 85, 45, 'Intégration des zones AMA', 1),
(144, 5, 85, 45, 'Backoffice : Ajouter des barres de recherche', 2),
(145, 5, 86, 45, 'Terminer toute les maquettes de l\'application mobile', 3),
(146, 5, 23, 45, 'Socotec : proposition de zoning ', 4),
(147, 5, 23, 45, 'ATMI: proposition de zoning', 4),
(148, 5, 23, 45, 'OpenEdition : proposition de zoning', 3),
(149, 6, 4, 45, 'Faire la mise à jour', 1),
(150, 6, 89, 45, 'recensement des inputs et validateurs complexes', 3),
(151, 6, 4, 45, 'Amélioration des grilles de la partie import', 1),
(152, 6, 4, 45, 'Pouvoir éditer les inputs créateurs de sous échantillons', 1),
(153, 6, 24, 45, 'Faire un nouveau modèle de reconnaissance de la parole', 1),
(154, 6, 24, 45, 'Comparer l\'efficacité des deux OCRs', 1),
(155, 6, 20, 45, 'Intégration du système de reconstruction d\'un état d\'un individu à une date donnée', 3),
(156, 6, 4, 45, 'Terminer la personnalisation selon le type d\'application', 3),
(157, 6, 4, 45, 'Terminer l\'intégration pour  eCollection', 3),
(158, 6, 82, 45, 'Finir les figures pour la documentation d\'utilisation de la balance', 1),
(159, 6, 88, 45, 'Terminer l\'intégration des maquettes', 1),
(160, 6, 87, 45, 'Faire une proposition graphique', 1),
(161, 6, 23, 45, 'Alfred : Terminer l\'ensemble des maquettes mobiles', 1),
(162, 6, 88, 45, 'Design/Intégration de l\'application', 1),
(163, 6, 88, 45, 'Afficher les erreurs utilisateurs a toutes les étapes avec Ag-Grid', 3),
(164, 6, 88, 45, 'Traiter les noms de fichier en UID', 1),
(165, 6, 88, 45, 'Avoir un formulaire geo valide pour Ginco', 1),
(166, 6, 89, 45, 'Génération d\'une grille dynamique', 3),
(167, 6, 89, 45, 'Création du dépot GitHub back+front', 1),
(168, 6, 89, 45, 'Implémentation des actions des formulaires de saisie', 3),
(169, 6, 89, 45, 'Implémentation des règles du module de saisie', 1),
(170, 6, 89, 45, 'Finir le diagramme des dépendances pour le module d\'attribution', 3),
(171, 6, 55, 45, 'Optimiser la route individual location', 3),
(172, 7, 3, 45, 'Finir l\'ecobalade de Saint Pierre et Miquelon', 3),
(173, 7, 3, 45, 'Finir les fiches espèces Auxerre', 1),
(174, 7, 3, 45, 'Préparer la soutenance (AR)', 1),
(175, 7, 88, 45, 'Possiblité pour l\'utilisateur de corriger les erreurs d\'identification taxonomique', 3),
(176, 7, 88, 45, 'Terminer l\'intégration', 1),
(177, 7, 88, 45, 'Terminer les formulaires en front et en back', 1),
(178, 7, 88, 45, 'Faire rapport de stage + powerpoint', 1),
(179, 7, 69, 45, 'Traiter les retours de recette par rapport à l\'export', 1),
(180, 7, 69, 45, 'Traiter les retours de recette par rapport à la saisie / affichage', 1),
(181, 7, 69, 45, 'Traiter les retours de recette par rapport à l\'administration', 1),
(182, 7, 69, 45, 'Mobile : fixer les bugs', 3),
(183, 7, 69, 45, 'Mobile : mettre à jour les champs \"type inventaire \" et \"minimum\"', 1),
(184, 7, 89, 45, 'Corrections de maquette suite aux retours de DB Support', 1),
(185, 7, 89, 45, 'Création d\'une référence graphique ( UI kit)', 1),
(186, 7, 89, 45, 'Préparer l\'entretien avec Sandra', 3),
(187, 7, 89, 45, 'Faire une proposition de logo', 1),
(188, 7, 1, 45, 'Designer les pages attendues pour Geonature Citizen', 1),
(189, 7, 84, 45, 'Analyse gestion des droits exports', 3),
(190, 7, 84, 45, 'Intégration ExportQuery filters', 1),
(191, 7, 84, 45, 'Export définition', 3),
(192, 7, 84, 45, 'Clean up des branches GIT et du code', 1),
(193, 7, 94, 45, 'Finaliser l\' intégration de la page d\'accueil', 3),
(194, 7, 94, 45, 'Création de la page \"validateur\"', 1),
(195, 7, 91, 45, ' Initialisation de l\'application Admin', 1),
(196, 7, 91, 45, 'Création du modèle', 3),
(197, 7, 91, 45, ' Prise connaissance du code existant et formation sur les technos', 1),
(198, 7, 3, 45, 'Avoir une version alpha du schema form', 4),
(199, 7, 3, 45, 'Implémenter les liens d\'affiliation Booking et IGN', 3),
(200, 7, 3, 45, 'Résoudre le bug pub', 1),
(201, 7, 89, 45, 'Terminer l\'interface pour la demo avec JF et Sandra', 1),
(202, 7, 20, 45, 'Reconstruction d\'un état à une date donnée', 1),
(203, 7, 20, 45, 'Mise à jour de l\'alerte de mise à jour des formulaires', 1),
(204, 7, 20, 45, 'Remise des contraintes du BDD réfrentiel sur tous les sites', 1),
(205, 7, 4, 45, 'Vérification de la robustesse du système d\'import', 1),
(206, 7, 4, 45, 'Mise en place des règles pour le fichier d\'import', 3),
(207, 7, 85, 45, 'Optimisation de la requête spatiale', 1),
(208, 7, 85, 45, 'Optimisation de la carte sur le site static de CAPEL', 1),
(209, 7, 85, 45, 'Traiter les retours de la webApp', 1),
(210, 7, 10, 45, 'Mise à jour de la dev', 1),
(211, 7, 10, 45, 'Intégration du système de notation de photos (caméra trap)', 3),
(212, 7, 81, 45, 'Livrer la version finale (app mobile)', 1),
(213, 7, 13, 45, 'Ajouter la page détails d\'une observation', 3),
(214, 7, 83, 45, 'Se former en flask/postgres', 3),
(215, 7, 20, 45, 'Installer le serveur Oum Jniba', 1),
(216, 7, 4, 45, 'Fusionner les vues d\'import', 3),
(217, 7, 10, 45, 'Intégration du player', 1),
(218, 7, 89, 45, 'Intégration de la page d\'accueil et de saisie', 1),
(219, 7, 82, 45, 'Designer le mode d\'emploi', 1),
(220, 7, 88, 45, 'Intégration de l\'aspect responsive', 3),
(221, 7, 89, 45, 'Modification des formulaires de la banque de sperme', 1),
(222, 7, 89, 45, 'Implémentation d\'un automap sqlserver -> Json', 1),
(223, 7, 89, 45, 'Mise en place du système d\'authentification', 1),
(224, 8, 89, 45, 'Réaliser les maquettes nécessaires suite à la mission', 1),
(225, 8, 16, 45, 'Maquetter le processus de création et modification d\'un nouveau fieldset', 1),
(226, 8, 10, 45, 'Création des maquettes pour représenter les individus non identifiés', 1),
(227, 8, 1, 45, 'Faire la maquette de la V2 de géonature', 1),
(228, 8, 20, 45, 'Faire les maquettes pour l\'outil balance', 1),
(229, 8, 82, 45, 'Terminer le mode d\'emploi', 3),
(230, 8, 13, 45, 'Rajouter les filtres', 1),
(231, 8, 83, 45, 'Créer les webservices \"get observation\"', 1),
(232, 8, 74, 45, 'Correction des bugs de Phénoclim', 1),
(233, 8, 96, 45, 'Prise en main de la création d\'un module', 1),
(234, 8, 88, 45, 'Implémenter la sécurité', 1),
(235, 8, 69, 45, 'Appli : fix de bugs restants', 1),
(236, 8, 82, 45, 'Ajouter les fonctionnalités suite à la mission NARC', 1),
(237, 8, 82, 45, 'Faire du code refact de l\'application', 3),
(238, 8, 4, 45, 'Amélioration des performances au chargement des formulaires.', 3),
(239, 8, 88, 45, 'Code refact coté bakend pour faciliter la gestion des données utilisateur', 1),
(240, 8, 88, 45, 'Design : finir l\'intégration du responsive', 3),
(241, 8, 88, 45, 'Mettre en place les corrections des données par l\'utilisateur dans l\'appli', 3),
(242, 8, 88, 45, 'Corriger les bugs relevés lors de la recette', 1),
(243, 8, 95, 45, 'Réaliser la mise à jour des dépendances', 1),
(244, 8, 95, 45, 'Sortir un incrément fonctionnel', 3),
(245, 8, 95, 45, 'Adapter template csv au plurispécifique', 3),
(246, 8, 95, 45, 'Adapter bdd au plurispécifique', 3),
(247, 8, 91, 45, 'Réalisation du module \"Administration des Animaux\"', 3),
(248, 8, 91, 45, 'Réalisation Interface Connexion/Authentification', 1),
(249, 8, 94, 45, 'Intégration de la page validateur', 1),
(250, 8, 84, 45, 'Terminer export des collections objets métiers', 3),
(251, 8, 84, 45, 'Finaliser le support de shape', 1),
(252, 8, 84, 45, 'Aboutir le support des views', 1),
(253, 9, 83, 45, 'Effectuer les retours clients', 1),
(254, 9, 85, 45, 'Revue des tâches à finaliser avec Zouhair', 1),
(255, 9, 89, 45, 'Designer les écrans correspondants aux étapes de mise en place des listes de mâle et femelle', 1),
(256, 9, 89, 45, 'Designer les écrans correspondants aux étapes de mise à jour de la planification', 1),
(257, 9, 89, 45, 'Designer les écrans correspondants aux étapes de mise en place des attributions ', 1),
(258, 9, 97, 45, 'Préparer l\'atelier UX', 3),
(259, 9, 91, 45, 'Réalisation du module \"Administration des Animaux\"', 3),
(260, 9, 94, 45, 'Creation page info par taxon', 3),
(261, 9, 84, 45, 'Installation géonature2 rc', 1),
(262, 9, 84, 45, 'Intégration du formulaire dynamique des champs candidats à l\'export', 1),
(263, 9, 24, 45, 'Finaliser la nouvelle maquette du Portail', 3),
(264, 9, 4, 45, 'Maquetter la liste des échantillons enfant dans Ecollection entomo', 1),
(265, 9, 89, 45, 'Faire de nouvelles propositions de logos par rapport aux retours', 1),
(266, 9, 13, 45, 'Traiter les retours sur la plateforme', 1),
(267, 9, 83, 45, 'livrer une page statique (maquette cliquable) de la page comparateur', 3),
(268, 9, 83, 45, 'Modifier la base de données en fonction de la dernière réunion (date, contraintes) ', 3),
(269, 9, 74, 45, 'Migrer le Drupal multi site du serveur de démo au serveur de prod', 1),
(270, 9, 95, 45, ' Modification code pour plurispecifique', 1),
(271, 9, 95, 45, 'Intégration de la maquette', 3),
(272, 9, 69, 45, 'Mettre à jour Taxref (appli et backend)', 1),
(273, 9, 69, 45, 'Stockage et affichage de tracé cote webapp', 3),
(274, 9, 90, 45, 'Intégrer l\'historique', 4),
(275, 9, 82, 45, 'Modifications Sqlserver et génération de fichiers', 1),
(276, 9, 82, 45, 'Modification de l\'interface de Track pour prise en compte de la balance', 1),
(277, 9, 82, 45, 'Modification de l\'interface d\'import pour retours balance', 1),
(278, 9, 87, 45, 'Mise à jour de la maquette (home page et mobile)', 1),
(279, 9, 95, 45, 'Mise à jour de la maquette mobile', 1),
(281, 9, 23, 45, 'Faire un modèle de présentation powerpoint/openoffice', 3),
(282, 9, 7, 45, 'Préparation de la console en vue de la mission', 1),
(283, 9, 7, 45, 'Amélioration de la consultation des logs', 1),
(284, 9, 7, 45, ' Les scripts d\'installation des applis ont été mis à jour', 3),
(285, 9, 4, 45, 'Mise à jour de la version de production à Missour', 1),
(286, 9, 4, 45, 'Traitement des derniers retours suite aux mises à jour', 4),
(287, 9, 89, 45, 'Gestion de la pagination (backend)', 1),
(288, 9, 89, 45, 'Définition d\'une roadmap pour l\'automatisation des tests', 1),
(289, 9, 89, 45, 'L\'implémentation du gestionnaire de procédures événementielles', 2),
(290, 9, 10, 45, 'Recette de la mise à jour ', 1),
(291, 9, 4, 45, 'Finaliser l\'intégration', 3),
(292, 9, 10, 45, 'Mettre à jour la dev ', 1),
(293, 9, 23, 45, 'Faire la formation git', 3),
(294, 9, 24, 45, 'Installer l\'environnement Reneco pour NF et JL', 3),
(295, 10, 95, 45, 'Adapter le csv à la demande du client', 4),
(296, 10, 95, 45, 'Intégrer la charte graphique', 1),
(297, 10, 95, 45, 'Modifier la vue de la page \"Ou  le trouver\"', 1),
(298, 10, 87, 45, 'Intégrer les modifications de la maquette', 3),
(299, 10, 23, 45, 'Demo ecorelevé : intégrer les données de \"Eaux de Marseille\"', 1),
(300, 10, 18, 45, 'Migrer le site sur un nouveau serveur', 3),
(301, 10, 13, 45, 'Créer la page \"détails de l\'observation\"', 1),
(302, 10, 83, 45, 'Créer un script pour la miniaturisation des photos', 1),
(303, 10, 83, 45, 'Rajouter le copyright sur les photos', 1),
(304, 10, 74, 45, 'Audit du service \"température\"', 3),
(305, 10, 96, 45, 'Implémenter le schéma', 1),
(306, 10, 94, 45, 'Installer Geonature', 1),
(307, 10, 94, 45, 'Faire un premier MCD de la table validation', 4),
(308, 10, 82, 45, 'Faire le manuel de montage de la balance', 1),
(309, 10, 20, 45, 'Préparer la mise à jour de Track', 1),
(310, 10, 23, 45, 'Sécuriser l\'application Scrum manager', 1),
(311, 10, 23, 45, 'Scrum manager accessible en ligne', 3),
(312, 10, 16, 45, 'Reprise de l\'interface \"propriétés, protocoles\"', 3),
(313, 10, 3, 45, 'Améliorations du site web ecobalade : fiche espèce', 4),
(314, 10, 83, 45, 'Avoir un comparateur de photos', 1),
(315, 10, 89, 45, 'Pouvoir faire la saisie complète de doses de sperme', 1),
(316, 10, 89, 45, 'Adapter le thesaurus picker', 1),
(317, 10, 7, 45, 'Pipe pour transmettre les changements à tous les sites', 3),
(318, 10, 24, 45, 'Job d\'appel de la procédure stockée global sur toutes les instances', 3),
(319, 10, 82, 45, 'Déploiement du service Python', 3),
(320, 10, 82, 45, 'Finalisation des modifs de Track', 1),
(321, 10, 92, 45, 'Faire les webographie', 1),
(322, 10, 95, 45, 'Traiter les retours de la maquette appli mobile', 1),
(323, 10, 13, 45, 'Traiter les retours de la maquette desktop', 1),
(324, 10, 82, 45, 'Mise en place d\'une version de production', 1),
(325, 10, 20, 45, 'Déploiement track pour mission', 1),
(326, 10, 7, 45, 'Préparation de la console pour la démo workshop IT', 1),
(327, 10, 7, 45, 'Mise en place du processus d\'installation de l\'appli repro', 3),
(328, 10, 89, 45, 'Intégration des features AG grid pro ', 3),
(329, 10, 89, 45, 'Implémentation filtres et tri', 3),
(330, 10, 84, 45, 'Nettoyage du code + API', 1),
(331, 10, 84, 45, 'Gestion des utilisateurs', 3),
(332, 11, 95, 62, 'Terminer la view mission/espèces', 1),
(333, 11, 95, 61, 'Implémenter les milieux sans icône', 1),
(334, 11, 95, 62, 'Ajouter les rubriques \"Sources\" et \"Ne pas confondre\"', 1),
(335, 11, 83, 42, 'Filtrer les sites sur la carte par thèmes/sous-thèmes/dates', 3),
(336, 11, 83, 60, 'Modifier la base (liaison userHub, contraintes, date-filter)', 1),
(337, 11, 83, 60, 'Alimenter le comparateur avec les données de la BD', 3),
(338, 11, 13, 60, 'Ajouter page profil', 1),
(339, 11, 13, 60, 'Ajouter la liste des utilisateurs', 3),
(340, 11, 13, 60, 'Compléter la page d\'accueil', 1),
(341, 11, 74, 7, 'Ajouter la lib iframeResizer sur le projet', 1),
(342, 11, 74, 7, 'Faire tourner les scripts T° sur données clonées sur serveur', 3),
(343, 11, 96, 7, 'Ajouter l\'UI permettant de sélectionner un habitat', 3),
(344, 11, 7, 50, 'Creation d\'un Pipe console pour les bridges', 2),
(345, 11, 24, 50, 'Déploiement du job des purges', 3),
(346, 11, 82, 50, 'Déploiement service python', 3),
(347, 11, 23, 22, 'Déployer le Scrum Manager', 3),
(348, 11, 23, 22, 'Mise en place du \"superbe\" footer mail', 1),
(349, 11, 7, 46, 'Effectuer les modifications demandées sur les écrans Réplication Overview et Version Overview', 3),
(350, 11, 55, 46, 'Effectuer toutes les modifications mentionnées lors de la présentation des améliorations des maquettes', 1),
(351, 11, 89, 46, 'Implémenter les données dans les tableaux présents dans les maquettes', 1),
(352, 11, 16, 46, 'Conception d\'une maquette représentant le processus de création de formulaires s\'appuyant sur une base de données', 2),
(353, 11, 83, 46, 'Modification de la page comparateur', 1),
(355, 11, 20, 41, 'Mise a jour mondiale', 3),
(356, 11, 94, 57, 'Afficher les données à valider', 1),
(357, 11, 94, 57, 'Valider une donnée', 1),
(358, 11, 84, 58, 'Rendre filtrable les 2 exports prédéfinis', 2),
(359, 11, 84, 58, 'Propose un jeu de données sémantiques', 3),
(360, 11, 3, 65, 'Améliorer le responsive sur la page balade', 4),
(361, 11, 3, 66, 'Mettre en ligne la balade de Quessois', 2),
(362, 11, 67, 52, 'mise a jour de l\'appli sur tous les sites', 3),
(363, 11, 20, 52, 'Mise a jour de l\'appli sur tous les sites', 3),
(364, 12, 13, 60, 'Ajouter la page du classement des observateurs', 5),
(365, 12, 83, 60, 'Alimenter le comparateur avec les données de la BD', 5),
(366, 12, 83, 60, 'Alimenter la carte avec les données de la BD', 5),
(367, 12, 83, 60, 'Faire la page d\'authentification', 5),
(368, 12, 20, 52, 'Mise a jour mondiale', 5),
(369, 12, 89, 52, 'création d\'un logigrame', 5),
(370, 12, 16, 52, 'Intégration de la nouvelle fonction DataEntrySource', 5),
(371, 12, 67, 41, 'Mettre en prod position', 5),
(372, 12, 89, 54, 'Terminer le parser SQL vers json', 5),
(373, 12, 89, 54, 'Création d\'un WebService spécifique à la repro', 5),
(374, 12, 89, 54, 'Point sur la restructuration des formdef', 5),
(375, 12, 3, 66, 'Finir la balade de quessois', 5),
(376, 12, 3, 66, 'Devis Savine', 5),
(377, 12, 16, 46, 'conception d\'une maquette représentant le processus de création de formulaire s\'appuyant sur une bdd', 5),
(378, 12, 89, 46, 'définition des éléments visuels présents dans le logigramme et du mode de représentation', 5),
(379, 12, 89, 46, 'Création du logigramme', 5),
(380, 12, 89, 46, 'Création d\'une maquette pour la HP de la partie DataEntry de l\'app repro', 5),
(381, 12, 1, 46, 'Création des maquettes', 5),
(382, 12, 95, 47, 'proposition de pictos', 5),
(383, 12, 92, 47, 'débuter les maquettes', 5),
(384, 12, 23, 47, 'Repondre appel d\'offre (marre de Grenoble)', 5),
(385, 12, 96, 47, 'Traiter les retours maquettes', 5),
(386, 18, NULL, 45, 'Préparer Version ecoBalade', 5),
(387, 18, NULL, 45, ' 1er prototype MICA Pocket', 1),
(388, 18, NULL, 45, '1er prototype ecoReleve-Mobile ', 1),
(389, 18, NULL, 45, '1er prototype ecoReleve-Glossary', 1),
(390, 19, NULL, 45, 'Pb ergonomie/ label qui ne sont pas clair => OA et OR doivent voir ça dans la semaine et transmettre les nouveaux message à Yacine.', 5),
(391, 19, NULL, 45, 'Faire des tests', 5),
(392, 19, 42, 45, 'Faire des tests', 5),
(393, 19, 42, 45, 'Fonction filtrer les taxons sur les critères à faire', 5),
(394, 19, 42, 45, 'Changer les pictos (taxons) + Changer le texte Taxon Inconnu', 5),
(395, 19, 20, 45, 'Établir la liste des différences entre IE/Chrome/Firefox dans la gestion des CSS (Utile pour d\'autre projet).', 5),
(396, 19, NULL, 45, 'Se pencher d\'avantage sur les données de TRACK  de façon à remplacer rapidement l\'application TRACK-Thesaurus', 5),
(397, 19, NULL, 45, 'Regarder les fonctionnalités de WS', 5),
(398, 19, NULL, 45, 'OPEN ID : Se documenter pour être en mesure de partager les logins entre les applications', 5),
(399, 19, 35, 45, 'Reprise en interne du projet', 5),
(400, 19, 3, 45, 'Objectif : WEB Mettre en ligne avant Noël avec les bon contenus', 5),
(401, 24, NULL, 45, 'mettre le  site en ligne avec les taxons', 5),
(402, 24, NULL, 45, 'corriger les retours d\'usage', 5),
(403, 24, NULL, 45, 'mettre à jour slideMe', 5),
(404, 24, 20, 45, 'faire un proto de Charts et Azur', 5),
(405, 24, 35, 45, 'remonter le discover avec Backbone', 5),
(406, 24, 35, 45, 'Demarrer le jeu', 5),
(407, 24, 59, 45, 'finir le projet', 5),
(408, 27, NULL, 45, 'Remonter un wordPress', 5),
(409, 27, 3, 45, 'Revoir le fold 1 (Paralax)', 5),
(410, 27, 3, 45, 'Faire un proto de carte Frioul', 5),
(411, 27, 3, 45, 'EcoBalade mobile : pallier le problème de limitation de taille', 5),
(412, 27, 15, 45, 'Faire un devis', 5),
(413, 27, NULL, 45, 'Finir le mécanisme du score et préparer la demo', 5),
(414, 27, 10, 45, 'Saisir une obs et voir mes obs', 5),
(415, 27, NULL, 45, 'Préparer les XML de données pour Téla', 5),
(416, 28, 3, 45, 'mobile: nouvelle version sur  goole/apple store', 5),
(417, 28, 3, 45, 'Edito: 1 ere version du contenu Frioul', 5),
(418, 28, NULL, 45, 'Finaliser l\'export d\'1 thesaurus', 5),
(419, 28, 4, 45, 'créer des types d\'échantillons', 5),
(420, 28, 4, 45, 'avoir 1 demo installée', 5),
(421, 28, 10, 45, 'Recap des obs et ecran de MAJ de protocols', 5),
(422, 28, 35, 45, 'Finaliser le système de scores (test users)', 5),
(423, 28, 35, 45, 'recuperer les collections finalisées', 5),
(424, 28, NULL, 45, 'faire les écrans de la clé', 5),
(425, 33, 21, 45, 'Démo TVT', 1),
(426, 33, 3, 45, 'Publication nouvelle version iOS.', 5),
(427, 33, 3, 45, 'Création nouvelle balade (sortie frioul). ', 5),
(428, 33, 15, 45, 'Intégrer la maquette (faire valider la maquette).', 5),
(429, 33, NULL, 45, 'Finaliser les formulaires (finaliser mise en place de l\'application).', 5),
(430, 33, 4, 45, 'Finir la navigation contextuelle', 1),
(431, 33, 4, 45, 'Afficher l\'arbre de position', 5),
(432, 33, NULL, 45, 'Finir la vue MyData', 5),
(433, 33, NULL, 45, 'Démarrer les webs services', 1),
(434, 33, 35, 45, 'Publication sur le store.', 5),
(435, 33, NULL, 45, 'Correction après démo.', 1),
(436, 33, 20, 45, 'Progresser sur la refonte des imports', 1),
(437, 33, 20, 45, 'Déboggage divers', 5),
(438, 33, 20, 45, 'Mise à jour du Serveur2008', 1),
(439, 33, 11, 45, 'GSM', 1),
(440, 33, 11, 45, 'Objets', 5),
(441, 38, 4, 45, 'Gestion des utilisateurs', 5),
(442, 38, 3, 45, 'Nouvelle version android et IOS(Balade téléchargeable)', 5),
(443, 38, NULL, 45, 'Import de vocabulaire SKOS', 5),
(444, 38, NULL, 45, 'Présentation + Finalisation du code', 5),
(445, 38, 15, 45, 'Faire la page d\'accueil', 5),
(446, 38, NULL, 45, 'upload mediawiki', 5),
(447, 38, NULL, 45, 'Finaliser la page d\'accueil et mise en place des autres pages', 5),
(448, 38, NULL, 45, '??? a définir', 5),
(449, 38, 11, 45, 'Import des objects selon un modèle générique', 5),
(450, 40, NULL, 45, 'Finaliser les pages accueil et  programme PACA', 5),
(451, 40, 15, 45, 'Finaliser les pages accueil et  actions', 5),
(452, 40, NULL, 45, 'finir le filtrage', 5),
(453, 40, NULL, 45, 'faire 1 maquette utilisable', 5),
(454, 40, NULL, 45, 'nouvelle version vue allData + vue taxon', 5),
(455, 40, NULL, 45, 'implémenter WS taxon + autocomplete', 5),
(456, 40, NULL, 45, 'refonte du client en Phyton', 5),
(457, 40, 11, 45, 'correction de bug et satisfaction utilisateurs', 5),
(458, 40, 20, 45, 'Mettre la version TRACK 4.0 sur ENjil', 5),
(459, 42, NULL, 45, 'mettre en ligne le site web', 1),
(460, 42, NULL, 45, 'mettre en place WS phase 1', 3),
(461, 42, 15, 45, 'préparer la démo', 1),
(462, 42, 21, 45, 'finir la refonte graphique UI', 3),
(463, 42, 3, 45, 'publier 1 nouvelle version sur google play', 3),
(464, 42, 4, 45, 'gestion des évènements V1', 3),
(465, 42, 4, 45, 'produire une nouvelle maquette', 3),
(466, 42, 55, 45, 'proto utilitaire export', 1),
(467, 42, 55, 45, 'valider phase 1 myco', 3),
(468, 43, 21, 45, 'finir la refonte graphique', 5),
(469, 43, NULL, 45, 'mettre en place les WS', 5),
(470, 43, 15, 45, 'finaliser les pages observations, relais et actions', 5),
(471, 43, 3, 45, 'nouvelle version sur google play', 5),
(472, 43, 55, 45, 'finaliser phase 2 myco', 5),
(473, 43, 55, 45, 'refonte saisie d\'obs', 5),
(474, 43, 4, 45, 'préparer demo utilisateurs', 5),
(475, 44, 21, 45, 'Publication sur le store', 5),
(476, 44, 20, 45, 'Ecriture des nouvelles règles', 5),
(477, 44, 20, 45, 'Mise à jour Qatar', 5),
(478, 44, 20, 45, 'Corrections Application', 5),
(479, 44, 15, 45, 'Finir sprint 5', 5),
(480, 44, 4, 45, 'Avoir les évènements visibles', 5),
(481, 44, 10, 45, 'Validation de la phase 2 de Myco', 5),
(482, 44, NULL, 45, 'Finir les WebServices', 5),
(483, 44, NULL, 45, 'Finir la gestion des langues', 5),
(484, 45, 4, 45, 'finir les filtres', 3),
(485, 45, 4, 45, 'affichage de l\'historique', 1),
(486, 45, 55, 45, 'finaliser Myco', 3),
(487, 45, 55, 45, 'refonte export data', 1),
(488, 45, 11, 45, 'Initiation Webservices Argos', 3),
(489, 45, 15, 45, 'Nouvelle fonctionnalité espèce mystère', 1),
(490, 45, 3, 45, 'corriger le bug Android', 1),
(491, 45, NULL, 45, 'mettre en place les Webservices', 3),
(492, 45, 20, 45, 'Régler tous les bugs en attente', 3),
(493, 45, 20, 45, 'Produire une version stable sur tous le sites (hormis RAF)', 1),
(494, 45, 20, 45, 'Générateur de rapport depuis Pivotal Tracker', 1),
(495, 46, 3, 45, 'avoir un proto pour afficher les données EUNIS', 1),
(496, 46, 15, 45, 'finir espèces mystères', 1),
(497, 46, 15, 45, 'préparer la démo', 1),
(498, 46, 4, 45, 'finir les filtres/evenements- modifs', 1),
(499, 46, 55, 45, 'finaliser l\'export', 1),
(500, 46, 55, 45, 'commencer la saisie', 3),
(501, 46, 55, 45, 'démarrer la réfonte du modèle', 1),
(502, 46, NULL, 45, 'gérer la sortie du protocole', 3),
(503, 46, NULL, 45, 'finaliser le WS', 3),
(504, 46, 11, 45, 'écrire le projet Argos', 3),
(505, 46, 20, 45, 'terminer gestion de log', 1),
(506, 46, 20, 45, 'corriger les bugs urgents', 1),
(507, 47, 3, 45, 're-importer les sites ZNIEFF fr', 1),
(508, 47, 3, 45, 'démarrer le proto Backbone', 3),
(509, 47, 15, 45, 'sortir la première préversion du site', 1),
(510, 47, 4, 45, 'maquette designer de formulaires', 3),
(511, 47, 4, 45, 'évènements de sortie/retour', 1),
(512, 47, 55, 45, 'changer le modèle', 3),
(513, 47, 55, 45, 'démarrer la vue objets', 1),
(514, 47, 55, 45, 'proto d\'import sensor', 1),
(515, 47, NULL, 45, 'réfonte de l\'érgonomie', 1),
(516, 47, 20, 45, 'proto nouvelle version thésaurus/ sécurité', 3),
(517, 48, 3, 45, 'mise en prod de nouveau contenu pour le web', 3),
(518, 48, 3, 45, 'validation des contenus', 1),
(519, 48, 4, 45, 'maquette form  builder', 1),
(520, 48, 4, 45, 'proof of concept MOM', 1),
(521, 48, 55, 45, 'intégrer les modifs (Argos + data)', 1),
(522, 48, 55, 45, 'déploiement à Missour : fait la démo a la place', 5),
(523, 48, 15, 45, 'mise en prod v0.2', 1),
(524, 48, NULL, 45, 'transition clé/liste (swipe)', 1),
(525, 54, NULL, 45, 'amélioration de l\'ergonomie de l\'application', 1),
(526, 54, 15, 45, 'traduire l\'action nouveaux arrivants', 1),
(527, 54, 45, 45, 'démarrer le projet', 1),
(528, 54, 3, 45, 'mettre en ligne les 2 nouvelles balades sur le site/appli', 1),
(529, 54, 20, 45, 'debugs et améliorations', 1),
(530, 54, 22, 45, 'trouver 1 algo de classification', 1),
(531, 54, 22, 45, 'taux d\'erreur < 50% ', 1),
(532, 54, 55, 45, 's\'approprier la méthode (Eric et Yacine)', 1),
(533, 54, 55, 45, 'intégrer les WS Argos', 1),
(534, 57, 20, 45, 'faire évoluer le thesaurus', 5),
(535, 57, 20, 45, 'gestionnaires des unités', 5),
(536, 57, NULL, 45, 'publier l\'appli avec l\'aide', 5),
(537, 57, 2, 45, 'finir les évolutions', 5),
(538, 57, 2, 45, 'finaliser la phase 1 de l\'atlas', 5),
(539, 57, 15, 45, 'avancer sur les traductions', 5),
(540, 57, 3, 45, 'démarrage de la balade Mont St Michel', 5),
(541, 57, 22, 45, 'vue résultat qui fonctionne avec une BD', 5),
(542, 57, 22, 45, 'trouver les meilleurs paramètres avec une meilleure précision (90%)', 5),
(543, 57, 4, 45, 'finir rapport Antoine', 5),
(544, 57, 4, 45, 'améliorer l\'interface de validation', 5),
(545, 59, 20, 45, 'être prêt pour la mission thésaurus', 1),
(546, 59, 15, 45, 'traduire les pieds de pages', 1),
(547, 59, 4, 45, 'etre pret pour la démo au Maroc', 1),
(548, 59, 10, 45, 'préparer mise en prod ecwp', 3),
(549, 59, 3, 45, 'référencement', 3),
(550, 59, 22, 45, 'finir le rapport', 1),
(551, 61, NULL, 45, 'Finalisation de la gestion des observations sur le serveur (sans graphisme).', 5),
(552, 61, 15, 45, 'Traduire relais et actions', 5),
(553, 61, 2, 45, 'Mise en production des corrections', 5),
(554, 61, 21, 45, 'Corriger tous les bugs', 5),
(555, 61, 1, 45, 'Finir la proposition', 5),
(556, 61, 4, 45, 'Validation des échantillons', 5),
(557, 61, 4, 45, 'Migration vers BootStrap 3.', 5),
(558, 61, 20, 45, 'Prise en charge des images dans le thésaurus', 5),
(559, 61, 20, 45, 'Finir le nouveau gestionnaire des modèles', 5),
(560, 61, 55, 45, 'Finir l\'import GSM', 5),
(561, 62, NULL, 45, 'Finaliser la communication mobile / web', 3),
(562, 62, 2, 45, 'Mise en production', 1),
(563, 62, 21, 45, 'Proposition commerciale', 1),
(564, 62, 4, 45, 'Validation des échantillons', 3),
(565, 62, 16, 45, 'Gestion des fieldsets pour le wizard/stepper', 1),
(566, 62, 55, 45, 'Refonte import + Map / Finir l\'import GSM ?/', 3),
(567, 63, 20, 45, 'Faire la traduction du thésaurus', 1),
(568, 63, 20, 45, 'Création d\'un module Thesaurus Picker JQuery', 1),
(569, 63, NULL, 45, 'Faire un prototype de jeu', 3),
(570, 63, 15, 45, 'Néant', 5),
(571, 63, 2, 45, 'Corriger le bug d\'import', 3),
(572, 63, 2, 45, 'Corriger le bug de photo', 3),
(573, 63, 4, 45, 'Intégrer l\'autocomplete Treeview dans le FormBuilder', 1),
(574, 63, 4, 45, 'Transmission Gérald', 1),
(575, 63, 10, 45, 'Rush démo', 1),
(576, 63, 3, 45, 'Générer de nouvelles fiches balades', 5),
(577, 63, 22, 45, 'Néant', 5),
(578, 63, 65, 45, 'Proposer le nom et 3 propositions', 3),
(579, 63, 21, 45, 'Publier', 5),
(580, 64, NULL, 45, 'faire 1 version demontrable du jeu', 3),
(581, 64, 45, 45, 'remonter les données + page d\'accueil', 3),
(582, 64, 45, 45, 'débugger l\'import', 1),
(583, 64, NULL, 45, 'être autonome sur le backend (GT)', 1),
(584, 64, NULL, 45, 'faire la page liste d\'échantillons', 3),
(585, 64, 20, 45, 'perfectionnement thesaurus + version ecorelevé', 1),
(586, 64, 3, 45, 'ajout de POI', 3),
(587, 64, 65, 45, 'trouver le nom de projet', 1),
(588, 64, 55, 45, 'préparation démo', 1),
(589, 64, 16, 45, 'Gestion des champs pré-configurés', 1),
(590, 66, 20, 45, 'Conversion des WS en WCF', 3),
(591, 66, 20, 45, 'Modification de la page type.aspx', 3),
(592, 66, 20, 45, 'Mise à jour au Kazakhstan', 1),
(593, 66, NULL, 45, 'Validation des règles', 3),
(594, 66, 2, 45, 'Finir les référentiels', 1),
(595, 66, 2, 45, 'Finir l\'encyclopédie', 1),
(596, 66, 2, 45, 'Finir la modification du plan', 1),
(597, 66, 4, 45, 'Raccorder le front au nouveau back', 1),
(598, 66, 10, 45, 'Transmission de connaissances', 1),
(599, 66, 10, 45, 'Finir le Refactoring', 3),
(600, 66, 3, 45, 'Finir les cartes postales', 3),
(601, 66, 3, 45, 'Finir les 5 ecoBalades', 1),
(602, 66, 3, 45, 'Refaire la carte du Mont Faron', 1),
(603, 66, 3, 45, 'Finir le référencement des 3 ecoBalades', 1),
(604, 66, 16, 45, 'Traduction des labels', 1),
(605, 66, 16, 45, 'Validation du nouveau modèle de données', 1),
(606, 68, 20, 45, 'Finir l\'intégration des icônes à la police', 3),
(607, 68, 13, 45, 'Finir la préparation de la démo', 1),
(608, 68, 13, 45, 'Faire la démo', 1),
(609, 68, 1, 45, 'Finir l\'AO Brière', 1),
(610, 68, 4, 45, 'Finir l\'intégration des icônes à la police', 3),
(611, 68, 2, 45, 'Finir le glossaire', 1),
(612, 68, 10, 45, 'Finir les saisies manuelles', 1),
(613, 68, 10, 45, 'Préparer la démonstration', 1),
(614, 68, 3, 45, 'Création du nouveau logo et du splashscreen', 1),
(615, 68, 3, 45, 'Création d\'une nouvelle ecoBalade Web', 1),
(616, 68, 3, 45, 'Création d\'une newsletter', 1),
(617, 68, 3, 45, 'Finir les cartes postales', 1),
(618, 68, 3, 45, 'Finir les écussons', 1),
(619, 68, 3, 45, 'Finir la pop-up', 1),
(620, 68, NULL, 45, 'Terminer les règles', 3),
(621, 69, 3, 45, 'avoir 2 nouvelles balades', 1),
(622, 69, 3, 45, '1 nouvelle identité visuelle', 1),
(623, 69, 13, 45, 'intégrer la grille et la fiche espèces', 1),
(624, 69, 45, 45, 'mettre en production', 3),
(625, 69, NULL, 45, 'remonter les 240 espèces sur le web', 1),
(626, 69, 12, 45, 'faire le zonning', 1),
(627, 69, 12, 45, 'faire les illustrations (V1)', 3),
(628, 69, 16, 45, 'avoir une release', 3),
(629, 69, NULL, 45, 'debug des retours de l\'équipe RENECO', 3),
(630, 70, 20, 45, 'Corriger les bugs de securite', 5),
(631, 70, 20, 45, 'Finaliser le thésaurus', 5),
(632, 70, 20, 45, 'Terminer la reprise des règles', 5),
(633, 70, 12, 45, 'Valider la maquette', 5),
(634, 70, NULL, 45, 'Tester les règles à partir du mobile', 5),
(635, 70, 2, 45, 'Mise en production', 5),
(636, 70, 4, 45, 'Intégration de TL au projet', 5),
(637, 70, 4, 45, 'Modification du mode display', 5),
(638, 70, 10, 45, 'Corriger les bugs juqu\'à 90%.', 5),
(639, 70, 3, 45, 'Créer une nouvelle ecoBalade', 5),
(640, 70, 3, 45, 'Amélioration du back', 5),
(641, 70, 3, 45, 'Optimisation du site', 5),
(642, 70, 3, 45, 'Mise à niveau (GF)', 5),
(643, 70, 16, 45, 'Création d\'un WebService pour exposer les champs liés de TRACK', 5),
(644, 70, 13, 45, 'Faire une version alpha sur mobile', 5),
(645, 73, 45, 45, 'Debug ( dernières fonctionnalités)', 1),
(646, 73, 45, 45, 'préparation prochain bon', 1),
(647, 73, NULL, 45, 'repondre à l\'AO', 1),
(648, 73, NULL, 45, 'Modifier la connexion utilisateur', 1),
(649, 73, 12, 45, 'Mettre en ligne le site', 1),
(650, 73, 12, 45, 'avoir un flyer', 1),
(651, 73, 13, 45, 'terminer l\'UI', 3),
(652, 73, 3, 45, 'Debug (responsive + url)', 1),
(653, 73, 3, 45, 'faire la balade (backoffice) Volone/Cap sizun', 3),
(654, 73, 3, 45, 'terminer le dossier de présentation', 3),
(655, 73, 4, 45, 'Améliorer l\'interface', 1),
(656, 73, 4, 45, 'prendre en compte les champs liées', 1),
(657, 73, 4, 45, 'faire la validation des échantillons', 1),
(658, 73, 20, 45, 'gestion des logs dans le thesaurus', 3),
(659, 73, 20, 45, 'passage de la cession de statique a dynamique', 1),
(660, 73, 16, 45, 'avoir une page d\'accueil', 3),
(661, 73, 55, 45, 'corriger les bugs de la démo', 3),
(662, 73, 55, 45, 'préparer un modèle pour Biotope', 1),
(663, 73, 55, 45, 'intégrer le thésaurus version taxref', 1),
(664, 73, 55, 45, 'continuer le debug', 1),
(665, 74, 4, 45, 'réconciliation modules js', 1),
(666, 74, 55, 45, 'nouveau modèle', 1),
(667, 74, 55, 45, 'module de visu', 1),
(668, 74, 55, 45, 'finir les corrections démo', 3),
(669, 74, 55, 45, 'refactorer stations et protos', 3),
(670, 74, NULL, 45, 'avoir une version fonctionelle (hors texte et badges) ', 3),
(671, 74, 13, 45, 'Mise en place des options', 1),
(672, 74, 12, 45, 'Caler l\'animation', 3),
(673, 74, 45, 45, 'Corriger les bugs', 3),
(674, 74, 45, 45, 'reprise de données taxonomiques', 1),
(675, 74, 16, 45, 'Définir une page d\'accueil commune aux applications Reneco', 3),
(676, 75, 4, 45, 'Planifier la mission', 3),
(677, 75, 55, 45, 'Démo Ovh', 3),
(678, 75, 55, 45, 'Backend Stations', 3),
(679, 75, NULL, 45, 'version démo', 5),
(680, 75, 13, 45, 'Push & pull pour Shake', 1),
(681, 75, 12, 45, 'Module balade', 1),
(682, 75, 12, 45, 'module  taxon', 3),
(683, 75, 15, 45, 'faire un devis', 1),
(684, 75, 45, 45, 'finir le debug', 3),
(685, 76, NULL, 45, 'Avoir une version mobile demoable', 1),
(686, 76, 3, 45, 'finir 1 ecobalade Aix (S)', 1),
(687, 76, 3, 45, 'faire 2 balades du Nord (J).', 1),
(688, 76, 3, 45, 'Vérifier Valabre (L).', 1),
(689, 76, 3, 45, 'Mettre à jour le fichier contacts (G)', 1),
(690, 76, 3, 45, 'intégrer la saisonnalité (DP)', 1),
(691, 76, 4, 45, 'intégrer datepicker', 1),
(692, 76, 4, 45, 'intégrer thesaurus', 3),
(693, 76, 4, 45, 'communication Track', 1),
(694, 76, 16, 45, 'order des champs', 1),
(695, 76, 13, 45, 'Avoir un swipe fonctionnel', 3),
(696, 76, 20, 45, 'deployer une nouvelle version', 1),
(697, 76, 20, 45, 'implémenter la nouvelle gestion d\'images', 1),
(698, 76, 55, 45, 'Finir refact manual entry', 3),
(699, 77, 3, 45, 'finir l\'ecoBalade Aix2', 5),
(700, 77, 3, 45, 'finir l\'ecoBalade du Nord', 5),
(701, 77, 3, 45, 'mise à jour des balades existantes', 5),
(702, 77, 3, 45, 'faire le zoning de la page balade', 5),
(703, 77, 3, 45, 'finir le WS de liste de balades', 5),
(704, 77, 3, 45, 'finir design liste de balades', 5),
(705, 77, 3, 45, 'améliorer la gestion des images', 5),
(706, 77, 2, 45, 'se débarrasser des bugs', 5),
(707, 77, 16, 45, 'corriger les bugs recensés', 5),
(708, 77, 13, 45, 'gérer le mode déconnecté phase 1', 5),
(709, 77, 10, 45, 'finaliser le module input', 5),
(710, 77, 10, 45, 'intégration du formBuilder', 5),
(711, 77, 5, 45, 'améliorer la détection IR avec prise de photo', 5),
(712, 77, 4, 45, 'préparer la mission', 5),
(713, 77, 20, 45, 'avoir une version de TRACK fonctionnelle pour David +serveur 2008', 5),
(714, 77, 20, 45, 'immersion David projets Reneco', 5),
(715, 77, 20, 45, 'finir la phase 1 des corrections des maquettes du portail', 5),
(716, 78, 20, 45, 'finir les traductions', 3),
(717, 78, 20, 45, 'nettoyage du git thesaurus', 1),
(718, 78, 20, 45, 'régler les bugs résiduels du thesaurus Renecore', 1),
(719, 78, 20, 45, 'faire les 3 revues de code (thesaurus, formbuilder, securite)', 1),
(720, 78, 20, 45, 'finir le refactoring de TLog', 1),
(721, 78, 20, 45, 'régler le problème des positions KZ et autres sites.', 1),
(722, 78, 13, 45, 'finaliser le profil', 1),
(723, 78, 2, 45, 'traiter les retours clients', 3),
(724, 78, 10, 45, 'finir le style guide', 1),
(725, 78, 10, 45, 'finir le module d\'input', 1),
(726, 78, 9, 45, 'première proposition de maquette', 3),
(727, 78, 3, 45, 'finir le dossier de présentation', 1),
(728, 78, 3, 45, 'faire l\'atelier d\'animation', 1),
(729, 78, 3, 45, 'finir le fold Presse on en parle', 1),
(730, 78, 3, 45, 'remplir les champs de saisonnalité balade du Nord', 1),
(731, 78, 3, 45, 'mise à jour des balades d\'Aix', 1),
(732, 78, 3, 45, 'balades par web service en test', 3),
(733, 78, 3, 45, 'publier la nouvelle version', 3),
(734, 78, NULL, 45, 'correction de la géoloc sur la version en cours', 3),
(735, 78, 16, 45, 'proposer une solution de gestion multi-app', 1),
(736, 78, 16, 45, 'finir correction de bug 2/3 minimum', 1),
(737, 78, 5, 45, 'avoir une base de données Json de photos', 1),
(738, 78, NULL, 45, 'déterminer l\'architecture du portail', 1),
(739, 79, 20, 45, 'Terminer la gestion des fichiers en base', 1),
(740, 79, 20, 45, 'Implémenter la gestion des images du portail dans Securité', 1),
(741, 79, 20, 45, 'Finir de corriger les bugs Thésaurus', 1),
(742, 79, 12, 45, 'Mettre à jour Carcasse', 3),
(743, 79, 12, 45, 'Mettre en place la stratégie SEO', 1),
(744, 79, 13, 45, 'Former Elodie', 1),
(745, 79, 2, 45, 'Traiter les retours clients', 1),
(746, 79, 10, 45, 'Préparer la mission NARC', 1),
(747, 79, 10, 45, 'Debugguer et configurer la saisie', 3),
(748, 79, 9, 45, 'Validation des maquettes', 1),
(749, 79, 9, 45, 'Construire la bdd mission', 3),
(750, 79, 3, 45, 'Faire la Roadmap ecoBalade V2.0 ', 1),
(751, 79, 3, 45, 'Booster SEO', 1),
(752, 79, 3, 45, 'Rédiger un article', 1),
(753, 79, 3, 45, 'Balade avec WebService en test', 1),
(754, 79, 3, 45, 'Publier les 4 balades', 3),
(755, 79, 3, 45, 'Préparation pour les Alpes', 3),
(756, 79, 16, 45, 'Intégrer les pages d\'accueil', 3),
(757, 79, 5, 45, 'Refactoring de l\'application BackBone', 1),
(758, 79, 5, 45, 'Avoir la détection UltraSons', 1),
(759, 79, NULL, 45, 'Création d\'un proto de connexion avec la gestion des tokens', 3),
(760, 79, NULL, 45, 'Déployer sur OVH', 3),
(761, 79, 4, 45, 'Finir la gestion des sujets', 1),
(762, 79, 4, 45, 'Finir la conf de l\'interface', 1),
(763, 80, 20, 45, 'Gestion correcte de sessions', 1),
(764, 80, 3, 45, 'VG : faire une première version de la maquette de la page balade', 1),
(765, 80, 3, 45, 'avoir la saisonnalité sur mobile', 1),
(766, 80, 3, 45, 'GF : publier les 4 nouvelles balades', 1),
(767, 80, 3, 45, 'JD : url dans les Offices de Tourisme', 1),
(768, 80, 3, 45, 'LC : Définir les milieux montagne', 1),
(769, 80, 3, 45, 'SM : SEO et contacts Ardèche', 1),
(770, 80, 4, 45, 'avoir une version OVH pour demo NARC', 1),
(771, 80, 4, 45, 'finalisation de la gestion de sujets', 1),
(772, 80, 13, 45, 'avoir la béta', 1),
(773, 80, 9, 45, 'Créer la base de données et les webservices', 3),
(774, 80, 12, 45, 'implémenter le modèle taxon', 3),
(775, 80, 36, 45, 'initier l\'application', 1),
(776, 80, 15, 45, 'faire le module d\'export + améliorer les perfs', 3),
(777, 80, 5, 45, 'Créer la base de données Sqlite + intégration de Marionnette Js', 3),
(778, 80, 16, 45, 'terminer les modifications graphiques + modal', 1),
(779, 80, 55, 45, 'améliorations module import', 1),
(780, 80, 55, 45, 'préparer démo AO ( config stations et protocoles) ', 3),
(781, 81, 15, 45, 'Résoudre problème encodage des photos ', 3),
(782, 81, 3, 45, 'Préparer balade Queyras', 3),
(783, 81, 3, 45, 'Remplir les infos pratiques de Paris', 3),
(784, 81, 3, 45, 'Optimiser performances des web services', 3),
(785, 81, 3, 45, 'Faire CVLA Gardane / Hyère', 3),
(786, 81, 3, 45, 'Créer les alias manquants', 1),
(787, 81, 36, 45, 'prototype fonctionnel version 1 ', 1),
(788, 81, 20, 45, 'Avoir tous les sites propres', 1),
(789, 81, 16, 45, 'Mémoire ', 1),
(790, 81, 16, 45, 'Intégrations maquette', 1),
(791, 81, 9, 45, 'Faire le workflow mission', 1),
(792, 81, NULL, 45, 'Back fonctionnel avec SQLAlchemy', 1),
(793, 82, 3, 45, 'Publier en test les WS - GB ', 1),
(794, 82, 3, 45, 'Faire la doc sur les stores - GF', 1),
(795, 82, 3, 45, 'Finir les alias - DP', 1),
(796, 82, 3, 45, 'Clef de détermination 90 fiches espèces - JD', 1),
(797, 82, 3, 45, 'Faire la balade de la Vanoise (50 fiches espèces) - LC', 1),
(798, 82, 36, 45, 'Faire tous les écrans de l\'application CV', 1),
(799, 82, 36, 45, 'Afficher un itinéraire et son détail CV GB', 1),
(800, 82, 36, 45, 'Faire le fond carto GB', 1),
(801, 82, 15, 45, 'Résoudre le problème d\'encodage - DP', 1),
(802, 82, 13, 45, 'Faire tester les utilisateurs', 1),
(803, 82, 13, 45, 'Finir l\'aide - EP', 1),
(804, 82, NULL, 45, 'Finalisation (hors .net) - MJ', 1),
(805, 82, 10, 45, 'Debug Missour', 1),
(806, 82, 10, 45, 'Workflow station - MJ', 1),
(807, 82, 5, 45, 'Intégration de Marionette', 1),
(808, 82, 4, 45, 'Finalisation de l\'interface ', 1),
(809, 82, 4, 45, 'Export csv', 1),
(810, 82, 4, 45, 'Export track', 1),
(811, 82, 20, 45, 'Faire fonctionner sur les tous les navigateurs DL', 1),
(812, 82, 20, 45, 'Améliorer les performances base de données DL', 3),
(813, 82, 20, 45, 'Initier le thesaurus multilangue TL', 3),
(814, 82, 20, 45, 'Avoir des wireframes pour l\'expérience de track v2 EP', 3),
(815, 82, 20, 45, 'Améliorer le générateur de post-it TL', 1),
(816, 82, NULL, 45, 'Avoir un FB fonctionnel en local et le serveur 2008 et OVH à jour DL', 1),
(817, 83, 3, 45, 'Finir CVLA-EB/ Lac de Ste Anne', 1),
(818, 83, 3, 45, 'RoadMap ', 1),
(819, 83, 3, 45, 'bouton Post picture', 1),
(820, 83, 15, 45, 'Finir Biolit', 3),
(821, 83, 10, 45, 'Manual Entry Fini', 1),
(822, 83, 10, 45, 'Invididual tri', 1),
(823, 83, 10, 45, 'Station visu', 1),
(824, 83, 5, 45, 'Gallery photos OP', 1),
(825, 83, 5, 45, 'détails avec fiche espèce', 1),
(826, 83, 4, 45, 'Event auto sur Sample', 1),
(827, 83, 4, 45, 'Finaliser import/export', 3),
(828, 83, 20, 45, 'Initier Thesaurus multilingue', 1),
(829, 83, 20, 45, 'Intégrer Portail d\'appli', 1),
(830, 83, NULL, 45, 'Intégration propriété des champs', 1),
(831, 84, 3, 45, 'Finir balade de Paris (SM)  ', 5),
(832, 84, 3, 45, 'Corriger les webservices (DP)', 5),
(833, 84, 15, 45, 'Mise en production', 5),
(834, 84, 4, 45, 'Fichiers joints,fin de l\'import, icones, date editor (BBForm)', 5),
(835, 84, 55, 45, 'finir les individus, intégration css (manual entry)', 5),
(836, 84, 20, 45, 'finaliser le back-office multilingue', 5),
(837, 84, 20, 45, 'finir l\'intégration du portail d\'applications', 5),
(838, 84, 20, 45, 'terminer la phase 2 du module d\'administration', 5),
(839, 84, 16, 45, 'FB partiel pour ecorelevé', 5),
(840, 84, 16, 45, 'Finalisation pour les features non implémentées', 5),
(841, 84, 16, 45, 'Gestion correction des proprietés spécifiques des champs', 5),
(842, 84, 36, 45, 'finir le prototype', 5),
(843, 86, 1, 45, 'Postuler dans les temps aux AOs', 1),
(844, 86, 15, 45, 'Mise en place de l\'export complet', 1),
(845, 86, NULL, 45, 'Terminer la gestion des utilisateurs et des roles', 1),
(846, 86, NULL, 45, 'Finir la gestion des multi-instances', 1),
(847, 86, NULL, 45, 'Créer le protocole Equipement Sensor', 1),
(848, 86, NULL, 45, 'Faire la démo OVH', 1),
(849, 86, NULL, 45, 'Intégrer les sites monitorés', 1),
(850, 86, 13, 45, 'Proposer un apk avec filtres simple/avancé mis à jour et correction du bug.', 3),
(851, 86, 45, 45, 'Chiffrer la fonctionnalité supplémentaire', 1),
(852, 86, 3, 45, 'Publier la version avec les webservices', 3),
(853, 86, 3, 45, 'Finaliser l\'AO Queyras', 1),
(854, 86, 20, 45, 'Concevoir les 3 dashboards d\'activité', 3),
(855, 86, 20, 45, 'Définir la méthodo pour le projet TRACK2', 3),
(856, 86, 20, 45, 'Installer le portail d\'application sur renecore', 3),
(857, 86, 20, 45, 'Recette Thésaurus et portail', 1),
(858, 86, 20, 45, 'Supprimer la machinerie liée à date de mort', 1),
(859, 86, 5, 45, 'Faire le cahier des charges', 3),
(860, 86, 5, 45, 'Faire les tests fonctionnels lors de la sortie terrain', 3),
(861, 86, 9, 45, 'Avoir une jolie app pour la démo', 3),
(862, 86, 9, 45, 'Générer l\'auth', 3),
(863, 86, 16, 45, 'Avoir un formbuilder montrable pour la démo d\'Olivier', 1);
INSERT INTO `objectif` (`id`, `id_Sprint`, `id_Projet`, `id_Employe`, `objectif`, `id_StatutObjectif`) VALUES
(864, 87, 4, 45, 'Finalisation Import/export avec Excel (openXML).', 1),
(865, 87, 4, 45, 'NavBar.', 1),
(866, 87, 4, 45, 'Déploiement OVH => Veto + entomo. ', 3),
(867, 87, 4, 45, 'Réconciliation module avec ERD', 3),
(868, 87, NULL, 45, 'Développement de l\'outil release', 3),
(869, 87, NULL, 45, 'Refonte de la validation des données sensor.', 3),
(870, 87, NULL, 45, 'Gestion de tous les editors. ', 3),
(871, 87, NULL, 45, 'Gestion de tous les protocoles ecoRelevé.', 1),
(872, 87, 13, 45, 'Envoyer l\'APK ', 1),
(873, 87, 45, 45, 'Créer les titres de l\'encyclopédie', 3),
(874, 87, 45, 45, 'Mise à jour du tableau de bord sans complétude.', 3),
(875, 87, 3, 45, 'Publier en test sur IOS', 1),
(876, 87, 3, 45, 'Sécuriser les WebServices', 3),
(877, 87, 3, 45, 'Valider le zoning de la page Pro.', 3),
(878, 87, 3, 45, 'Finir les google maps', 3),
(879, 87, 3, 45, 'Valider la page balade', 3),
(880, 87, 20, 45, 'Avoir un track opérationnel pour la mission', 1),
(881, 87, 20, 45, 'L\'application sécurité fonctionne avec le portail.', 1),
(882, 87, 20, 45, 'L\'application Thésaurus fonctionne avec le portail', 3),
(883, 87, 5, 45, 'Avoir un cahier des charges', 1),
(884, 87, 5, 45, 'Avoir une planification pour le crowdfunding', 1),
(885, 87, 9, 45, 'Démo', 1),
(886, 87, 9, 45, 'Envoyer les Obs avec authentification (fonctionnalités et UI).', 1),
(887, 87, 36, 45, 'Chiffrer la finalisation de l\'appli', 1),
(888, 87, 16, 45, 'Trier les champs dans le bon ordre', 1),
(889, 87, 9, 45, 'Démo', 1),
(890, 90, 3, 45, 'Finir la phase 3 des crédits photo', 3),
(891, 90, 20, 45, 'Reprise de l\'interface de Thésaurus', 1),
(892, 90, 20, 45, 'Intégrer la notion d\'ordre pour le Thésaurus', 3),
(893, 90, 1, 45, 'Choix d\'une solution technique', 3),
(894, 90, 9, 45, 'Gestion du déconnecté', 1),
(895, 90, 13, 45, 'Préparation de la démo', 1),
(896, 90, NULL, 45, 'Finir le projet', 1),
(897, 90, NULL, 45, 'Facturer le projet', 3),
(898, 90, NULL, 45, 'Prendre l\'apéro', 1),
(899, 90, 45, 45, 'Faire les requêtes', 3),
(900, 111, 20, 45, 'appliquer tous les retours sur la maquette des statistiques (thesaurus)', 1),
(901, 111, NULL, 45, 'intégrer l\'édition d\'un terme thésaural', 3),
(902, 111, 55, 45, 'démarrer le projet Bonna : maquette et environnement de dev. ', 1),
(903, 111, 55, 45, 'intégrer JV au support', 1),
(904, 111, 55, 45, 'intégrer Ag-grid dans import/export et validation', 1),
(905, 111, 55, 45, 'correction des bugs de la démo et du support', 1),
(906, 111, 55, 45, 'faire un devis à Airele', 1),
(907, 111, 31, 45, 'créer la grille d\'évaluation pour les interviews', 1),
(908, 111, 31, 45, 'passer les entretiens', 3),
(909, 111, 31, 45, 'faire le devis maintenance / hébergement', 1),
(910, 111, 3, 45, 'faire la balade de Luxeuil les Bains (SM)', 1),
(911, 111, 3, 45, 's\'occuper des étudiants du G4.', 1),
(912, 111, 3, 45, 'amélioration des commentaires.', 3),
(913, 111, NULL, 45, 'Finaliser l\'administration des clusters', 5),
(914, 111, 13, 45, 'démarrer la fonctionnalité  espèce de la semaine.', 1),
(915, 112, 13, 45, 'finir la fonctionnalité espèce de la semaine', 1),
(916, 112, 9, 45, 'support', 1),
(917, 112, NULL, 45, 'permettre l\'ajout d\'un subcluster', 3),
(918, 112, 30, 45, 'créer des types de contenus', 3),
(919, 112, 30, 45, 'télécharger une balade', 1),
(920, 112, NULL, 45, 'intégration de la consultation et l\'édition interne.', 1),
(921, 112, NULL, 45, 'terminer la version de présentation pour la mission', 3),
(922, 112, NULL, 45, 'avoir une maquette du context-switcher', 1),
(923, 112, 20, 45, 'mettre à jour UZ.', 4),
(924, 112, NULL, 45, 'créer les derniers scripts de mise à jour de track.', 3),
(925, 112, NULL, 45, 'finir les améliorations', 1),
(926, 112, 3, 45, 'ajouter des champs de localisation (web)', 1),
(927, 112, 3, 45, 'finaliser l\'intégration de la page pro.', 3),
(928, 112, 31, 45, 'début d\'intégration d\'une landing page.', 4),
(929, 112, 55, 45, 'isofonctionnalité du module grid avec Ag-grid', 1),
(930, 112, 55, 45, 'refact de la navbar  et des protocoles', 3),
(931, 112, 55, 45, 'intégration de la maquette des individus', 1),
(932, 112, 55, 45, 'améliorations des sous-formulaires', 1),
(933, 112, 55, 45, 'envoyer le compte-rendu de RENECO', 1),
(934, 112, NULL, 45, 'intégrer les textes sur le site végétalisons Paris', 1),
(935, 112, NULL, 45, 'intégrer les mots clés', 1),
(936, 112, NULL, 45, 'terminer de tester le site', 1),
(937, 112, 8, 45, 'initialiser le projet', 1),
(938, 113, 13, 45, 'Faire une démo de qualité  (VB-CV). ', 3),
(939, 113, 13, 45, 'Faire l\'historique des communes (VB). ', 1),
(940, 113, 13, 45, 'Mettre l\'application à jour sur les stores (VB-CV).', 3),
(941, 113, NULL, 45, 'Mettre en ligne l\'application d\'administration des devices (VB-MJ). ', 1),
(942, 113, 30, 45, 'Mettre à jour les données embarquées (VB).', 1),
(943, 113, 30, 45, 'Localiser un utilisateur sur Android avec le plugin Background Geolocation (CV). ', 1),
(944, 113, NULL, 45, 'Finir les protos par url (MJ). ', 3),
(945, 113, 67, 45, 'Intégrer les maquettes : pages création et statistiques (DP).', 3),
(946, 113, 67, 45, 'Faire la page création enfant (VG).', 1),
(947, 113, 67, 45, 'Faire la HP (VG).', 1),
(948, 113, 67, 45, 'Faire la page création de lot (VG).', 1),
(949, 113, 1, 45, 'Faire le devis Nature France (DP). ', 1),
(950, 113, 1, 45, 'Faire le devis Kedge (DP).', 1),
(951, 113, NULL, 45, 'Routes fonctionnelles (web services) sur le Back en local (JV). ', 1),
(952, 113, NULL, 45, 'gestion des affaires (front).', 1),
(953, 114, 55, 45, 'prépa centralisation', 1),
(954, 114, 55, 45, 'fix de bugs de la branche development. ', 3),
(955, 114, 55, 45, 'Ag-grid : sous-forms en grille.', 3),
(956, 114, 55, 45, 'Ag-grid : intégrer le filtre', 3),
(957, 114, 55, 45, 'recette complète', 3),
(958, 114, 55, 45, 'étudier la réplication de fusion', 1),
(959, 114, NULL, 45, 'intégration affaires et observations', 1),
(960, 114, NULL, 45, 'tests de synchronisation', 3),
(961, 114, 67, 45, 'Amélioration des sps', 3),
(962, 114, 67, 45, 'préparation des données de la page d\'accueil', 3),
(963, 114, 67, 45, 'création des contraintes en base', 3),
(964, 114, 67, 45, 'vérification des unicités', 3),
(965, 114, 67, 45, 'implémentation de la gestion des droits et de la sécurité', 1),
(966, 114, 16, 45, 'Finir l\'implémentation de l\'application', 1),
(967, 114, 16, 45, 'Création des inputs manquants', 1),
(968, 114, 16, 45, 'modification de la page d\'accueil', 1),
(969, 114, 16, 45, 'refonte de la page prop de formulaires', 1),
(970, 114, 16, 45, 'Vérification des scripts SQL pour les référentiels', 3),
(971, 114, 16, 45, 'Vérification de la compatibilité avec TRACK et ecoRelevé', 3),
(972, 114, 16, 45, 'Test sur le serveur 2008', 3),
(973, 114, NULL, 45, 'préparer la mission', 1),
(974, 114, NULL, 45, 'Finalisation du contrat', 1),
(975, 114, NULL, 45, 'Correction des derniers bugs de la console', 1),
(976, 114, NULL, 45, 'Recette console', 1),
(977, 114, NULL, 45, 'Outils et méthodes pour construire l\'expérience Map', 1),
(978, 114, NULL, 45, 'faire un personna métier (pour Reneco)', 1),
(979, 114, NULL, 45, 'Newsletter Reneco', 3),
(980, 114, 3, 45, 'Suivre le travail pour les étudiants de G4 ', 1),
(981, 114, 3, 45, 'SEO page pro', 1),
(982, 114, 13, 45, 'mettre en prod la version de test', 1),
(983, 114, 13, 45, 'finaliser l\'aide', 3),
(984, 114, NULL, 45, 'finir l\'admin des devices', 3),
(985, 114, 30, 45, 'Créer des types de contenus', 1),
(986, 114, 30, 45, 'Poursuite travail géoloc sur android', 3),
(987, 114, 30, 45, 'Enjoliver l\'application', 3),
(988, 114, 30, 45, 'Retours clients maquettes application mobile', 3),
(989, 114, NULL, 45, 'création des maquettes', 1),
(990, 114, NULL, 45, 'créer le site web', 1),
(991, 114, 45, 45, 'donner les droits d\'admin à VR', 1),
(992, 114, 23, 45, 'Airele : préparer la réunion', 1),
(993, 114, 23, 45, 'Newsletter NS (tous les clients)', 3),
(994, 114, 23, 45, 'Dossier technique CIR.', 3),
(995, 114, 23, 45, 'feuille de temps pour CIR.', 3),
(996, 114, 23, 45, 'changer le disque SYNOLUTION', 1),
(997, 114, 23, 45, 'rendez-vous IRSTEA (organisme CEMAGREF)', 1),
(998, 114, 23, 45, 'rendez-vous Arnaud PIOLI (genouillères connectées)', 3),
(999, 114, 23, 45, 'faire signer le devis Tout a pied', 4),
(1000, 115, NULL, 45, 'développer la landing page', 1),
(1001, 115, NULL, 45, 'livrer la maquette', 1),
(1002, 115, NULL, 45, 'démarrer l\'intégration de la page d\'accueil', 3),
(1003, 115, NULL, 45, 'faire tous les retours client', 1),
(1004, 115, NULL, 45, 'faire la newsletter', 3),
(1005, 115, 55, 45, 'mise en prod centralisation', 3),
(1006, 115, 55, 45, 'mise en prod nouvelle version', 3),
(1007, 115, 55, 45, 'hotfix', 1),
(1008, 115, 55, 45, 'réunion CameraTrap', 1),
(1009, 115, 55, 45, 'mise en place de la réplication de fusion', 1),
(1010, 115, 55, 45, 'experience Map', 1),
(1011, 115, 55, 45, 'roadmap', 1),
(1012, 115, 55, 45, 'gestion des données en saison', 1),
(1013, 115, 67, 45, 'faire la V1 de la page d\'accueil', 1),
(1014, 115, 67, 45, 'gestion de l\'unicité des données en base', 1),
(1015, 115, 67, 45, 'correction icône cadenas', 3),
(1016, 115, 20, 45, 'expérience Map', 1),
(1017, 115, 20, 45, 'faire la V1 de la page d\'accueil du thesaurus', 1),
(1018, 115, NULL, 45, 'synchronisation avec le serveur', 1),
(1019, 115, NULL, 45, 'possibilité de supprimer obs, affaire, rapport', 1),
(1020, 115, 13, 45, 'mettre en prod la version de test', 1),
(1021, 115, NULL, 45, 'support', 1),
(1022, 115, 23, 45, 'AO Vigie Crue', 1),
(1023, 115, 23, 45, 'AMO Tryton', 4),
(1024, 115, 23, 45, 'KEDGE : appli ( faire un devis ).', 1),
(1025, 115, 23, 45, 'Newsletter NS (tous les clients).', 3),
(1026, 115, 23, 45, 'Dossier technique CIR', 3),
(1027, 115, 23, 45, 'feuille de temps pour CIR', 3),
(1028, 115, 23, 45, 'rendez-vous IRSTEA (organisme CEMAGREF) + Philip Roche', 1),
(1029, 115, 23, 45, 'rendez-vous Arnaud PIOLI (genouillères connectées', 1),
(1030, 115, 23, 45, 'devis Beauvais (RFID)', 3),
(1031, 115, 23, 45, 'refonte plaquette NS', 3),
(1032, 115, 23, 45, 'SEO site NS', 3),
(1033, 115, 23, 45, 'amélioration des outils ( Ptreport ).', 3),
(1034, 115, 23, 45, 'faire la maquette pour je plante un arbre. ', 1),
(1035, 116, NULL, 45, 'faire le dashbord coté serveur', 3),
(1036, 116, NULL, 45, 'traiter les retours client', 3),
(1037, 116, NULL, 45, 'faire valider et envoyer la newletter', 3),
(1038, 116, 67, 45, 'implémenter la page d\'accueil', 3),
(1039, 116, 67, 45, 'optimiser le picker de positions', 3),
(1040, 116, 20, 45, 'améliorer les outils', 3),
(1041, 116, 55, 45, 'transfert du système d\'import depuis track', 3),
(1042, 116, 55, 45, 'transférer les inputs dans ag-grid', 3),
(1043, 116, NULL, 45, 'mise en place de la centralisation au Maroc', 4),
(1044, 116, NULL, 45, 'administrer les clusters', 3),
(1045, 118, 23, 45, 'création de l\'API  appli scrum  en php, avec Silex', 3),
(1046, 118, 23, 45, 'insertion de l\'historique Scrum dans la base de données', 1),
(1047, 118, 23, 45, 'implémentation du Burndown chart', 3),
(1048, 118, 23, 45, 'implémentation des interfaces de saisie', 3),
(1049, 118, 23, 45, 'POC Taxref autocomplete', 3),
(1050, 118, 55, 45, 'finir l\'import excel', 3),
(1051, 118, 55, 45, 'finir les protocoles en grille', 3),
(1052, 118, 55, 45, 'installation du NARC', 1),
(1053, 118, 55, 45, 'réparer la demo', 1),
(1054, 118, 16, 45, 'intégrer les retours design de JFL', 1),
(1055, 118, NULL, 45, 'finir l\'intégration de l\'interface admin', 1),
(1056, 118, 20, 45, 'préparer la réunion avec Reneco', 4),
(1057, 118, 20, 45, 'implémenter les liens vers thesaurus et positions', 1),
(1058, 118, 20, 45, 'log des suppressions-insertions', 3),
(1059, 118, NULL, 45, 'implémenter l\'export de data', 4),
(1060, 118, NULL, 45, 'ajout de l\'historique dynamique', 1),
(1061, 118, 4, 45, 'reprendre le projet  installation des différentes versions', 3),
(1062, 118, 24, 45, 'installer les applications NS sur le nouveau serveur du Narc', 3),
(1063, 118, 24, 45, 'mise à jour de l\'ensemble des applications sur serveur 2008', 1),
(1064, 118, 24, 45, 'modifier le personna métier', 1),
(1065, 118, 24, 45, 'mettre au propre l\'expérience map de Track', 1),
(1066, 118, NULL, 45, 'création des nouveaux protocoles depuis Renecore', 1),
(1067, 118, NULL, 45, 'création du générateur de processus', 1),
(1068, 118, NULL, 45, 'création du validateur de scripts', 3),
(1069, 118, NULL, 45, 'finaliser l\'admin des subclusters', 1),
(1070, 118, NULL, 45, 'finaliser l\'admin des drivers', 1),
(1071, 118, 30, 45, 'intégration de la page d\'accueil', 3),
(1072, 118, 30, 45, 'fixer le processus de mise à jour Drupal', 3),
(1073, 118, 30, 45, 'Terminer la fiche ENS', 1),
(1074, 118, 30, 45, 'Gérer le déconnecté de la carte', 1),
(1075, 118, 70, 45, 'commencer le zooning', 4),
(1076, 119, 23, 45, 'implémenter l\'API pour l\'appli scrum', 1),
(1077, 119, 20, 45, 'traduction des inputs de position', 1),
(1078, 119, NULL, 45, 'console opérationnelle pour mission au Narc', 3),
(1079, 119, 55, 45, 'import excel complet avec affichage des retours de vérification de données', 3),
(1080, 119, 55, 45, 'avoir des grid-forms avec cellules fonctionnelles', 1),
(1081, 119, 55, 45, 'formulaires en grille configurables coté back', 1),
(1082, 119, 67, 45, 'corrections css', 1),
(1083, 119, 67, 45, 'finir la V1 des icones', 3),
(1084, 119, 70, 45, 'rencontrer les utilisateurs', 1),
(1085, 119, 70, 45, 'faire le début du wireframe papier de l\'application', 1),
(1086, 119, 70, 45, 'faire une version sous illustrator pour la présenter au client', 1),
(1087, 120, 67, 45, 'préparer la mission', 1),
(1088, 120, 67, 45, 'test version readonly', 3),
(1089, 120, 67, 45, 'finir les icônes (V1', 1),
(1090, 120, 55, 45, 'préparation mission et support', 1),
(1091, 120, 55, 45, 'finir le front des imports Excel', 3),
(1092, 120, NULL, 45, 'préparer la mission', 1),
(1093, 120, 20, 45, 'préparer la mission', 1),
(1094, 120, 20, 45, 'log des suppressions-insertions', 1),
(1095, 120, NULL, 45, 'console opérationnelle pour mission au Narc', 1),
(1096, 120, NULL, 45, 'l\'ordre des inputs est respecté', 3),
(1097, 120, NULL, 45, 'documenter la partie serveur', 1),
(1098, 120, NULL, 45, 'simplifier le déploiement', 1),
(1099, 120, NULL, 45, 'traduire les défauts', 3),
(1100, 120, NULL, 45, 'fixer le bug de synchro', 1),
(1101, 120, NULL, 45, 'Finaliser admin user', 1),
(1102, 120, 23, 45, 'chiffrage presta MailInBlack', 1),
(1103, 120, NULL, 45, 'convertir les tracés des ENS du format shape au format wkt', 3),
(1104, 120, NULL, 45, 'finir la carte ENS', 1),
(1105, 120, NULL, 45, 'finir l\'intégration de la page d\'accueil', 3),
(1106, 120, 70, 45, 'faire du prototype cliquable du wareframe', 1),
(1107, 120, 70, 45, 'valider le wireframe avec le client', 1),
(1108, 120, 69, 45, 'faire un prototype cliquable du wireframe', 1),
(1109, 120, 69, 45, 'présenter le wireframe au client', 3),
(1110, 121, NULL, 45, 'finalisation du système de compatibilité', 1),
(1111, 121, 55, 45, 'finir l\'import excel', 3),
(1112, 121, 55, 45, 'préparer ecorelevé core', 1),
(1113, 121, 55, 45, 'installer l\'environnement de dev linux', 3),
(1114, 121, 55, 45, 'mise à jour Reneco avant saison', 1),
(1115, 121, 16, 45, 'implémentation de la gestion des types track (partie 1', 1),
(1116, 121, 16, 45, 'refonte des sélecteurs hiérarchisés', 3),
(1117, 121, 20, 45, 'Finalisation UZ', 1),
(1118, 121, 20, 45, 'experience map', 1),
(1119, 121, 20, 45, 'initier la mise en place des événements', 3),
(1120, 121, 20, 45, 'Intégrer les icônes spécifiques aux types', 3),
(1121, 121, NULL, 45, 'faire qu\'un super-admin puisse choisir son cluster', 1),
(1122, 121, 13, 45, 'préparer l\'atelier', 1),
(1123, 121, 45, 45, 'faire le document de recommandations', 1),
(1124, 121, NULL, 45, 'Terminer l\'intégration de la HP', 1),
(1125, 121, NULL, 45, 'Intégrer carte IGN sur site web', 1),
(1126, 121, NULL, 45, 'Filtre ENS et espèces sur l\'app', 1),
(1127, 121, 70, 45, 'fournir un prototype maquette cliquable au client', 1),
(1128, 121, 69, 45, 'reprise des wireframes selon les retours client', 1),
(1129, 121, 69, 45, 'créer un prototype animé des wireframes', 1),
(1130, 122, 55, 45, 'finaliser le système d\'import', 1),
(1131, 122, 55, 45, 'initier le dépôt  core  d\'ecoreleve et le dépôt Airele', 3),
(1132, 122, 55, 45, 'nettoyer le spécifique Reneco sur le dépôt core', 3),
(1133, 122, 55, 45, 'commencer l\'intégration de la notion de projet', 1),
(1134, 122, 16, 45, 'tester l\'implémentation des types track et mise en prod', 1),
(1135, 122, 3, 45, 'ajouter la notion de dénivelé sur le site web', 1),
(1136, 122, NULL, 45, 'finir la page liste des ENS', 1),
(1137, 122, NULL, 45, 'Contacter le département de l\'Aveyron pour obtenir des nouvelles clés IGN et les tracés manquants', 1),
(1138, 122, NULL, 45, 'Prendre une photo avec Instagram', 3),
(1139, 122, NULL, 45, 'finir la fiche taxon', 3),
(1140, 122, 67, 45, 'communication formbuilder to position', 3),
(1141, 122, 67, 45, 'initier et statuer sur les évènements', 3),
(1142, 122, 69, 45, 'démarrer la maquette', 1),
(1143, 122, 69, 45, 'démarrer l\'appli mobile', 1),
(1144, 122, 13, 45, 'faire la synthèse de l\'atelier', 1),
(1145, 122, NULL, 45, 'faire les KPI', 1),
(1146, 122, 25, 45, 'Faire les wireframes fonctionnels', 1),
(1147, 122, 25, 45, 'Déployer l\'application serveur sur le serveur de démo', 1),
(1148, 122, 25, 45, 'Écrire les spécifications fonctionnelles', 1),
(1149, 122, 1, 45, 'faire le marvel pour le Cantal', 1),
(1150, 122, 70, 45, 'fournir les éléments découpés pour l\'intégration de l\'appli', 1),
(1151, 123, 20, 45, 'finaliser le document des balances', 1),
(1152, 123, 16, 45, 'finaliser le rework des inputs thésaurus et positions', 1),
(1153, 123, 16, 45, 'mise en place de l\'interface affichant les volumes de données impactés par des modifications', 1),
(1154, 123, 55, 45, 'finaliser ecorelevé core', 1),
(1155, 123, 55, 45, 'montée de version d\'Ag-grid', 1),
(1156, 123, 55, 45, 'intégrer camera-trap à la démo', 3),
(1157, 123, 69, 45, 'finir la maquette mobile + marvel', 1),
(1158, 123, 69, 45, 'avoir un starter cordova', 1),
(1159, 123, 69, 45, 'finaliser l\'intégration du concept de projet', 1),
(1160, 123, 1, 45, 'finir la maquette de l\'AO pédiatrie', 1),
(1161, 123, 1, 45, 'envoyer l\'AO', 1),
(1162, 123, 67, 45, 'implémentation de la maquette', 3),
(1163, 123, 67, 45, 'faire le lien formbuilder/position', 3),
(1164, 123, 23, 45, 'rédiger un article sur les balances connectées', 3),
(1165, 123, 23, 45, 'envoyer le cahier de charges  à ONB ( Observatoire National pou la Biodiversité', 1),
(1166, 123, 3, 45, 'rajouter la notion de dénivelé dans l\'application', 4),
(1167, 123, 5, 45, 'choix de caméra trap', 3),
(1168, 123, 5, 45, 'choix de matériel pour un produit NS', 3),
(1169, 123, 70, 45, 'faire la maquette manquante', 1),
(1170, 123, 70, 45, 'découper les icônes en plusieurs versions pour tous les écrans', 1),
(1171, 123, 70, 45, 'proposer 1 icône pour l\'application', 1),
(1172, 123, NULL, 45, 'chiffrer le devis', 1),
(1173, 123, NULL, 45, 'Finir la page ENS', 1),
(1174, 123, NULL, 45, 'Prendre une photo avec Instagram', 1),
(1175, 123, NULL, 45, 'Finir la fiche taxon', 1),
(1176, 124, 20, 45, 'finir le document des balances', 1),
(1177, 124, 20, 45, 'lancement du projet balances', 3),
(1178, 124, 20, 45, 'retours sur Taxhub', 3),
(1179, 124, 67, 45, 'implémentation de la maquette (DP', 4),
(1180, 124, 67, 45, 'traiter les retours de Sandra sur les icônes', 1),
(1181, 124, 16, 45, 'lien formbuilder/position fonctionnel', 5),
(1182, 124, 55, 45, 'commencer une v1 de la maquette de la page d\'accueil', 3),
(1183, 124, 55, 45, 'intégrer le module caméra trap à la démo', 3),
(1184, 124, 55, 45, 'fixer les bugs de la démo', 1),
(1185, 124, 23, 45, 'tests des commandes à distance du collier loup', 3),
(1186, 124, 23, 45, 'faire une réponse à Hydro-M', 1),
(1187, 124, 69, 45, 'valider la maquette mobile', 1),
(1188, 124, 69, 45, 'intégrer les vues projet', 1),
(1189, 124, 69, 45, 'démarrer la saisie d\'observation (protocole avifaune', 1),
(1190, 124, NULL, 45, 'traduire l\'application', 1),
(1191, 124, 70, 45, 'fournir le splashscreen et l’icône d\'application', 1),
(1192, 124, NULL, 45, 'faire la carte des prédictions', 4),
(1193, 124, NULL, 45, 'Finir le site web', 3),
(1194, 124, NULL, 45, 'terminer le développement de l\'application', 3),
(1195, 124, 25, 45, 'intégrer la liste des POI', 5),
(1196, 124, 80, 45, 'démarrer le projet', 1),
(1197, 125, 20, 45, 'corriger les retours sur la prod', 5),
(1198, 125, 20, 45, 'envoyer le document du projet balances', 1),
(1199, 125, 20, 45, 'initier le prototype du projet balances', 3),
(1200, 125, 55, 45, 'merge de camera trap avec la dernière branche dev', 1),
(1201, 125, 55, 45, 'merge de l\'import Excel sur la branche developpement', 5),
(1202, 125, 55, 45, 'installation d\'ecorelevé Aygalades', 3),
(1203, 125, NULL, 45, 'faire les filtres sur la carte', 1),
(1204, 125, NULL, 45, 'finir le développement de l\'application', 3),
(1205, 125, NULL, 45, 'faire la font des icônes de l\'application', 3),
(1206, 125, NULL, 45, 'Terminer la carte générale sur mobile', 3),
(1207, 125, 67, 45, 'faire une V3 des icônes', 5),
(1208, 125, 69, 45, 'commencer les wireframes de l\'appli desktop', 3),
(1209, 125, 69, 45, 'finir le login et les projets', 1),
(1210, 125, NULL, 45, 'envoyer le apk à jour', 1),
(1211, 125, 80, 45, 'traiter un maximum de demandes du devis client', 1),
(1212, 126, 80, 45, 'faire une première mise en prod', 1),
(1213, 126, 25, 45, 'lister les pois', 1),
(1214, 126, 25, 45, 'afficher le détail d\'un POI', 3),
(1215, 126, 13, 45, 'Chiffrer la v2', 1),
(1216, 126, NULL, 45, 'Afficher les prédictions sur la carte', 3),
(1217, 126, 28, 45, 'Chiffrer la plateforme pupitre (client/serveur', 1),
(1218, 126, 30, 45, 'Livrer un apk pour commencer les tests en interne', 1),
(1219, 126, 69, 45, 'initier la saisie d\'observation', 3),
(1220, 126, 69, 45, 's\'accorder sur le fonctionnement de l\'API', 3),
(1221, 126, 23, 45, 'faire la réponse LPO', 1),
(1222, 126, 23, 45, 'Devis ecorelevé espaces verts', 1),
(1223, 128, 55, 45, 'recette et correction de bugs Aygalades', 3),
(1224, 128, 55, 45, 'ajout de protocole image', 3),
(1225, 128, 55, 45, 'préparation du nouveau process de déploiement', 1),
(1226, 128, 55, 45, 'revoir les devis Reneco', 1),
(1227, 128, 67, 45, 'finir les taches du support', 3),
(1228, 128, 4, 45, 'documentation Reneco traitée', 1),
(1229, 128, 4, 45, 'avoir une première version du devis', 3),
(1230, 128, 20, 45, 'gestion des formulaires désactivée', 1),
(1231, 128, 20, 45, 'monter un proto windows de la balance', 3),
(1232, 128, 16, 45, 'mise à jour sur Renecore', 1),
(1233, 128, 16, 45, 'traiter les retours maquettes JFL SL', 1),
(1234, 128, NULL, 45, 'intégrer la gestion des utilisateurs', 1),
(1235, 128, 69, 45, 'reprendre les wireframes desktop', 3),
(1236, 128, 69, 45, 'finaliser la saisie d\'obs', 3),
(1237, 128, 69, 45, 'proposer une demo pour le client', 3),
(1238, 128, NULL, 45, 'Initier l\'application mobile et la base de données', 3),
(1239, 128, NULL, 45, 'proposition de maquette pour le site de com', 3),
(1240, 128, 28, 45, 'Réaliser le sticker pour le pupitre', 1),
(1241, 128, 28, 45, 'Préparer les maquettes pour le pupitre', 3),
(1242, 128, 13, 45, 'Préparer la refonte de l\'application', 3),
(1243, 128, NULL, 45, 'Prendre en compte de toutes les mesures d’un device dans les graphes', 1),
(1244, 128, 25, 45, 'Mettre à jour l\'interface à la connexion et à la déconnexion en utilisant le même processus', 1),
(1245, 128, 25, 45, 'Ecrire un chapitre sur Git/Github et mettre en pratique les pull request par branch', 3),
(1246, 128, 25, 45, 'Afficher les pois sur une carte en utilisant la bibliothèque LeafletJS', 1),
(1247, 128, 30, 45, 'Corriger les bugs et terminer les fonctionnalités en vue de l\'inauguration du projet', 1),
(1248, 128, 30, 45, 'mise en production', 1),
(1249, 128, 80, 45, 'Améliorer le comportement des filtres', 1),
(1250, 128, NULL, 45, 'faire fonctionner la camera trap', 1),
(1251, 128, NULL, 45, 'réponse à l\'AO ONF', 1),
(1252, 133, 4, 45, 'faire la vue import', 3),
(1253, 133, 4, 45, 'avoir les modifications/suppressions sur tous les éléments (events, samples, import', 3),
(1254, 133, 55, 45, 'Aygalades traiter les retours de recette', 1),
(1255, 133, 69, 45, 'appli refact de la partie saisie', 1),
(1256, 133, 69, 45, 'Appli gestion de l\'affichage carto (liste d\'obs, saisie', 1),
(1257, 133, 79, 45, 'Afficher les graphiques résumé séance + angle de flexion dans l\'application', 1),
(1258, 133, NULL, 45, 'Mettre en production la nouvelle version du blog', 1),
(1259, 133, NULL, 45, 'Régler proportion des éléments sur pupitre', 4),
(1260, 133, NULL, 45, 'livrer l\'API', 1),
(1261, 133, NULL, 45, 'Améliorer le multicluster', 1),
(1262, 133, 25, 45, 'Mettre en œuvre la validation par les utilisateurs', 3),
(1263, 133, NULL, 45, 'traiter les retours pour la génération de rapport', 1),
(1264, 133, 23, 45, 'rediger le rapport de stage de CL', 1),
(1265, 133, 23, 45, 'finaliser la présentation V2 de NS print', 1),
(1266, NULL, 16, 45, 'implémenter la gestion des traductions', 1),
(1267, NULL, 4, 45, 'finaliser une version entomo pour le Maroc', 3),
(1268, NULL, 4, 45, 'traiter les retours de recette', 1),
(1269, NULL, NULL, 45, 'mettre en place toutes les bases export sur Renecore', 3),
(1270, NULL, 55, 45, 'insérer les méta-données aux images', 3),
(1271, NULL, 55, 45, 'Aygalades  finaliser le projet', 1),
(1272, NULL, 55, 45, 'finir les améliorations carto (devis', 1),
(1273, NULL, 55, 45, 'stocker les informations de la photo (OCR', 3),
(1274, NULL, 20, 45, 'traiter les retours de Reneco (projet balance', 1),
(1275, NULL, 20, 45, 'présenter une possibilité de solution (lecteur RFID', 1),
(1276, NULL, 79, 45, 'dispenser une bonne formation au client', 1),
(1277, NULL, 79, 45, 'livrer une merveilleuse appli web', 1),
(1278, NULL, NULL, 45, 'publier elegament de manière privée sur google play', 3),
(1279, NULL, NULL, 45, 'livrer une excellente application admin', 1),
(1280, NULL, NULL, 45, 'livrer la magnifique mise en forme des KPI', 1),
(1281, NULL, NULL, 45, 'créer miraculeusement une instance de phénoclim sur le multisite de drupal', 3),
(1282, NULL, 13, 45, 'publier la nouvelle version de la phénoménale application Inpn Espèces', 1),
(1283, NULL, 73, 45, 'intégrer la page d\'accueil', 3),
(1284, NULL, 73, 45, 'intégrer les fonctionnalités de la page ressources', 3),
(1285, NULL, 73, 45, 'mise en ligne de la démo', 1),
(1286, NULL, 23, 45, 'formation aux outils Reneco (CL', 3),
(1287, NULL, 23, 45, 'produire une V1 du générateur de devis Reneco', 3),
(1288, NULL, 76, 45, 'rendre le site responsive (mobile', 1),
(1289, NULL, 76, 45, 'faire l\'export de données', 1),
(1290, NULL, 76, 45, 'corriger l\'affichage de résultats', 1),
(1291, NULL, 76, 45, 'mettre en prod', 1),
(1292, NULL, 69, 45, 'finir la sécurité coté app', 1),
(1293, NULL, 69, 45, 'stockage local de CdNom', 1),
(1294, 141, 4, 45, 'finir les maquettes de portail pour les différentes collections', 1),
(1295, 141, 16, 45, 'implémenter les retours de la mission Maroc', 1),
(1296, 141, NULL, 45, 'console d\'administration améliorée (refact', 1),
(1297, 141, 55, 45, 'montée de version d\'Ag-grid', 3),
(1298, 141, 55, 45, 'camera trap création et gestion de station temporaire', 1),
(1299, 141, 20, 45, 'balance  détection du raspberry-pi sur le réseau', 1),
(1300, 141, 20, 45, 'balance  validation et achat d\'un nouveau lecteur Rfid', 1),
(1301, 141, 20, 45, 'analyse du compte-rendu de l\'outil repro', 1),
(1302, 141, 20, 45, 'positions mettre à jour la font', 1),
(1303, 141, 20, 45, 'intégration de l\'ensemble des icônes et création de celles manquantes', 1),
(1304, 141, 79, 45, 'corriger le bug de date', 1),
(1305, 141, 79, 45, 'afficher tous les utilisateurs pour l\'appli admin', 1),
(1306, 141, NULL, 45, 'traduire l\'appli player web', 4),
(1307, 141, NULL, 45, 'rendre les coefficients dynamiques pour l\'appli serveur', 3),
(1308, 141, NULL, 45, 'ajouter une instance sur le site Drupal de Crea pour le projet phénoclim (en demo', 1),
(1309, 141, 73, 45, 'finaliser la page d\'accueil', 1),
(1310, 141, NULL, 45, 'modifier la page d\'accueil', 1),
(1311, 141, NULL, 45, 'designer la page d\'inscription', 1),
(1312, 141, NULL, 45, 'designer la page déclarer une plongée', 1),
(1313, 141, 76, 45, 'fixer le paramétrage du formulaire d\'inscription', 1),
(1314, 141, 69, 45, 'corriger la recherche pour les mots accentués et case sensitive', 1),
(1315, 141, 69, 45, 'affichage de la carte en plein écran', 1),
(1316, 141, 69, 45, 'edition manuelle de la position', 1),
(1317, 141, 69, 45, 'fixer le bug du gps', 1),
(1318, 142, 4, 45, 'finaliser une version de prod pour entomo', 3),
(1319, 142, 16, 45, 'implémenter l\'historisation des protocoles', 3),
(1320, 142, 55, 45, 'création du protocole photo', 5),
(1321, 142, 55, 45, 'refact de la couche ORM model pour les objets à propriétés dynamiques', 5),
(1322, 142, 55, 45, 'amélioration de l\'interface (design', 3),
(1323, 142, 20, 45, 'rédiger une première proposition d\'architecture pour l\'outil repro', 3),
(1324, 142, 20, 45, 'balance  intégration simple par les opérateurs des requêtes sql dans le raspberry-pi', 1),
(1325, 142, 20, 45, 'balance  traitement de la cohérence de données et des dates', 1),
(1326, 142, 20, 45, 'renommage d’icônes', 1),
(1327, 142, 20, 45, 'création d’icône pour  destination externe ,  incohérence de données ,  status de sortie', 3),
(1328, 142, 79, 45, 'publier sur les stores l\'application avec les indicateurs et les exercices des bilans', 3),
(1329, 142, NULL, 45, 'finaliser les applications web et pupitre', 1),
(1330, 142, NULL, 45, 'publier sur un store privé', 3),
(1331, 142, 13, 45, 'initier la V2', 3),
(1332, 142, NULL, 45, 'optimiser le backoffice', 3),
(1333, 142, NULL, 45, 'optimiser la saisie', 3),
(1334, 142, 23, 45, 'finaliser les outils  Report, post-it et devis', 1),
(1335, 142, NULL, 45, 'importer les photos de la photothèque dans le design', 1),
(1336, 142, 3, 45, 'faire une étiquette espèce', 1),
(1337, 142, 69, 45, 'implémenter l\'input taxref coté backoffice', 5),
(1338, 142, 69, 45, 'gestion de la photo', 3),
(1339, 142, 69, 45, 'modifier le workflow de saisie', 1),
(1340, 142, 18, 45, 'finir la page mes stats', 1),
(1341, 142, 18, 45, 'finir la page admin stats', 1),
(1342, 142, 18, 45, 'carte en mode heatmap', 3),
(1343, 143, 16, 45, 'terminer formbuilder V2 avec bridge', 1),
(1344, 143, 55, 45, 'création du protocole photo', 1),
(1345, 143, 55, 45, 'recette et traitement des retours camera trap', 3),
(1346, 143, 55, 45, 'maquette modification du player de position', 3),
(1347, 143, 20, 45, 'rédiger une première proposition d\'architecture pour l\'outil repro', 1),
(1348, 143, 20, 45, 'mise à jour du modèle des prop dynamiques pour l\'intégration des champs thesauraux et required', 3),
(1349, 143, 79, 45, 'livrer les exercices de proprioception', 1),
(1350, 143, 79, 45, 'traduire le site de com', 1),
(1351, 143, NULL, 45, 'traiter tous les retours du client', 1),
(1352, 143, 13, 45, 'faire une observation à partir de l\'application', 3),
(1353, 143, NULL, 45, 'terminer la version Drupal de Phénoclim', 3),
(1354, 143, 23, 45, 'mise en place de la facturation', 1),
(1355, 143, 81, 45, 'designer les écrans de l\'application', 1),
(1356, 143, 81, 45, 'fournir les ressources graphiques à Amine', 3),
(1357, 143, 81, 45, 'appairer smartphone et machine', 1),
(1358, 143, NULL, 45, 'implémenter l\'input taxref coté backoffice', 3),
(1359, 143, NULL, 45, 'mettre à jour la BD coté appli', 3),
(1360, 143, 18, 45, 'carte en mode heatmap', 1),
(1361, 144, 4, 45, 'traiter les retours des icones', 1),
(1362, 144, 4, 45, 'modification des maquettes', 1),
(1363, 144, 4, 45, 'insérer les icones dans icomoon', 3),
(1364, 144, 55, 45, 'designer les demandes liées au player position', 1),
(1365, 144, NULL, 45, 'mettre en prod la version Drupal de phenoclim', 1),
(1366, 144, NULL, 45, 'migrer le backoffice Phenoclim use le serveur AtlasMontblanc', 1),
(1367, 144, NULL, 45, 'finir la partie  optimisation de l\'interface de saisie du Backoffice', 3),
(1368, 144, 13, 45, 'envoyer une observation sans authentification à partir de l\'application mobile', 3),
(1369, 144, 81, 45, 'Intégrer le thème', 1),
(1370, 144, 73, 45, 'gérer les droits d\'accès', 3),
(1371, 144, 73, 45, 'implémenter le système de recherche pour les ressources', 3),
(1372, 144, 73, 45, 'soumettre un document', 1),
(1373, 144, 23, 45, 'mise à jour de la plaquette NS', 3),
(1374, 144, 23, 45, 'faire la réponse RainBird', 1),
(1375, 144, 23, 45, 'devis Cistude', 1),
(1376, 144, 69, 45, 'mise à jour de taxref', 1),
(1377, 144, 69, 45, 'préparer la démo avec le client', 1),
(1378, 144, 79, 45, 'designer l\'écran proprioception', 1),
(1379, 144, NULL, 45, 'designer le nouveau projet', 3),
(1380, 146, 55, 45, 'brancher l\'OCR dans le process de caméra trap', 3),
(1381, 146, 55, 45, 'mise à jour de la sweet  Alert', 1),
(1382, 146, 4, 45, 'finir de traiter les retours de recette', 1),
(1383, 146, 4, 45, 'faire l\'amélioration du list of objects', 3),
(1384, 146, 67, 45, 'finir la page d\'accueil', 3),
(1385, 146, 67, 45, 'finir la gestion des evenements', 3),
(1386, 146, 82, 45, 'intégrer le lecteur RFID sur la balance', 3),
(1387, 146, 82, 45, 'démarrer le cahier des charges pour les entreprises (schémas, matériels, prix', 1),
(1388, 146, 82, 45, 'répondre à Reneco si retour sur CR automatisation', 4),
(1389, 146, 79, 45, 'ajouter la référence genou sain', 1),
(1390, 146, NULL, 45, 'livrer les dernières fonctionnalités du devis', 1),
(1391, 146, 13, 45, 'faire le formulaire d\'envoi d\'une observation en respectant la maquette', 3),
(1392, 146, NULL, 45, 'faire la page d\'accueil du site', 1),
(1393, 146, 81, 45, 'livrer le APK', 1),
(1394, 146, 81, 45, 'fixer les bugs en cours', 3),
(1395, 146, NULL, 45, 'exécution du premier forfait', 1),
(1396, 146, NULL, 45, 'Designer les maquettes', 1),
(1397, 146, 23, 45, 'récupération d’émail pour embauche via Github', 1),
(1398, 146, 69, 45, 'implémenter l\'export SINP', 3),
(1399, 146, 69, 45, 'gestion des droits client/projet', 1),
(1400, 146, 69, 45, 'réorganisation des protocoles (appli et backend', 1),
(1401, 148, 55, 45, 'traitement des retours de player de positions', 1),
(1402, 148, 4, 45, 'faire l\'amélioration du list of objects', 3),
(1403, 148, 4, 45, 'faire la reconfiguration des imports', 1),
(1404, 148, 4, 45, 'ajouter le filtre type thesaurus', 1),
(1405, 148, 4, 45, 'récupérer le max d\'infos pour la passation DL-> TL', 1),
(1406, 148, 67, 45, 'intégrer la page d\'accueil de position', 4),
(1407, 148, 79, 45, 'fixer les bugs', 1),
(1408, 148, NULL, 45, 'remonter le blog', 1),
(1409, 148, 13, 45, 'créer la plateforme de validation (web', 1),
(1410, 148, 13, 45, 'modifier le formulaire d\'observation', 1),
(1411, 148, 13, 45, 'Terminer le formulaire de saisie', 1),
(1412, 148, 13, 45, 'faire les maquettes des pages  accueil, validation, détails photo', 3),
(1413, 148, 85, 45, 'pouvoir inscrire un utilisateur', 1),
(1414, 148, 81, 45, 'fixer le bug de l\'apk', 3),
(1415, 148, 81, 45, 'livrer la version finale', 3),
(1416, 148, 81, 45, 'passer l\'appli sur IOS', 1),
(1417, 148, NULL, 45, 'forfait', 1),
(1418, 148, NULL, 45, 'débuter les maquettes GN interopérabilité', 1),
(1419, 148, NULL, 45, 'création du premier module (GN validation', 1),
(1420, 148, NULL, 45, 'traiter les retours des maquettes', 3),
(1421, 148, NULL, 45, 'GN validation gestion des vues, des utilisateurs', 3),
(1422, 148, NULL, 45, 'GN validation gestion des formulaires', 3),
(1423, 148, NULL, 45, 'GN validation mise en place des couches carto', 1),
(1424, 148, 69, 45, 'passation, comprendre le process d\'export SINP', 1),
(1425, 149, NULL, 45, 'étude de faisabilité de reconnaissance de parade', 1),
(1426, 149, 82, 45, 'rechercher une solution de packaging du système', 3),
(1427, 149, 82, 45, 'changer le système de rechargement de la balance', 1),
(1428, 149, 82, 45, 'choisir le nom du projet et créer le logo', 3),
(1429, 149, 78, 45, 'pouvoir récupérer les données de pivotal tracker', 1),
(1430, 149, 78, 45, 'implémenter l\'algorithme de devis', 3),
(1431, 149, 55, 45, 'rédaction de cahier de charges pour l\'outil de reconnaissance d\'outardes', 1),
(1432, 149, 55, 45, 'livrer le module caméra trap', 1),
(1433, 149, 20, 45, 'correction du calcul de l\'age des œufs', 1),
(1434, 149, 20, 45, 'vérifier la cohérence des fonts', 1),
(1435, 149, 20, 45, 'modification du système de contrôle des groupes', 1),
(1436, 149, 20, 45, 'conception de la version web des écrans de saisie (outil repro', 1),
(1437, 149, 20, 45, 'réalisation de la maquette designée et intégration sur Invision', 1),
(1438, 149, 67, 45, 'maquettage de la création d\'un évènement pour 1 ou plusieurs positions', 1),
(1439, 149, 67, 45, 'maquettage de l\'historisation des évènements', 1),
(1440, 149, 67, 45, 'maquettage  du formulaire de création d\'évènements', 3),
(1441, 149, 67, 45, 'maquettage de la consultation d\'un évènement', 1),
(1442, 149, 13, 45, 'étudier la problématique de la qualité des images en entrée de l\'application mobile', 4),
(1443, 149, 13, 45, 'traiter le max de retours (fix de bugs', 1),
(1444, 149, 13, 45, 'faire les maquettes des pages  accueil, validation, détails photo', 1),
(1445, 149, 4, 45, 'finir le list of objects', 1),
(1446, 149, 4, 45, 'tous les opérateurs de filtre sont fonctionnels', 3),
(1447, 149, 4, 45, 'faire l\'export excel', 1),
(1448, 149, 85, 45, 'deploiement de la demo sur Heroku', 1),
(1449, 149, 81, 45, 'livrer la version finale', 1),
(1450, 149, NULL, 45, 'mettre à jour les maquettes GN interopérabilité', 1),
(1451, 149, NULL, 45, 'GN validation gestion des formulaires', 1),
(1452, 149, 69, 45, 'traiter les retours de la demo', 1),
(1453, 149, 69, 45, 'régénérer la base pour l\'appli', 1),
(1454, 149, 87, 45, 'faire le zoning du site', 1),
(1455, 149, NULL, 45, 'faire la page d\'accueil de la maquette cliquable', 1),
(1456, 149, NULL, 45, 'rédiger un document de synthèse', 1),
(1457, 149, NULL, 45, 'se former aux concepts de base en python', 1),
(1458, 149, 83, 45, 'accorder la page existante à la charte graphique', 1),
(1459, 149, 83, 45, 'designer la page de la carte interactive', 1),
(1460, 149, 83, 45, 'designer la page de l\'observatoire de photos', 1),
(1461, 149, 3, 45, 'faire le premier modèle de reconnaissance de 11 espèces de fleurs du Frioul', 1),
(1462, 149, 3, 45, 'finir l\'ecobalade Rosporden', 1),
(1463, 149, 3, 45, 'finir la newsletter', 1),
(1464, 149, 3, 45, 'continuer à se familiariser à Instagram et faire progresser les réseaux sociaux Ecobalade', 1),
(1465, 150, NULL, 45, 'finir la page d\'accueil', 2),
(1466, 150, 20, 45, 'fixer le problème de sauvegarde de logs', 2),
(1467, 150, NULL, 45, 'vérification des configurations SQL', 3),
(1468, 150, NULL, 45, 'étudier l\'article sur la mesure des œufs', 3),
(1469, 150, 78, 45, 'corriger le parseur', 2),
(1470, 150, 78, 45, 'test de l\'algo de devis', 3),
(1471, 150, 78, 45, 'se former en Angular', 3),
(1472, 150, 4, 45, 'se familiariser avec l\'environnement ecoll (NF', 2),
(1473, 150, 4, 45, 'installation de l\'appli (HE', 1),
(1474, 150, 55, 45, 'se familiariser avec l\'environnement ecorelevé (NF', 2),
(1475, 150, 55, 45, 'intégration de la nouvelle maquette de caméra trap', 2),
(1476, 150, NULL, 45, 'gestion de la licence', 2),
(1477, 150, NULL, 45, 'création de formulaire standard', 2),
(1478, 150, NULL, 45, 'connexion avec la base de données', 3),
(1479, 150, NULL, 45, 'traiter les retours de la maquette', 2),
(1480, 150, 69, 45, 'stockage et affichage de photos', 2),
(1481, 150, NULL, 45, 'afficher les charts en plein écran', 1),
(1482, 150, NULL, 45, 'publier en test une version avec les retours de bugs du 04/05', 3),
(1483, 150, NULL, 45, 'revoir et intégrer le workflow de synchronisation des observations', 2),
(1484, 150, NULL, 45, 'Faire les retours de bugs de la dernière livraison de Phenoclim', 3),
(1485, 150, NULL, 45, 'Recentrer la carte des observations en fonction de paramètres dans l\'url', 3),
(1486, 150, 3, 45, 'effectuer les inventaires naturalistes pour les 3 ecobalades d\'Auxerre', 2),
(1487, 150, 3, 45, 'avoir un modèle de reconnaissance de fleurs fonctionnel', 2),
(1488, 150, 23, 45, 'publier un article sur les réseaux des neurones (blog NS', 2),
(1489, 150, 87, 45, 'traiter les retours du zoning', 2),
(1490, 150, 87, 45, 'faire la maquette', 2),
(1491, 150, 87, 45, 'implémenter le filtre de recherche', 2),
(1492, 150, 87, 45, 'implémenter la fiche taxon', 2),
(1493, 150, 85, 45, 'enregistrement de déclarations de plongée (backend', 2),
(1494, 150, 85, 45, 'intégration de la maquette authentification', 2),
(1495, 150, 85, 45, 'mise à jour de la page d’accueil', 2),
(1496, 150, 85, 45, 'affichage des déclarations de plongée', 2),
(1497, 150, NULL, 45, 'upload des fichiers utilisateurs', 1),
(1498, 150, NULL, 45, 'conversion en dataframe des fichiers utilisateurs selon différents formats (xls, xlsx, csv, ods, txt', 2),
(1499, 150, NULL, 45, 'datacleaning des fichiers importés', 2),
(1500, NULL, NULL, 45, 'faire une présentation de l\'outil de reconnaissance d\'outardes', 1),
(1501, NULL, NULL, 45, 'faire une présentation de l\'article pour mesurer les œufs', 1),
(1502, NULL, NULL, 45, 'analyse de Handsontable/Ag-grid', 1),
(1503, NULL, NULL, 45, 'Finir d\'intégrer la maquette de la page d\'accueil', 1),
(1504, NULL, NULL, 45, 'modifier les maquettes par rapport aux retours', 1),
(1505, NULL, NULL, 45, 'designer le formulaire de création d\'évènements', 3),
(1506, NULL, 20, 45, 'faire le POC Redis thesaurus', 3),
(1507, NULL, 4, 45, 'préparer une version à intégrer', 3),
(1508, NULL, 16, 45, 'avoir un générateur d\'export json normalisé', 3),
(1509, NULL, 55, 45, 'intégration des nouvelles maquettes pour caméra trap', 3),
(1510, NULL, 55, 45, 'intégrer les nouveaux pictos à la RenecoFont', 1),
(1511, NULL, 78, 45, 'générer un fichier de devis', 1),
(1512, NULL, 78, 45, 'passer l\'interface sous Angular', 1),
(1513, NULL, 78, 45, 'sauvegarder les objets après génération de devis', 1),
(1514, NULL, 82, 45, 'Prospection de matériel de commande et de batterie', 1),
(1515, NULL, 82, 45, 'faire le powerpoint des protocoles automatisables', 3),
(1516, NULL, 82, 45, 'construction et assemblage de la partie électronique', 1),
(1517, NULL, NULL, 45, 'optimiser les maquettes existantes', 1),
(1518, NULL, 3, 45, 'formation Angular et Drupal', 3),
(1519, NULL, 3, 45, 'modifier l\'appli ecobalade pour rajouter un bouton de prise de photo', 3),
(1520, NULL, 87, 45, 'traiter les retours pour le zoning', 1),
(1521, NULL, 87, 45, 'faire la maquette de la page d\'accueil', 3),
(1522, NULL, 84, 45, 'création et gestion de la base de données', 1),
(1523, NULL, 84, 45, 'gestion des exports et création d\'un job', 1),
(1524, NULL, 84, 45, 'avoir une démo fonctionnelle', 3),
(1525, NULL, 69, 45, 'suppression de photos', 1),
(1526, NULL, 69, 45, 'reprise de l\'export SINP', 3),
(1527, NULL, NULL, 45, 'Finir le prétraitement des données utilisateurs  interface utilisateur et gestion des erreurs', 1),
(1528, NULL, NULL, 45, 'développer l\'assistant de matching de colonnes', 3),
(1529, NULL, NULL, 45, 'installer la démo d\'écorelevé sur ovh', 1),
(1530, NULL, NULL, 45, 'livrer chart (min, max, avg', 1),
(1531, NULL, 13, 45, 'traiter les retours des maquettes', 1),
(1532, NULL, 13, 45, 'livrer une nouvelle version de la plateforme de validation', 1),
(1533, NULL, 13, 45, 'Corriger les bugs des tests du 22/05', 1),
(1534, NULL, 13, 45, 'Ajouter le profil (en lecture seul', 3),
(1535, NULL, 13, 45, 'Afficher les informations de mises à jour des observations (nombre de mise à jour et nombre de points', 3),
(1536, NULL, 13, 45, 'Faire les réunions de passation Orange', 1),
(1537, NULL, 13, 45, 'Faire les corrections du derniers devis', 1),
(1538, NULL, 13, 45, 'Ajouter un paramètre aux iframes cartographiques pour les recentrer sur une zone', 1),
(1539, NULL, 13, 45, 'Ajouter les traductions espagnol/catalan sur l\'application Django Phénoclim', 3),
(1540, NULL, 13, 45, 'Déployer Phénoclim en prod', 3),
(1541, NULL, 81, 45, 'publier l\'application sur les stores', 1),
(1542, NULL, 85, 45, 'importer les sites vers Postgis', 1),
(1543, NULL, 85, 45, 'développer le WS pour avoir les sites de plongée', 1),
(1544, NULL, 85, 45, 'affichage des sites avec leafletJs', 1),
(1545, NULL, 85, 45, 'designer la page de profil et statistiques', 1),
(1546, NULL, 85, 45, 'designer la page statique', 1),
(1547, NULL, 85, 45, 'intégrer les retours design suite à la réunion', 1),
(1548, NULL, 23, 45, 'boucler la plaquette Ns', 1),
(1549, NULL, 23, 45, 'faire une signature d\'emails', 3),
(1550, NULL, 4, 45, 'faire les maquettes des pages  accueil, détails d\'un échantillon, d\'un sujet', 1),
(1551, NULL, 4, 45, 'intégrer les maquettes', 5),
(1552, NULL, 4, 45, 'finaliser la version pour David', 5),
(1553, NULL, 67, 45, 'intégration des dernières modifications de maquettes', 1),
(1554, NULL, 78, 45, 'récupérer tous les objets front pour la facturation', 1),
(1555, NULL, 78, 45, 'modifier le processus de calcul pour la prise en compte de facturation', 1),
(1556, NULL, NULL, 45, 'implémentation d\'un programme pour détecter des images similaires (des photos de caméra trappe', 4),
(1557, NULL, NULL, 45, 'implémentation d\'un programme pour relever automatiquement les températures sur les bandeaux des photos d\'images issues de caméras trappe', 1),
(1558, NULL, NULL, 45, 'mettre à jour le cahier des charges pour l\'outil de reconnaissance d\'outarde', 1),
(1559, NULL, NULL, 45, 'ajouter une fonction au modèle de reconnaissance d\'outarde pour reconnaître plusieurs classes sur une même photo', 1),
(1560, NULL, 89, 45, 'faire l\'architecture', 1),
(1561, NULL, 89, 45, 'réalisation du diagramme de dépendance des tables vis-à-vis des règles', 1),
(1562, NULL, 89, 45, 'rédaction des spécifications des tables', 3),
(1563, NULL, 89, 45, 'immersion SQL-Server', 1),
(1564, NULL, 55, 45, 'Mise en place d\'un pré-filtrage des données pour la page individus (phase 1', 3),
(1565, NULL, 82, 45, 'Rédaction d\'une proposition d\'automatisation des protocoles', 3),
(1566, NULL, 82, 45, 'Finir l\'assemblage de la partie électronique et la sécuriser', 1),
(1567, NULL, NULL, 45, 'faire marcher auth0 sur safari', 1),
(1568, NULL, 79, 45, 'fix de bugs sur IOS', 1),
(1569, NULL, 79, 45, 'avoir une appli livrable', 1),
(1570, NULL, 3, 45, 'publier les 3 ecobalades d\'Auxerre', 2),
(1571, NULL, 3, 45, 'terminer les fiches espèces Bortoli', 2),
(1572, NULL, 3, 45, 'faire un modèle de reconnaissance d\'images de fleurs de la Sainte Victoire', 1),
(1573, NULL, 3, 45, 'faire un template de newsletter', 3),
(1574, NULL, 3, 45, 'modifier l\'infoviz du site et de la plaquette', 3),
(1575, NULL, 3, 45, 'mettre à jour le drupal', 3),
(1576, NULL, 69, 45, 'mettre à jour le module d\'export SINP', 1),
(1577, NULL, NULL, 45, 'demo  intégrer le formulaire d\'inscription des users', 1),
(1578, NULL, NULL, 45, 'demo  fixer les problèmes du nom de domaine', 1),
(1579, NULL, NULL, 45, 'demo  sécuriser le site (let\'s encrypt', 3),
(1580, NULL, NULL, 45, 'mettre en ligne une nouvelle version de l\'article sur le téléversement', 1),
(1581, NULL, NULL, 45, 'import  mise en correspondance des champs', 3),
(1582, NULL, NULL, 45, 'construction des champs SINP', 3),
(1583, NULL, 85, 45, 'duplication d\'une plongée', 1),
(1584, NULL, 85, 45, 'modification d\'une longée', 1),
(1585, NULL, 85, 45, 'avoir un script de déploiement de l\'application serveur sur Heroku', 3),
(1586, NULL, 85, 45, 'intégration des pages statiques', 1),
(1587, NULL, 87, 45, 'traiter les retours de zoning/ maquette', 3),
(1588, NULL, NULL, 45, 'terminer la fonction téléchargement de fichiers', 3),
(1589, NULL, NULL, 45, 'terminer le processus de moissonnage sur Etalab', 3),
(1590, NULL, NULL, 45, 'faire le logo', 3),
(1591, NULL, 1, 45, 'répondre à l\'AO Normandie pour une appli ABC', 3),
(1592, NULL, 1, 45, 'AO Jiwo  proposition de zoning', 4),
(1593, NULL, 13, 45, 'terminer les retours des maquettes', 1),
(1594, NULL, 13, 45, 'terminer la gamification (badges', 3),
(1595, NULL, 13, 45, 'faire une version prod plateforme', 1),
(1596, NULL, 13, 45, 'faire une version prod appli', 1),
(1597, NULL, 81, 45, 'chiffrer les taches pour le nouveau devis', 1),
(1598, NULL, 23, 45, 'outil scrum fixer le problème de date', 1),
(1599, NULL, 23, 45, 'outil scrum mettre à jour la base de données', 3),
(1600, NULL, 23, 45, 'outil scrum Fixer changement BurdownChart', 1),
(1601, NULL, 23, 45, 'outil scrum Améliorer la vue Scrum', 1),
(1602, NULL, 4, 45, 'intégration des nouvelles maquettes ecollection', 3),
(1603, NULL, 4, 45, 'finaliser la version de dev', 3),
(1604, NULL, 4, 45, 'modification des maquettes en fonction des commentaires de DBSupport', 1),
(1605, NULL, 20, 45, 'gestion des utilisateurs sur tous les sites', 1),
(1606, NULL, 20, 45, 'actualisation automatique des formulaires', 1),
(1607, NULL, 78, 45, 'débuter sur le design de l\'application', 1),
(1608, NULL, NULL, 45, 'installation des applications Reneco en local (MV', 1),
(1609, NULL, 89, 45, 'rédaction des spécifications des tables pour l\'étape de création des listes', 1),
(1610, NULL, 89, 45, 'analyse des éléments indispensables à la transposition', 3),
(1611, NULL, 89, 45, 'implémentation d\'un algorithme hongrois de couplage minimum', 4),
(1612, NULL, 89, 45, 'création du modèle de gestion des règles', 1),
(1613, NULL, 55, 45, 'tests des programmes d\'OCR et de reconnaissance d\'outarde sur Serveur2018', 1),
(1614, NULL, 55, 45, 'intégration de ces programmes dans ecorelevé', 3),
(1615, NULL, 55, 45, 'modification des maquettes en fonction des commentaires de DBSupport', 1),
(1616, NULL, 82, 45, 'fournir un fichier Excel exportable dans Track directement depuis le Rasp', 1),
(1617, NULL, 82, 45, 'fournir un fichier CSV importable dans le Raspberry Pi depuis SQL Serveur', 1),
(1618, NULL, 82, 45, 'établir la communication entre la balance et track', 1),
(1619, NULL, 82, 45, 'Vérification de l\'heure et mise à l\'heure automatique du Rasp', 3),
(1620, NULL, NULL, 45, 'remonter le Drupal sur un nouveau serveur (pré requis avoir un serveur', 3),
(1621, NULL, 13, 45, 'ajouter la carte des observations', 4),
(1622, NULL, 13, 45, 'créer la page détails des observations', 3),
(1623, NULL, 13, 45, 'faire fonctionner le camera/galerie sur Android 7 et 8', 3),
(1624, NULL, 13, 45, 'faire fonctionner sur iOS', 1),
(1625, NULL, 81, 45, 'Modifier l’algorithme de la lecture des couleurs des poids', 1),
(1626, NULL, 81, 45, 'Intégrer UPulse dans l\'application peekmotion', 1),
(1627, NULL, 81, 45, 'designer la pop-up des séances planifiées et séance libre', 1),
(1628, NULL, 3, 45, 'publier les 3 ecobalades d\'Auxerre', 1),
(1629, NULL, 3, 45, 'avoir un modèle de reconnaissance de fleurs fonctionnel', 1),
(1630, NULL, 3, 45, 'ajouter une page pour les CGU/RGPD', 1),
(1631, NULL, 3, 45, 'migrer le Drupal sur le nouveau serveur', 3),
(1632, NULL, NULL, 45, 'demo  mettre à jour le site (iframes SINP', 1),
(1633, NULL, NULL, 45, 'appli  mettre à jour le cycle de vie d\'un projet', 1);
INSERT INTO `objectif` (`id`, `id_Sprint`, `id_Projet`, `id_Employe`, `objectif`, `id_StatutObjectif`) VALUES
(1634, NULL, NULL, 45, 'SINP  créer les formulaires de correspondance des colonnes entre fichier utilisateur et standard SINP', 3),
(1635, NULL, NULL, 45, 'SINP  créer les objets géographiques simples (=latitude/longitude, commune, département, maille', 3),
(1636, NULL, NULL, 45, 'SINP  créer les objets chronologiques', 3),
(1637, NULL, NULL, 45, 'SINP  vérification des formats des colonnes avant exportation des données dans la bdd', 3),
(1638, NULL, 69, 45, 'appli  fixer le bug map', 1),
(1639, NULL, NULL, 45, 'sortir la V0', 3),
(1640, NULL, NULL, 45, 'terminer le logo', 3),
(1641, NULL, 86, 45, 'designer les maquettes pour l\'application mobile', 3),
(1642, NULL, 83, 45, 'effectuer les retours client sur les maquettes existantes', 1),
(1643, NULL, 83, 45, 'designer la page contributeur et fiche d\'un contributeur', 1),
(1644, NULL, 83, 45, 'lire le cahier des charges', 1),
(1645, NULL, 1, 45, 'parc Normandie  proposition de maquette', 1),
(1646, NULL, 23, 45, 'étudier et synthétiser l\'article sur la pesée des animaux par photographie', 1),
(1647, NULL, 23, 45, 'faire la réponse à l\'AO pour l\'appli Maine Normandie', 3),
(1648, NULL, 23, 45, 'trouver un design commun pour les signatures du staff', 1),
(1649, NULL, NULL, 45, 'système de card pour descendre les heures attribuées', 1),
(1650, NULL, NULL, 45, 'fixer dates \'minimum\' et \'maximum\' en fonction du sprint sélectionné lors de la descente d\'heures', 1),
(1651, NULL, NULL, 45, 'création de la page de gestion des objectifs', 1),
(1652, NULL, NULL, 45, 'rechercher les logos de tous les projets pour l\'appli', 3);

-- --------------------------------------------------------

--
-- Structure de la table `poste`
--

DROP TABLE IF EXISTS `poste`;
CREATE TABLE IF NOT EXISTS `poste` (
  `id` int(11) NOT NULL AUTO_INCREMENT,
  `nom` varchar(25) DEFAULT NULL,
  PRIMARY KEY (`id`)
) ENGINE=InnoDB DEFAULT CHARSET=latin1;

-- --------------------------------------------------------

--
-- Structure de la table `projet`
--

DROP TABLE IF EXISTS `projet`;
CREATE TABLE IF NOT EXISTS `projet` (
  `id` int(11) NOT NULL AUTO_INCREMENT,
  `nom` varchar(50) DEFAULT NULL,
  `couleur` varchar(25) DEFAULT NULL,
  `abreviation` varchar(5) DEFAULT NULL,
  `Logo` varchar(150) NOT NULL,
  `id_TypeProjet` int(11) DEFAULT NULL,
  PRIMARY KEY (`id`),
  KEY `FK_Projet_id_TypeProjet` (`id_TypeProjet`)
) ENGINE=InnoDB AUTO_INCREMENT=98 DEFAULT CHARSET=latin1;

--
-- Déchargement des données de la table `projet`
--

INSERT INTO `projet` (`id`, `nom`, `couleur`, `abreviation`, `Logo`, `id_TypeProjet`) VALUES
(1, 'AO', NULL, NULL, 'Inconnue.png', 5),
(2, 'PIM-Atlas', NULL, NULL, 'Inconnue.png', 5),
(3, 'ecoBalade', NULL, NULL, 'Ecobalade.png', 5),
(4, 'eCollection', NULL, NULL, 'Ecollection.png', 5),
(5, 'iFeedBird', NULL, NULL, 'Inconnue.png', 5),
(6, 'Multiprojets', NULL, NULL, 'Inconnue.png', 5),
(7, 'Data Centralization', NULL, NULL, 'Inconnue.png', 5),
(8, 'Tuyaux (Bonna)', NULL, NULL, 'Inconnue.png', 5),
(9, 'Noe', NULL, NULL, 'Inconnue.png', 5),
(10, 'ecoReleve Data', NULL, NULL, 'Inconnue.png', 5),
(11, 'eReleve', NULL, NULL, 'Inconnue.png', 5),
(12, 'Kitizen', NULL, NULL, 'Kitizen.png', 5),
(13, 'INPN', NULL, NULL, 'INPN.png', 5),
(14, 'Collier Loups', NULL, NULL, 'Inconnue.png', 5),
(15, 'BioLit', NULL, NULL, 'Inconnue.png', 5),
(16, 'FormBuilder', NULL, NULL, 'Formbuilder.png', 5),
(17, 'Sauvages de ma rue PACA', NULL, NULL, 'Inconnue.png', 5),
(18, 'Mycoflore', NULL, NULL, 'Inconnue.png', 5),
(19, 'Site Web NS', NULL, NULL, 'Inconnue.png', 5),
(20, 'TRACK', NULL, NULL, 'Inconnue.png', 5),
(21, 'Photomapping', NULL, NULL, 'Inconnue.png', 5),
(22, 'ButterflyId', NULL, NULL, 'Inconnue.png', 5),
(23, 'NS Interne', NULL, NULL, 'NS_interne.png', 5),
(24, 'Renecore Apps', NULL, NULL, 'Renecore.png', 5),
(25, 'Mon jardin', NULL, NULL, 'Mon_jardin_en_villle.png', 5),
(26, 'Green citizen', NULL, NULL, 'Inconnue.png', 5),
(27, 'Alerting App', NULL, NULL, 'Inconnue.png', 5),
(28, 'Futback', NULL, NULL, 'Futbak.png', 5),
(29, 'Sweet', NULL, NULL, 'Inconnue.png', 5),
(30, 'Aveyron nature', NULL, NULL, 'Inconnue.png', 5),
(31, 'Tout a pied', NULL, NULL, 'Inconnue.png', 5),
(32, 'ecoReleve Explorer', NULL, NULL, 'Inconnue.png', 5),
(33, 'Footback', NULL, NULL, 'Inconnue.png', 5),
(34, 'ecoReleve Core', NULL, NULL, 'Inconnue.png', 5),
(35, 'M-EOL', NULL, NULL, 'Inconnue.png', 5),
(36, 'Nature en Ville', NULL, NULL, 'Inconnue.png', 5),
(37, 'CAU13', NULL, NULL, 'Inconnue.png', 5),
(38, 'ecoReleve Glossaire', NULL, NULL, 'Inconnue.png', 5),
(39, 'ecoOnto', NULL, NULL, 'Inconnue.png', 5),
(40, 'geodiva', NULL, NULL, 'Inconnue.png', 5),
(41, 'GR2013 2.0', NULL, NULL, 'Inconnue.png', 5),
(42, 'Pocket', NULL, NULL, 'Inconnue.png', 5),
(43, 'Site Web Labs', NULL, NULL, 'Inconnue.png', 5),
(44, 'Armadillo', NULL, NULL, 'Inconnue.png', 5),
(45, 'PIM', NULL, NULL, 'Inconnue.png', 5),
(46, 'SIB', NULL, NULL, 'Inconnue.png', 5),
(47, 'ecoOnto-med', NULL, NULL, 'Inconnue.png', 5),
(48, 'ecoReleve Mobile', NULL, NULL, 'Inconnue.png', 5),
(49, 'Mica environnement', NULL, NULL, 'Inconnue.png', 5),
(50, 'Valo - LIF', NULL, NULL, 'Inconnue.png', 5),
(51, 'AAP FP7 environnement', NULL, NULL, 'Inconnue.png', 5),
(52, 'Carnet de plongee', NULL, NULL, 'Inconnue.png', 5),
(53, 'Curieux2Sciences', NULL, NULL, 'Inconnue.png', 5),
(54, 'EcoBalade Bidules', NULL, NULL, 'Inconnue.png', 5),
(55, 'ecoReleve', NULL, NULL, 'Ecoreleve.png', 5),
(56, 'ecoReleve Core/GIS', NULL, NULL, 'Inconnue.png', 5),
(57, 'eReleve-Release', NULL, NULL, 'Inconnue.png', 5),
(58, 'Faro', NULL, NULL, 'Inconnue.png', 5),
(59, 'MICA', NULL, NULL, 'Inconnue.png', 5),
(60, 'Open Data', NULL, NULL, 'Inconnue.png', 5),
(61, 'ANDD', NULL, NULL, 'Inconnue.png', 5),
(62, 'Sentiers sous-marins', NULL, NULL, 'Inconnue.png', 5),
(63, 'TeamBuildingEcoBalade_Bioblitz', NULL, NULL, 'Inconnue.png', 5),
(64, 'Marche des collines', NULL, NULL, 'Inconnue.png', 5),
(65, 'OCK', NULL, NULL, 'Inconnue.png', 5),
(66, 'Scrum', NULL, NULL, 'Scrum.png', 5),
(67, 'Position', NULL, NULL, 'Position.png', 5),
(68, 'Biotope', NULL, NULL, 'Inconnue.png', 5),
(69, 'Airele', NULL, NULL, 'Inconnue.png', 5),
(70, 'SECAFI', NULL, NULL, 'Inconnue.png', 5),
(71, 'Support', NULL, NULL, 'Inconnue.png', 5),
(72, 'Inconnu', NULL, NULL, 'Inconnue.png', 5),
(73, 'FEMS', NULL, NULL, 'Inconnue.png', 5),
(74, 'Creamontblanc', NULL, NULL, 'Inconnue.png', 5),
(75, 'Ouigreens', NULL, NULL, 'Inconnue.png', 5),
(76, 'Cistude', NULL, NULL, 'Inconnue.png', 5),
(77, 'Espaces verts', NULL, NULL, 'Inconnue.png', 5),
(78, 'Reneco devis', NULL, NULL, 'Inconnue.png', 5),
(79, 'Panda', NULL, NULL, 'Inconnue.png', 5),
(80, 'ONB', NULL, NULL, 'Inconnue.png', 5),
(81, 'PeekMotion', NULL, NULL, 'Inconnue.png', 5),
(82, 'Balance RFID', NULL, NULL, 'Inconnue.png', 5),
(83, 'Vanoise', NULL, NULL, 'Vanoise.png', 5),
(84, 'Geonature interoperabilite', NULL, NULL, 'Inconnue.png', 5),
(85, 'Capel', NULL, NULL, 'Capel.png', 5),
(86, 'Alfred', NULL, NULL, 'Inconnue.png', 5),
(87, 'CITES', NULL, NULL, 'Inconnue.png', 5),
(88, 'SINP-Espaces verts', NULL, NULL, 'Inconnue.png', 5),
(89, 'Appli repro', NULL, NULL, 'Inconnue.png', 1),
(90, 'ScrumPlaning', NULL, NULL, 'Inconnue.png', 5),
(91, 'Bouquetins', NULL, NULL, 'Inconnue.png', 5),
(92, 'IUCN', NULL, NULL, 'inconnue.png', 5),
(94, 'Geonature validation', NULL, NULL, 'Inconnue.png', 5),
(95, 'Mission nature', NULL, NULL, 'Inconnue.png', 2),
(96, 'Geonature habitats', NULL, NULL, 'Inconnue.png', 5),
(97, 'Spygen', NULL, NULL, 'Inconnue.png', 5);

-- --------------------------------------------------------

--
-- Structure de la table `retrospective`
--

DROP TABLE IF EXISTS `retrospective`;
CREATE TABLE IF NOT EXISTS `retrospective` (
  `id` int(11) NOT NULL AUTO_INCREMENT,
  `Label` varchar(250) NOT NULL,
  `DateCreation` date NOT NULL,
  `DateFini` date DEFAULT NULL,
  PRIMARY KEY (`id`)
) ENGINE=MyISAM AUTO_INCREMENT=19 DEFAULT CHARSET=latin1;

--
-- Déchargement des données de la table `retrospective`
--

INSERT INTO `retrospective` (`id`, `Label`, `DateCreation`, `DateFini`) VALUES
(4, 'Repeinte de mur pour améliorer la ambiance/couleur du bureau?????', '2018-07-27', NULL),
(5, 'Améliorer la culture (sortie, expo, techno, vision groupée, art biodi)', '2018-07-27', NULL),
(6, 'Acheter des ventilos, c moins cher et + ecolo', '2018-07-27', '2018-09-21'),
(7, '!!! Faites l\'effort d\'eteindre la lumière si elle n\'est pas utilisée !!!', '2018-07-27', '2018-10-05'),
(9, 'télétravail : informer à l\'avance. L\'utiliser avec parsimonie', '2018-08-10', NULL),
(11, 'Passer le scrum manager sur un serveur externe', '2018-08-24', NULL),
(12, 'Le bouton de suppression de remarques de Scrum Manager ne marche pas (bah bravo !)', '2018-08-24', '2018-09-21'),
(13, 'Ajouter un total d\'heures d\'interférences sur Scrum Manager', '2018-08-24', '2018-09-21'),
(14, 'FAIRE LA VAISSELLE', '2018-10-01', '2018-10-05'),
(15, 'faire la vaisselle', '2018-10-05', NULL),
(16, '!!! Faites l\'effort d\'eteindre la lumière si elle n\'est pas utilisée !!!	', '2018-10-05', NULL),
(17, 'Eteindre les multiprises', '2018-10-19', NULL),
(18, 'Suivre le design par le développeur en début de projet, avant validation client', '2018-10-19', NULL);

-- --------------------------------------------------------

--
-- Structure de la table `sprint`
--

DROP TABLE IF EXISTS `sprint`;
CREATE TABLE IF NOT EXISTS `sprint` (
  `id` int(11) NOT NULL AUTO_INCREMENT,
  `numero` int(10) DEFAULT NULL,
  `dateDebut` date DEFAULT NULL,
  `dateFin` date DEFAULT NULL,
  `attribuable` int(250) NOT NULL,
  PRIMARY KEY (`id`)
) ENGINE=InnoDB AUTO_INCREMENT=151 DEFAULT CHARSET=latin1;

--
-- Déchargement des données de la table `sprint`
--

INSERT INTO `sprint` (`id`, `numero`, `dateDebut`, `dateFin`, `attribuable`) VALUES
(3, 145, '2018-07-16', '2018-07-30', 60),
(5, 146, '2018-07-30', '2018-08-10', 61),
(6, 147, '2018-08-13', '2018-08-24', 53),
(7, 148, '2018-08-27', '2018-09-07', 60),
(8, 149, '2018-09-10', '2018-09-21', 60),
(9, 150, '2018-09-24', '2018-10-05', 60),
(10, 151, '2018-10-08', '2018-10-19', 60),
(11, 152, '2018-10-22', '2018-11-05', 60),
(12, 153, '2018-11-05', '2018-11-19', 60),
(13, 1, '2012-09-17', '2012-09-28', 60),
(14, 2, '2012-09-17', '2012-09-28', 60),
(15, 3, '2012-10-01', '2012-10-12', 60),
(16, 4, '2012-10-15', '2012-10-26', 60),
(17, 5, '2012-10-29', '2012-11-09', 60),
(18, 6, '2012-11-12', '2012-11-23', 60),
(19, 7, '2012-11-26', '2012-12-07', 60),
(20, 8, '2012-12-10', '2012-12-21', 60),
(21, 10, '2013-01-07', '2013-01-18', 60),
(22, 11, '2013-01-21', '2013-02-01', 60),
(23, 12, '2013-02-04', '2013-02-15', 60),
(24, 13, '2013-02-18', '2013-03-01', 60),
(25, 14, '2013-03-04', '2013-03-15', 60),
(26, 15, '2013-03-18', '2013-03-29', 60),
(27, 16, '2013-04-01', '2013-04-12', 60),
(28, 17, '2013-04-15', '2013-04-26', 60),
(29, 18, '2013-04-29', '2013-05-10', 60),
(30, 19, '2013-05-13', '2013-05-24', 60),
(31, 20, '2013-05-27', '2013-06-07', 60),
(32, 21, '2013-06-10', '2013-06-21', 60),
(33, 22, '2013-06-24', '2013-07-05', 60),
(34, 23, '2013-07-08', '2013-07-19', 60),
(35, 24, '2013-07-22', '2013-08-02', 60),
(36, 25, '2013-08-05', '2013-08-16', 60),
(37, 26, '2013-08-19', '2013-08-30', 60),
(38, 27, '2013-09-09', '2013-09-20', 60),
(39, 28, '2013-09-23', '2013-10-04', 60),
(40, 29, '2013-10-07', '2013-10-18', 60),
(41, 30, '2013-10-21', '2013-11-01', 60),
(42, 31, '2013-11-11', '2013-11-22', 60),
(43, 32, '2013-11-25', '2013-12-06', 60),
(44, 33, '2013-12-09', '2013-12-20', 60),
(45, 34, '2014-01-13', '2014-01-24', 60),
(46, 35, '2014-01-27', '2014-02-07', 60),
(47, 36, '2014-02-10', '2014-02-21', 60),
(48, 37, '2014-02-24', '2014-03-07', 60),
(49, 38, '2014-03-10', '2014-03-21', 60),
(50, 39, '2014-03-24', '2014-04-04', 60),
(51, 40, '2014-04-14', '2014-04-25', 60),
(52, 41, '2014-04-28', '2014-05-09', 60),
(53, 42, '2014-05-12', '2014-05-23', 60),
(54, 43, '2014-05-26', '2014-06-06', 60),
(55, 44, '2014-06-09', '2014-06-20', 60),
(56, 45, '2014-06-23', '2014-07-04', 60),
(57, 46, '2014-07-14', '2014-07-25', 60),
(58, 47, '2014-07-28', '2014-08-08', 60),
(59, 48, '2014-08-18', '2014-08-29', 60),
(60, 49, '2014-09-01', '2014-09-12', 60),
(61, 50, '2014-09-15', '2014-09-26', 60),
(62, 51, '2014-09-29', '2014-10-10', 60),
(63, 52, '2014-10-20', '2014-10-31', 60),
(64, 53, '2014-11-03', '2014-10-14', 60),
(65, 54, '2014-11-17', '2014-11-28', 60),
(66, 55, '2014-12-01', '2014-12-12', 60),
(67, 56, '2014-12-15', '2015-01-02', 60),
(68, 57, '2015-01-05', '2014-01-16', 60),
(69, 58, '2015-01-19', '2015-01-30', 60),
(70, 59, '2015-02-02', '2015-02-13', 60),
(71, 60, '2015-02-16', '2015-02-27', 60),
(72, 61, '2015-03-02', '2015-03-13', 60),
(73, 62, '2015-03-23', '2015-04-03', 60),
(74, 63, '2015-04-06', '2015-04-17', 60),
(75, 64, '2015-04-20', '2015-05-01', 60),
(76, 65, '2015-05-04', '2015-05-15', 60),
(77, 66, '2015-05-18', '2015-05-29', 60),
(78, 67, '2015-06-01', '2015-06-12', 60),
(79, 68, '2015-06-15', '2015-06-26', 60),
(80, 69, '2015-06-29', '2015-07-10', 60),
(81, 70, '2015-07-13', '2015-07-24', 60),
(82, 71, '2015-07-27', '2015-08-07', 60),
(83, 72, '2015-08-10', '2015-08-21', 60),
(84, 73, '2015-08-24', '2015-09-04', 60),
(85, 74, '2015-09-07', '2015-09-18', 60),
(86, 75, '2015-09-21', '2015-10-02', 60),
(87, 76, '2015-10-05', '2015-10-16', 60),
(88, 77, '2015-10-19', '2015-10-30', 60),
(89, 78, '2015-11-02', '2015-11-13', 60),
(90, 79, '2015-11-16', '2015-11-27', 60),
(91, 80, '2015-11-30', '2015-12-11', 60),
(92, 81, '2015-12-14', '2015-12-31', 60),
(93, 82, '2016-01-04', '2016-01-15', 60),
(94, 83, '2016-01-18', '2016-01-29', 60),
(95, 84, '2016-02-01', '2016-02-12', 60),
(96, 85, '2016-02-15', '2016-02-26', 60),
(97, 86, '2016-02-29', '2016-03-11', 60),
(98, 87, '2016-03-21', '2016-04-01', 60),
(99, 88, '2016-04-04', '2016-04-15', 60),
(100, 89, '2016-04-18', '2016-04-29', 60),
(101, 90, '2016-05-02', '2016-05-13', 60),
(102, 91, '2016-05-16', '2016-05-27', 60),
(103, 92, '2016-05-30', '2016-06-10', 60),
(104, 93, '2016-06-13', '2016-06-24', 60),
(105, 94, '2016-06-27', '2016-07-08', 60),
(106, 95, '2016-07-11', '2016-07-22', 60),
(107, 96, '2016-07-25', '2016-08-05', 60),
(108, 97, '2016-08-22', '2016-09-02', 60),
(109, 98, '2016-09-05', '2016-09-16', 60),
(110, 99, '2016-09-19', '2016-09-30', 60),
(111, 100, '2016-10-03', '2016-10-14', 60),
(112, 101, '2016-10-17', '2016-10-28', 60),
(113, 102, '2016-10-31', '2016-11-11', 60),
(114, 103, '2016-11-14', '2016-11-25', 60),
(115, 104, '2016-11-28', '2016-12-09', 60),
(116, 105, '2016-12-12', '2016-12-23', 60),
(117, 106, '2017-01-02', '2017-01-13', 60),
(118, 107, '2017-01-16', '2017-01-27', 60),
(119, 108, '2017-01-30', '2017-02-10', 60),
(120, 109, '2017-02-13', '2017-02-24', 60),
(121, 110, '2017-02-27', '2017-03-10', 60),
(122, 111, '2017-03-13', '2017-03-24', 60),
(123, 112, '2017-03-27', '2017-04-07', 60),
(124, 113, '2017-04-10', '2017-04-21', 60),
(125, 114, '2017-04-24', '2017-05-05', 60),
(126, 115, '2017-05-08', '2017-05-19', 60),
(127, 116, '2017-05-22', '2017-06-02', 60),
(128, 117, '2017-06-05', '2017-05-16', 60),
(129, 118, '2017-06-19', '2017-06-30', 60),
(130, 119, '2017-07-03', '2017-07-14', 60),
(131, 120, '2017-07-17', '2017-07-28', 60),
(132, 121, '2017-07-31', '2017-08-11', 60),
(133, 122, '2017-08-21', '2017-09-01', 60),
(134, 123, '2017-09-04', '2017-08-15', 60),
(135, 124, '2017-09-18', '2017-08-29', 60),
(136, 125, '2017-10-02', '2017-10-13', 60),
(137, 126, '2017-10-16', '2017-10-27', 60),
(138, 127, '2017-10-30', '2017-11-10', 60),
(139, 128, '2017-11-13', '2017-11-24', 60),
(140, 129, '2017-11-27', '2017-11-08', 60),
(141, 131, '2018-01-01', '2018-01-12', 60),
(142, 132, '2018-01-15', '2017-12-26', 60),
(143, 133, '2018-01-29', '2018-02-09', 60),
(144, 134, '2018-02-12', '2018-02-23', 60),
(145, 135, '2018-02-26', '2018-03-09', 60),
(146, 136, '2018-03-12', '2018-03-23', 60),
(147, 137, '2018-03-26', '2018-04-06', 60),
(148, 138, '2018-04-09', '2018-04-20', 60),
(149, 139, '2018-04-23', '2018-05-04', 60),
(150, 140, '2018-05-07', '2018-05-18', 60);

-- --------------------------------------------------------

--
-- Structure de la table `statutdemo`
--

DROP TABLE IF EXISTS `statutdemo`;
CREATE TABLE IF NOT EXISTS `statutdemo` (
  `id` int(11) NOT NULL AUTO_INCREMENT,
  `nom` varchar(25) DEFAULT NULL,
  `couleur` varchar(25) DEFAULT NULL,
  PRIMARY KEY (`id`)
) ENGINE=InnoDB DEFAULT CHARSET=latin1;

-- --------------------------------------------------------

--
-- Structure de la table `statutobjectif`
--

DROP TABLE IF EXISTS `statutobjectif`;
CREATE TABLE IF NOT EXISTS `statutobjectif` (
  `id` int(11) NOT NULL AUTO_INCREMENT,
  `nom` varchar(50) DEFAULT NULL,
  `couleur` varchar(25) DEFAULT NULL,
  PRIMARY KEY (`id`)
) ENGINE=InnoDB AUTO_INCREMENT=6 DEFAULT CHARSET=latin1;

--
-- Déchargement des données de la table `statutobjectif`
--

INSERT INTO `statutobjectif` (`id`, `nom`, `couleur`) VALUES
(1, 'Ok', '#95D972'),
(2, 'En cours', '#E88648'),
(3, 'Non', '#E8514E'),
(4, 'Annule', '#424242'),
(5, '?', '#007bff');

-- --------------------------------------------------------

--
-- Structure de la table `typeemploye`
--

DROP TABLE IF EXISTS `typeemploye`;
CREATE TABLE IF NOT EXISTS `typeemploye` (
  `id` int(11) NOT NULL AUTO_INCREMENT,
  `nom` varchar(25) DEFAULT NULL,
  PRIMARY KEY (`id`)
) ENGINE=InnoDB AUTO_INCREMENT=7 DEFAULT CHARSET=latin1;

--
-- Déchargement des données de la table `typeemploye`
--

INSERT INTO `typeemploye` (`id`, `nom`) VALUES
(1, 'Graphiste'),
(2, 'Designer'),
(3, 'Developpeur'),
(4, 'ChefProjet'),
(5, 'Naturaliste'),
(6, 'ScrumMaster');

-- --------------------------------------------------------

--
-- Structure de la table `typeinterference`
--

DROP TABLE IF EXISTS `typeinterference`;
CREATE TABLE IF NOT EXISTS `typeinterference` (
  `id` int(11) NOT NULL AUTO_INCREMENT,
  `nom` varchar(25) DEFAULT NULL,
  PRIMARY KEY (`id`)
) ENGINE=InnoDB AUTO_INCREMENT=7 DEFAULT CHARSET=latin1;

--
-- Déchargement des données de la table `typeinterference`
--

INSERT INTO `typeinterference` (`id`, `nom`) VALUES
(1, 'Interferences'),
(2, 'Absence'),
(3, 'Help'),
(4, 'Bugs'),
(5, 'Interruption'),
(6, 'RAB');

-- --------------------------------------------------------

--
-- Structure de la table `typeprojet`
--

DROP TABLE IF EXISTS `typeprojet`;
CREATE TABLE IF NOT EXISTS `typeprojet` (
  `id` int(11) NOT NULL AUTO_INCREMENT,
  `nom` varchar(25) DEFAULT NULL,
  `couleur` varchar(25) DEFAULT NULL,
  PRIMARY KEY (`id`)
) ENGINE=InnoDB AUTO_INCREMENT=6 DEFAULT CHARSET=latin1;

--
-- Déchargement des données de la table `typeprojet`
--

INSERT INTO `typeprojet` (`id`, `nom`, `couleur`) VALUES
(1, 'Reneco', NULL),
(2, 'SciencesParticipatives', NULL),
(3, 'Industriel', NULL),
(4, 'ProduitEditeur', NULL),
(5, 'Autres', NULL);

-- --------------------------------------------------------

--
-- Structure de la table `typetache`
--

DROP TABLE IF EXISTS `typetache`;
CREATE TABLE IF NOT EXISTS `typetache` (
  `id` int(11) NOT NULL AUTO_INCREMENT,
  `nom` varchar(25) DEFAULT NULL,
  `couleur` varchar(7) DEFAULT NULL,
  PRIMARY KEY (`id`)
) ENGINE=InnoDB AUTO_INCREMENT=11 DEFAULT CHARSET=latin1;

--
-- Déchargement des données de la table `typetache`
--

INSERT INTO `typetache` (`id`, `nom`, `couleur`) VALUES
(1, 'Réunion', '#92D050'),
(2, 'Support', '#FFFF00'),
(3, 'Scrum', '#FF0000'),
(4, 'CP', '#388194'),
(5, 'Conf/Rdv/Formation/Ecole', '#B9CDE5'),
(6, 'Joker', '#8064A2'),
(7, 'Hors sprint', '#774847'),
(8, 'Mission', '#F79646'),
(9, 'Férié', '#373737'),
(10, 'Admin', '#fec4ff');

-- --------------------------------------------------------

--
-- Doublure de structure pour la vue `vburndown`
-- (Voir ci-dessous la vue réelle)
--
DROP VIEW IF EXISTS `vburndown`;
CREATE TABLE IF NOT EXISTS `vburndown` (
`id_Sprint` int(11)
,`Date` date
,`HeuresTotalDescendues` decimal(25,0)
,`HeureTotalAttribuées` decimal(27,0)
,`HeuresDescenduesParJour` decimal(25,0)
,`burnDownHour` decimal(48,0)
);

-- --------------------------------------------------------

--
-- Doublure de structure pour la vue `vvheuresdescendues`
-- (Voir ci-dessous la vue réelle)
--
DROP VIEW IF EXISTS `vvheuresdescendues`;
CREATE TABLE IF NOT EXISTS `vvheuresdescendues` (
`id_Sprint` int(11)
,`Date` date
,`HeuresTotalDescendues` decimal(25,0)
,`HeureTotalAttribuées` decimal(27,0)
,`HeuresDescenduesParJour` decimal(25,0)
);

-- --------------------------------------------------------

--
-- Structure de la vue `vburndown`
--
DROP TABLE IF EXISTS `vburndown`;

CREATE ALGORITHM=UNDEFINED DEFINER=`root`@`localhost` SQL SECURITY DEFINER VIEW `vburndown`  AS  select `v`.`id_Sprint` AS `id_Sprint`,`v`.`Date` AS `Date`,`v`.`HeuresTotalDescendues` AS `HeuresTotalDescendues`,`v`.`HeureTotalAttribuées` AS `HeureTotalAttribuées`,`v`.`HeuresDescenduesParJour` AS `HeuresDescenduesParJour`,(select (`v`.`HeureTotalAttribuées` - sum(`v2`.`HeuresDescenduesParJour`)) from `vvheuresdescendues` `v2` where ((`v`.`Date` >= `v2`.`Date`) and (`v`.`id_Sprint` = `v2`.`id_Sprint`)) group by `v`.`id_Sprint`) AS `burnDownHour` from `vvheuresdescendues` `v` order by `v`.`Date` ;

-- --------------------------------------------------------

--
-- Structure de la vue `vvheuresdescendues`
--
DROP TABLE IF EXISTS `vvheuresdescendues`;

CREATE ALGORITHM=UNDEFINED DEFINER=`root`@`localhost` SQL SECURITY DEFINER VIEW `vvheuresdescendues`  AS  select `hd0`.`id_Sprint` AS `id_Sprint`,`hd0`.`DateDescendu` AS `Date`,(select sum(`hd1`.`heure`) from `heuresdescendues` `hd1` where (`hd1`.`id_Sprint` = `hd0`.`id_Sprint`) group by `hd1`.`id_Sprint`) AS `HeuresTotalDescendues`,(select sum(`a1`.`heure`) from `attribution` `a1` where ((`a1`.`id_Sprint` = `hd0`.`id_Sprint`) and isnull(`a1`.`id_TypeTache`)) group by `a1`.`id_Sprint`) AS `HeureTotalAttribuées`,(select sum(`hd3`.`heure`) from `heuresdescendues` `hd3` where ((`hd3`.`id_Sprint` = `hd0`.`id_Sprint`) and (`hd3`.`DateDescendu` = `hd0`.`DateDescendu`)) group by `hd3`.`DateDescendu`) AS `HeuresDescenduesParJour` from `heuresdescendues` `hd0` group by `hd0`.`DateDescendu`,`hd0`.`id_Sprint` ;

--
-- Contraintes pour les tables déchargées
--

--
-- Contraintes pour la table `attribution`
--
ALTER TABLE `attribution`
  ADD CONSTRAINT `FK_Attribution_id_Caracteristiques` FOREIGN KEY (`id_Caracteristiques`) REFERENCES `caracteristiques` (`id`) ON DELETE CASCADE,
  ADD CONSTRAINT `FK_Attribution_id_Employe` FOREIGN KEY (`id_Employe`) REFERENCES `employe` (`id`) ON DELETE CASCADE,
  ADD CONSTRAINT `FK_Attribution_id_Projet` FOREIGN KEY (`id_Projet`) REFERENCES `projet` (`id`) ON DELETE CASCADE,
  ADD CONSTRAINT `FK_Attribution_id_Sprint` FOREIGN KEY (`id_Sprint`) REFERENCES `sprint` (`id`) ON DELETE CASCADE,
  ADD CONSTRAINT `FK_Attribution_id_TypeTache` FOREIGN KEY (`id_TypeTache`) REFERENCES `typetache` (`id`) ON DELETE CASCADE;

--
-- Contraintes pour la table `demo`
--
ALTER TABLE `demo`
  ADD CONSTRAINT `FK_Demo_id_Employe` FOREIGN KEY (`id_Employe`) REFERENCES `employe` (`id`) ON DELETE CASCADE,
  ADD CONSTRAINT `FK_Demo_id_StatutDemo` FOREIGN KEY (`id_StatutDemo`) REFERENCES `statutdemo` (`id`) ON DELETE CASCADE;

--
-- Contraintes pour la table `disponible`
--
ALTER TABLE `disponible`
  ADD CONSTRAINT `FK_Disponible_id_Employe` FOREIGN KEY (`id_Employe`) REFERENCES `employe` (`id`) ON DELETE CASCADE,
  ADD CONSTRAINT `FK_Disponible_id_Sprint` FOREIGN KEY (`id_Sprint`) REFERENCES `sprint` (`id`) ON DELETE CASCADE;

--
-- Contraintes pour la table `employe`
--
ALTER TABLE `employe`
  ADD CONSTRAINT `FK_Employe_id_Poste` FOREIGN KEY (`id_Poste`) REFERENCES `poste` (`id`) ON DELETE CASCADE,
  ADD CONSTRAINT `FK_Employe_id_TypeEmploye` FOREIGN KEY (`id_TypeEmploye`) REFERENCES `typeemploye` (`id`) ON DELETE CASCADE;

--
-- Contraintes pour la table `employe_projet`
--
ALTER TABLE `employe_projet`
  ADD CONSTRAINT `FK_Employe_Projet_id_Employe` FOREIGN KEY (`id_Employe`) REFERENCES `employe` (`id`) ON DELETE CASCADE,
  ADD CONSTRAINT `FK_Employe_Projet_id_Projet` FOREIGN KEY (`id_Projet`) REFERENCES `projet` (`id`) ON DELETE CASCADE;

--
-- Contraintes pour la table `heuresdescendues`
--
ALTER TABLE `heuresdescendues`
  ADD CONSTRAINT `FK_HeuresDescendues_id_Employe` FOREIGN KEY (`id_Employe`) REFERENCES `employe` (`id`) ON DELETE CASCADE,
  ADD CONSTRAINT `FK_HeuresDescendues_id_Projet` FOREIGN KEY (`id_Projet`) REFERENCES `projet` (`id`) ON DELETE CASCADE,
  ADD CONSTRAINT `FK_HeuresDescendues_id_Sprint` FOREIGN KEY (`id_Sprint`) REFERENCES `sprint` (`id`) ON DELETE CASCADE,
  ADD CONSTRAINT `heuresdescendues_ibfk_1` FOREIGN KEY (`id_Attribution`) REFERENCES `attribution` (`id`) ON DELETE CASCADE;

--
-- Contraintes pour la table `interference`
--
ALTER TABLE `interference`
  ADD CONSTRAINT `FK_Interference_id_Employe` FOREIGN KEY (`id_Employe`) REFERENCES `employe` (`id`) ON DELETE CASCADE,
  ADD CONSTRAINT `FK_Interference_id_Projet` FOREIGN KEY (`id_Projet`) REFERENCES `projet` (`id`) ON DELETE CASCADE,
  ADD CONSTRAINT `FK_Interference_id_Sprint` FOREIGN KEY (`id_Sprint`) REFERENCES `sprint` (`id`) ON DELETE CASCADE,
  ADD CONSTRAINT `FK_Interference_id_TypeInterference` FOREIGN KEY (`id_TypeInterference`) REFERENCES `typeinterference` (`id`) ON DELETE CASCADE;

--
-- Contraintes pour la table `objectif`
--
ALTER TABLE `objectif`
  ADD CONSTRAINT `FK_Objectif_id_StatutObjectif` FOREIGN KEY (`id_StatutObjectif`) REFERENCES `statutobjectif` (`id`) ON DELETE CASCADE,
  ADD CONSTRAINT `objectif_ibfk_1` FOREIGN KEY (`id_Sprint`) REFERENCES `sprint` (`id`) ON DELETE CASCADE ON UPDATE CASCADE,
  ADD CONSTRAINT `objectif_ibfk_2` FOREIGN KEY (`id_Projet`) REFERENCES `projet` (`id`) ON DELETE CASCADE ON UPDATE CASCADE;

--
-- Contraintes pour la table `projet`
--
ALTER TABLE `projet`
  ADD CONSTRAINT `FK_Projet_id_TypeProjet` FOREIGN KEY (`id_TypeProjet`) REFERENCES `typeprojet` (`id`) ON DELETE CASCADE;
COMMIT;

/*!40101 SET CHARACTER_SET_CLIENT=@OLD_CHARACTER_SET_CLIENT */;
/*!40101 SET CHARACTER_SET_RESULTS=@OLD_CHARACTER_SET_RESULTS */;
/*!40101 SET COLLATION_CONNECTION=@OLD_COLLATION_CONNECTION */;
